faq_id,question,answer,category,related_role,related_skill,difficulty,keywords
FAQ0001,What should I know about skills for ROLE002?,"To prepare for ROLE002, focus on mastering SK002, build projects, complete relevant courses, practice interview questions, and maintain a strong portfolio.",Skills,ROLE002,SK002,Intermediate,"Skills, ROLE002, SK002, career guidance"
FAQ0002,What should I know about placements for ROLE003?,"To prepare for ROLE003, focus on mastering SK003, build projects, complete relevant courses, practice interview questions, and maintain a strong portfolio.",Placements,ROLE003,SK003,Advanced,"Placements, ROLE003, SK003, career guidance"
FAQ0003,What should I know about ai for ROLE004?,"To prepare for ROLE004, focus on mastering SK004, build projects, complete relevant courses, practice interview questions, and maintain a strong portfolio.",AI,ROLE004,SK004,Beginner,"AI, ROLE004, SK004, career guidance"
FAQ0004,What should I know about cloud for ROLE005?,"To prepare for ROLE005, focus on mastering SK005, build projects, complete relevant courses, practice interview questions, and maintain a strong portfolio.",Cloud,ROLE005,SK005,Intermediate,"Cloud, ROLE005, SK005, career guidance"
FAQ0005,What should I know about data science for ROLE006?,"To prepare for ROLE006, focus on mastering SK006, build projects, complete relevant courses, practice interview questions, and maintain a strong portfolio.",Data Science,ROLE006,SK006,Advanced,"Data Science, ROLE006, SK006, career guidance"
FAQ0006,What should I know about resume for ROLE007?,"To prepare for ROLE007, focus on mastering SK007, build projects, complete relevant courses, practice interview questions, and maintain a strong portfolio.",Resume,ROLE007,SK007,Beginner,"Resume, ROLE007, SK007, career guidance"
FAQ0007,What should I know about interview for ROLE008?,"To prepare for ROLE008, focus on mastering SK008, build projects, complete relevant courses, practice interview questions, and maintain a strong portfolio.",Interview,ROLE008,SK008,Intermediate,"Interview, ROLE008, SK008, career guidance"
FAQ0008,What should I know about certification for ROLE009?,"To prepare for ROLE009, focus on mastering SK009, build projects, complete relevant courses, practice interview questions, and maintain a strong portfolio.",Certification,ROLE009,SK009,Advanced,"Certification, ROLE009, SK009, career guidance"
FAQ0009,What should I know about projects for ROLE010?,"To prepare for ROLE010, focus on mastering SK010, build projects, complete relevant courses, practice interview questions, and maintain a strong portfolio.",Projects,ROLE010,SK010,Beginner,"Projects, ROLE010, SK010, career guidance"
FAQ0010,What should I know about career for ROLE011?,"To prepare for ROLE011, focus on mastering SK011, build projects, complete relevant courses, practice interview questions, and maintain a strong portfolio.",Career,ROLE011,SK011,Intermediate,"Career, ROLE011, SK011, career guidance"
FAQ0011,What should I know about skills for ROLE012?,"To prepare for ROLE012, focus on mastering SK012, build projects, complete relevant courses, practice interview questions, and maintain a strong portfolio.",Skills,ROLE012,SK012,Advanced,"Skills, ROLE012, SK012, career guidance"
FAQ0012,What should I know about placements for ROLE013?,"To prepare for ROLE013, focus on mastering SK013, build projects, complete relevant courses, practice interview questions, and maintain a strong portfolio.",Placements,ROLE013,SK013,Beginner,"Placements, ROLE013, SK013, career guidance"
FAQ0013,What should I know about ai for ROLE014?,"To prepare for ROLE014, focus on mastering SK014, build projects, complete relevant courses, practice interview questions, and maintain a strong portfolio.",AI,ROLE014,SK014,Intermediate,"AI, ROLE014, SK014, career guidance"
FAQ0014,What should I know about cloud for ROLE015?,"To prepare for ROLE015, focus on mastering SK015, build projects, complete relevant courses, practice interview questions, and maintain a strong portfolio.",Cloud,ROLE015,SK015,Advanced,"Cloud, ROLE015, SK015, career guidance"
FAQ0015,What should I know about data science for ROLE016?,"To prepare for ROLE016, focus on mastering SK016, build projects, complete relevant courses, practice interview questions, and maintain a strong portfolio.",Data Science,ROLE016,SK016,Beginner,"Data Science, ROLE016, SK016, career guidance"
FAQ0016,What should I know about resume for ROLE017?,"To prepare for ROLE017, focus on mastering SK017, build projects, complete relevant courses, practice interview questions, and maintain a strong portfolio.",Resume,ROLE017,SK017,Intermediate,"Resume, ROLE017, SK017, career guidance"
FAQ0017,What should I know about interview for ROLE018?,"To prepare for ROLE018, focus on mastering SK018, build projects, complete relevant courses, practice interview questions, and maintain a strong portfolio.",Interview,ROLE018,SK018,Advanced,"Interview, ROLE018, SK018, career guidance"
FAQ0018,What should I know about certification for ROLE019?,"To prepare for ROLE019, focus on mastering SK019, build projects, complete relevant courses, practice interview questions, and maintain a strong portfolio.",Certification,ROLE019,SK019,Beginner,"Certification, ROLE019, SK019, career guidance"
FAQ0019,What should I know about projects for ROLE020?,"To prepare for ROLE020, focus on mastering SK020, build projects, complete relevant courses, practice interview questions, and maintain a strong portfolio.",Projects,ROLE020,SK020,Intermediate,"Projects, ROLE020, SK020, career guidance"
FAQ0020,What should I know about career for ROLE021?,"To prepare for ROLE021, focus on mastering SK021, build projects, complete relevant courses, practice interview questions, and maintain a strong portfolio.",Career,ROLE021,SK021,Advanced,"Career, ROLE021, SK021, career guidance"
FAQ0021,What should I know about skills for ROLE022?,"To prepare for ROLE022, focus on mastering SK022, build projects, complete relevant courses, practice interview questions, and maintain a strong portfolio.",Skills,ROLE022,SK022,Beginner,"Skills, ROLE022, SK022, career guidance"
FAQ0022,What should I know about placements for ROLE023?,"To prepare for ROLE023, focus on mastering SK023, build projects, complete relevant courses, practice interview questions, and maintain a strong portfolio.",Placements,ROLE023,SK023,Intermediate,"Placements, ROLE023, SK023, career guidance"
FAQ0023,What should I know about ai for ROLE024?,"To prepare for ROLE024, focus on mastering SK024, build projects, complete relevant courses, practice interview questions, and maintain a strong portfolio.",AI,ROLE024,SK024,Advanced,"AI, ROLE024, SK024, career guidance"
FAQ0024,What should I know about cloud for ROLE025?,"To prepare for ROLE025, focus on mastering SK025, build projects, complete relevant courses, practice interview questions, and maintain a strong portfolio.",Cloud,ROLE025,SK025,Beginner,"Cloud, ROLE025, SK025, career guidance"
FAQ0025,What should I know about data science for ROLE026?,"To prepare for ROLE026, focus on mastering SK026, build projects, complete relevant courses, practice interview questions, and maintain a strong portfolio.",Data Science,ROLE026,SK026,Intermediate,"Data Science, ROLE026, SK026, career guidance"
FAQ0026,What should I know about resume for ROLE027?,"To prepare for ROLE027, focus on mastering SK027, build projects, complete relevant courses, practice interview questions, and maintain a strong portfolio.",Resume,ROLE027,SK027,Advanced,"Resume, ROLE027, SK027, career guidance"
FAQ0027,What should I know about interview for ROLE028?,"To prepare for ROLE028, focus on mastering SK028, build projects, complete relevant courses, practice interview questions, and maintain a strong portfolio.",Interview,ROLE028,SK028,Beginner,"Interview, ROLE028, SK028, career guidance"
FAQ0028,What should I know about certification for ROLE029?,"To prepare for ROLE029, focus on mastering SK029, build projects, complete relevant courses, practice interview questions, and maintain a strong portfolio.",Certification,ROLE029,SK029,Intermediate,"Certification, ROLE029, SK029, career guidance"
FAQ0029,What should I know about projects for ROLE030?,"To prepare for ROLE030, focus on mastering SK030, build projects, complete relevant courses, practice interview questions, and maintain a strong portfolio.",Projects,ROLE030,SK030,Advanced,"Projects, ROLE030, SK030, career guidance"
FAQ0030,What should I know about career for ROLE031?,"To prepare for ROLE031, focus on mastering SK031, build projects, complete relevant courses, practice interview questions, and maintain a strong portfolio.",Career,ROLE031,SK031,Beginner,"Career, ROLE031, SK031, career guidance"
FAQ0031,What should I know about skills for ROLE032?,"To prepare for ROLE032, focus on mastering SK032, build projects, complete relevant courses, practice interview questions, and maintain a strong portfolio.",Skills,ROLE032,SK032,Intermediate,"Skills, ROLE032, SK032, career guidance"
FAQ0032,What should I know about placements for ROLE033?,"To prepare for ROLE033, focus on mastering SK033, build projects, complete relevant courses, practice interview questions, and maintain a strong portfolio.",Placements,ROLE033,SK033,Advanced,"Placements, ROLE033, SK033, career guidance"
FAQ0033,What should I know about ai for ROLE034?,"To prepare for ROLE034, focus on mastering SK034, build projects, complete relevant courses, practice interview questions, and maintain a strong portfolio.",AI,ROLE034,SK034,Beginner,"AI, ROLE034, SK034, career guidance"
FAQ0034,What should I know about cloud for ROLE035?,"To prepare for ROLE035, focus on mastering SK035, build projects, complete relevant courses, practice interview questions, and maintain a strong portfolio.",Cloud,ROLE035,SK035,Intermediate,"Cloud, ROLE035, SK035, career guidance"
FAQ0035,What should I know about data science for ROLE036?,"To prepare for ROLE036, focus on mastering SK036, build projects, complete relevant courses, practice interview questions, and maintain a strong portfolio.",Data Science,ROLE036,SK036,Advanced,"Data Science, ROLE036, SK036, career guidance"
FAQ0036,What should I know about resume for ROLE037?,"To prepare for ROLE037, focus on mastering SK037, build projects, complete relevant courses, practice interview questions, and maintain a strong portfolio.",Resume,ROLE037,SK037,Beginner,"Resume, ROLE037, SK037, career guidance"
FAQ0037,What should I know about interview for ROLE038?,"To prepare for ROLE038, focus on mastering SK038, build projects, complete relevant courses, practice interview questions, and maintain a strong portfolio.",Interview,ROLE038,SK038,Intermediate,"Interview, ROLE038, SK038, career guidance"
FAQ0038,What should I know about certification for ROLE039?,"To prepare for ROLE039, focus on mastering SK039, build projects, complete relevant courses, practice interview questions, and maintain a strong portfolio.",Certification,ROLE039,SK039,Advanced,"Certification, ROLE039, SK039, career guidance"
FAQ0039,What should I know about projects for ROLE040?,"To prepare for ROLE040, focus on mastering SK040, build projects, complete relevant courses, practice interview questions, and maintain a strong portfolio.",Projects,ROLE040,SK040,Beginner,"Projects, ROLE040, SK040, career guidance"
FAQ0040,What should I know about career for ROLE041?,"To prepare for ROLE041, focus on mastering SK041, build projects, complete relevant courses, practice interview questions, and maintain a strong portfolio.",Career,ROLE041,SK041,Intermediate,"Career, ROLE041, SK041, career guidance"
FAQ0041,What should I know about skills for ROLE042?,"To prepare for ROLE042, focus on mastering SK042, build projects, complete relevant courses, practice interview questions, and maintain a strong portfolio.",Skills,ROLE042,SK042,Advanced,"Skills, ROLE042, SK042, career guidance"
FAQ0042,What should I know about placements for ROLE043?,"To prepare for ROLE043, focus on mastering SK043, build projects, complete relevant courses, practice interview questions, and maintain a strong portfolio.",Placements,ROLE043,SK043,Beginner,"Placements, ROLE043, SK043, career guidance"
FAQ0043,What should I know about ai for ROLE044?,"To prepare for ROLE044, focus on mastering SK044, build projects, complete relevant courses, practice interview questions, and maintain a strong portfolio.",AI,ROLE044,SK044,Intermediate,"AI, ROLE044, SK044, career guidance"
FAQ0044,What should I know about cloud for ROLE045?,"To prepare for ROLE045, focus on mastering SK045, build projects, complete relevant courses, practice interview questions, and maintain a strong portfolio.",Cloud,ROLE045,SK045,Advanced,"Cloud, ROLE045, SK045, career guidance"
FAQ0045,What should I know about data science for ROLE046?,"To prepare for ROLE046, focus on mastering SK046, build projects, complete relevant courses, practice interview questions, and maintain a strong portfolio.",Data Science,ROLE046,SK046,Beginner,"Data Science, ROLE046, SK046, career guidance"
FAQ0046,What should I know about resume for ROLE047?,"To prepare for ROLE047, focus on mastering SK047, build projects, complete relevant courses, practice interview questions, and maintain a strong portfolio.",Resume,ROLE047,SK047,Intermediate,"Resume, ROLE047, SK047, career guidance"
FAQ0047,What should I know about interview for ROLE048?,"To prepare for ROLE048, focus on mastering SK048, build projects, complete relevant courses, practice interview questions, and maintain a strong portfolio.",Interview,ROLE048,SK048,Advanced,"Interview, ROLE048, SK048, career guidance"
FAQ0048,What should I know about certification for ROLE049?,"To prepare for ROLE049, focus on mastering SK049, build projects, complete relevant courses, practice interview questions, and maintain a strong portfolio.",Certification,ROLE049,SK049,Beginner,"Certification, ROLE049, SK049, career guidance"
FAQ0049,What should I know about projects for ROLE050?,"To prepare for ROLE050, focus on mastering SK050, build projects, complete relevant courses, practice interview questions, and maintain a strong portfolio.",Projects,ROLE050,SK050,Intermediate,"Projects, ROLE050, SK050, career guidance"
FAQ0050,What should I know about career for ROLE051?,"To prepare for ROLE051, focus on mastering SK051, build projects, complete relevant courses, practice interview questions, and maintain a strong portfolio.",Career,ROLE051,SK051,Advanced,"Career, ROLE051, SK051, career guidance"
FAQ0051,What should I know about skills for ROLE052?,"To prepare for ROLE052, focus on mastering SK052, build projects, complete relevant courses, practice interview questions, and maintain a strong portfolio.",Skills,ROLE052,SK052,Beginner,"Skills, ROLE052, SK052, career guidance"
FAQ0052,What should I know about placements for ROLE053?,"To prepare for ROLE053, focus on mastering SK053, build projects, complete relevant courses, practice interview questions, and maintain a strong portfolio.",Placements,ROLE053,SK053,Intermediate,"Placements, ROLE053, SK053, career guidance"
FAQ0053,What should I know about ai for ROLE054?,"To prepare for ROLE054, focus on mastering SK054, build projects, complete relevant courses, practice interview questions, and maintain a strong portfolio.",AI,ROLE054,SK054,Advanced,"AI, ROLE054, SK054, career guidance"
FAQ0054,What should I know about cloud for ROLE055?,"To prepare for ROLE055, focus on mastering SK055, build projects, complete relevant courses, practice interview questions, and maintain a strong portfolio.",Cloud,ROLE055,SK055,Beginner,"Cloud, ROLE055, SK055, career guidance"
FAQ0055,What should I know about data science for ROLE056?,"To prepare for ROLE056, focus on mastering SK056, build projects, complete relevant courses, practice interview questions, and maintain a strong portfolio.",Data Science,ROLE056,SK056,Intermediate,"Data Science, ROLE056, SK056, career guidance"
FAQ0056,What should I know about resume for ROLE057?,"To prepare for ROLE057, focus on mastering SK057, build projects, complete relevant courses, practice interview questions, and maintain a strong portfolio.",Resume,ROLE057,SK057,Advanced,"Resume, ROLE057, SK057, career guidance"
FAQ0057,What should I know about interview for ROLE058?,"To prepare for ROLE058, focus on mastering SK058, build projects, complete relevant courses, practice interview questions, and maintain a strong portfolio.",Interview,ROLE058,SK058,Beginner,"Interview, ROLE058, SK058, career guidance"
FAQ0058,What should I know about certification for ROLE059?,"To prepare for ROLE059, focus on mastering SK059, build projects, complete relevant courses, practice interview questions, and maintain a strong portfolio.",Certification,ROLE059,SK059,Intermediate,"Certification, ROLE059, SK059, career guidance"
FAQ0059,What should I know about projects for ROLE060?,"To prepare for ROLE060, focus on mastering SK060, build projects, complete relevant courses, practice interview questions, and maintain a strong portfolio.",Projects,ROLE060,SK060,Advanced,"Projects, ROLE060, SK060, career guidance"
FAQ0060,What should I know about career for ROLE001?,"To prepare for ROLE001, focus on mastering SK061, build projects, complete relevant courses, practice interview questions, and maintain a strong portfolio.",Career,ROLE001,SK061,Beginner,"Career, ROLE001, SK061, career guidance"
FAQ0061,What should I know about skills for ROLE002?,"To prepare for ROLE002, focus on mastering SK062, build projects, complete relevant courses, practice interview questions, and maintain a strong portfolio.",Skills,ROLE002,SK062,Intermediate,"Skills, ROLE002, SK062, career guidance"
FAQ0062,What should I know about placements for ROLE003?,"To prepare for ROLE003, focus on mastering SK063, build projects, complete relevant courses, practice interview questions, and maintain a strong portfolio.",Placements,ROLE003,SK063,Advanced,"Placements, ROLE003, SK063, career guidance"
FAQ0063,What should I know about ai for ROLE004?,"To prepare for ROLE004, focus on mastering SK064, build projects, complete relevant courses, practice interview questions, and maintain a strong portfolio.",AI,ROLE004,SK064,Beginner,"AI, ROLE004, SK064, career guidance"
FAQ0064,What should I know about cloud for ROLE005?,"To prepare for ROLE005, focus on mastering SK065, build projects, complete relevant courses, practice interview questions, and maintain a strong portfolio.",Cloud,ROLE005,SK065,Intermediate,"Cloud, ROLE005, SK065, career guidance"
FAQ0065,What should I know about data science for ROLE006?,"To prepare for ROLE006, focus on mastering SK066, build projects, complete relevant courses, practice interview questions, and maintain a strong portfolio.",Data Science,ROLE006,SK066,Advanced,"Data Science, ROLE006, SK066, career guidance"
FAQ0066,What should I know about resume for ROLE007?,"To prepare for ROLE007, focus on mastering SK067, build projects, complete relevant courses, practice interview questions, and maintain a strong portfolio.",Resume,ROLE007,SK067,Beginner,"Resume, ROLE007, SK067, career guidance"
FAQ0067,What should I know about interview for ROLE008?,"To prepare for ROLE008, focus on mastering SK068, build projects, complete relevant courses, practice interview questions, and maintain a strong portfolio.",Interview,ROLE008,SK068,Intermediate,"Interview, ROLE008, SK068, career guidance"
FAQ0068,What should I know about certification for ROLE009?,"To prepare for ROLE009, focus on mastering SK069, build projects, complete relevant courses, practice interview questions, and maintain a strong portfolio.",Certification,ROLE009,SK069,Advanced,"Certification, ROLE009, SK069, career guidance"
FAQ0069,What should I know about projects for ROLE010?,"To prepare for ROLE010, focus on mastering SK070, build projects, complete relevant courses, practice interview questions, and maintain a strong portfolio.",Projects,ROLE010,SK070,Beginner,"Projects, ROLE010, SK070, career guidance"
FAQ0070,What should I know about career for ROLE011?,"To prepare for ROLE011, focus on mastering SK071, build projects, complete relevant courses, practice interview questions, and maintain a strong portfolio.",Career,ROLE011,SK071,Intermediate,"Career, ROLE011, SK071, career guidance"
FAQ0071,What should I know about skills for ROLE012?,"To prepare for ROLE012, focus on mastering SK072, build projects, complete relevant courses, practice interview questions, and maintain a strong portfolio.",Skills,ROLE012,SK072,Advanced,"Skills, ROLE012, SK072, career guidance"
FAQ0072,What should I know about placements for ROLE013?,"To prepare for ROLE013, focus on mastering SK073, build projects, complete relevant courses, practice interview questions, and maintain a strong portfolio.",Placements,ROLE013,SK073,Beginner,"Placements, ROLE013, SK073, career guidance"
FAQ0073,What should I know about ai for ROLE014?,"To prepare for ROLE014, focus on mastering SK074, build projects, complete relevant courses, practice interview questions, and maintain a strong portfolio.",AI,ROLE014,SK074,Intermediate,"AI, ROLE014, SK074, career guidance"
FAQ0074,What should I know about cloud for ROLE015?,"To prepare for ROLE015, focus on mastering SK075, build projects, complete relevant courses, practice interview questions, and maintain a strong portfolio.",Cloud,ROLE015,SK075,Advanced,"Cloud, ROLE015, SK075, career guidance"
FAQ0075,What should I know about data science for ROLE016?,"To prepare for ROLE016, focus on mastering SK076, build projects, complete relevant courses, practice interview questions, and maintain a strong portfolio.",Data Science,ROLE016,SK076,Beginner,"Data Science, ROLE016, SK076, career guidance"
FAQ0076,What should I know about resume for ROLE017?,"To prepare for ROLE017, focus on mastering SK077, build projects, complete relevant courses, practice interview questions, and maintain a strong portfolio.",Resume,ROLE017,SK077,Intermediate,"Resume, ROLE017, SK077, career guidance"
FAQ0077,What should I know about interview for ROLE018?,"To prepare for ROLE018, focus on mastering SK078, build projects, complete relevant courses, practice interview questions, and maintain a strong portfolio.",Interview,ROLE018,SK078,Advanced,"Interview, ROLE018, SK078, career guidance"
FAQ0078,What should I know about certification for ROLE019?,"To prepare for ROLE019, focus on mastering SK079, build projects, complete relevant courses, practice interview questions, and maintain a strong portfolio.",Certification,ROLE019,SK079,Beginner,"Certification, ROLE019, SK079, career guidance"
FAQ0079,What should I know about projects for ROLE020?,"To prepare for ROLE020, focus on mastering SK080, build projects, complete relevant courses, practice interview questions, and maintain a strong portfolio.",Projects,ROLE020,SK080,Intermediate,"Projects, ROLE020, SK080, career guidance"
FAQ0080,What should I know about career for ROLE021?,"To prepare for ROLE021, focus on mastering SK081, build projects, complete relevant courses, practice interview questions, and maintain a strong portfolio.",Career,ROLE021,SK081,Advanced,"Career, ROLE021, SK081, career guidance"
FAQ0081,What should I know about skills for ROLE022?,"To prepare for ROLE022, focus on mastering SK082, build projects, complete relevant courses, practice interview questions, and maintain a strong portfolio.",Skills,ROLE022,SK082,Beginner,"Skills, ROLE022, SK082, career guidance"
FAQ0082,What should I know about placements for ROLE023?,"To prepare for ROLE023, focus on mastering SK083, build projects, complete relevant courses, practice interview questions, and maintain a strong portfolio.",Placements,ROLE023,SK083,Intermediate,"Placements, ROLE023, SK083, career guidance"
FAQ0083,What should I know about ai for ROLE024?,"To prepare for ROLE024, focus on mastering SK084, build projects, complete relevant courses, practice interview questions, and maintain a strong portfolio.",AI,ROLE024,SK084,Advanced,"AI, ROLE024, SK084, career guidance"
FAQ0084,What should I know about cloud for ROLE025?,"To prepare for ROLE025, focus on mastering SK085, build projects, complete relevant courses, practice interview questions, and maintain a strong portfolio.",Cloud,ROLE025,SK085,Beginner,"Cloud, ROLE025, SK085, career guidance"
FAQ0085,What should I know about data science for ROLE026?,"To prepare for ROLE026, focus on mastering SK086, build projects, complete relevant courses, practice interview questions, and maintain a strong portfolio.",Data Science,ROLE026,SK086,Intermediate,"Data Science, ROLE026, SK086, career guidance"
FAQ0086,What should I know about resume for ROLE027?,"To prepare for ROLE027, focus on mastering SK087, build projects, complete relevant courses, practice interview questions, and maintain a strong portfolio.",Resume,ROLE027,SK087,Advanced,"Resume, ROLE027, SK087, career guidance"
FAQ0087,What should I know about interview for ROLE028?,"To prepare for ROLE028, focus on mastering SK088, build projects, complete relevant courses, practice interview questions, and maintain a strong portfolio.",Interview,ROLE028,SK088,Beginner,"Interview, ROLE028, SK088, career guidance"
FAQ0088,What should I know about certification for ROLE029?,"To prepare for ROLE029, focus on mastering SK089, build projects, complete relevant courses, practice interview questions, and maintain a strong portfolio.",Certification,ROLE029,SK089,Intermediate,"Certification, ROLE029, SK089, career guidance"
FAQ0089,What should I know about projects for ROLE030?,"To prepare for ROLE030, focus on mastering SK090, build projects, complete relevant courses, practice interview questions, and maintain a strong portfolio.",Projects,ROLE030,SK090,Advanced,"Projects, ROLE030, SK090, career guidance"
FAQ0090,What should I know about career for ROLE031?,"To prepare for ROLE031, focus on mastering SK091, build projects, complete relevant courses, practice interview questions, and maintain a strong portfolio.",Career,ROLE031,SK091,Beginner,"Career, ROLE031, SK091, career guidance"
FAQ0091,What should I know about skills for ROLE032?,"To prepare for ROLE032, focus on mastering SK092, build projects, complete relevant courses, practice interview questions, and maintain a strong portfolio.",Skills,ROLE032,SK092,Intermediate,"Skills, ROLE032, SK092, career guidance"
FAQ0092,What should I know about placements for ROLE033?,"To prepare for ROLE033, focus on mastering SK093, build projects, complete relevant courses, practice interview questions, and maintain a strong portfolio.",Placements,ROLE033,SK093,Advanced,"Placements, ROLE033, SK093, career guidance"
FAQ0093,What should I know about ai for ROLE034?,"To prepare for ROLE034, focus on mastering SK094, build projects, complete relevant courses, practice interview questions, and maintain a strong portfolio.",AI,ROLE034,SK094,Beginner,"AI, ROLE034, SK094, career guidance"
FAQ0094,What should I know about cloud for ROLE035?,"To prepare for ROLE035, focus on mastering SK095, build projects, complete relevant courses, practice interview questions, and maintain a strong portfolio.",Cloud,ROLE035,SK095,Intermediate,"Cloud, ROLE035, SK095, career guidance"
FAQ0095,What should I know about data science for ROLE036?,"To prepare for ROLE036, focus on mastering SK096, build projects, complete relevant courses, practice interview questions, and maintain a strong portfolio.",Data Science,ROLE036,SK096,Advanced,"Data Science, ROLE036, SK096, career guidance"
FAQ0096,What should I know about resume for ROLE037?,"To prepare for ROLE037, focus on mastering SK097, build projects, complete relevant courses, practice interview questions, and maintain a strong portfolio.",Resume,ROLE037,SK097,Beginner,"Resume, ROLE037, SK097, career guidance"
FAQ0097,What should I know about interview for ROLE038?,"To prepare for ROLE038, focus on mastering SK098, build projects, complete relevant courses, practice interview questions, and maintain a strong portfolio.",Interview,ROLE038,SK098,Intermediate,"Interview, ROLE038, SK098, career guidance"
FAQ0098,What should I know about certification for ROLE039?,"To prepare for ROLE039, focus on mastering SK099, build projects, complete relevant courses, practice interview questions, and maintain a strong portfolio.",Certification,ROLE039,SK099,Advanced,"Certification, ROLE039, SK099, career guidance"
FAQ0099,What should I know about projects for ROLE040?,"To prepare for ROLE040, focus on mastering SK100, build projects, complete relevant courses, practice interview questions, and maintain a strong portfolio.",Projects,ROLE040,SK100,Beginner,"Projects, ROLE040, SK100, career guidance"
FAQ0100,What should I know about career for ROLE041?,"To prepare for ROLE041, focus on mastering SK101, build projects, complete relevant courses, practice interview questions, and maintain a strong portfolio.",Career,ROLE041,SK101,Intermediate,"Career, ROLE041, SK101, career guidance"
FAQ0101,What should I know about skills for ROLE042?,"To prepare for ROLE042, focus on mastering SK102, build projects, complete relevant courses, practice interview questions, and maintain a strong portfolio.",Skills,ROLE042,SK102,Advanced,"Skills, ROLE042, SK102, career guidance"
FAQ0102,What should I know about placements for ROLE043?,"To prepare for ROLE043, focus on mastering SK103, build projects, complete relevant courses, practice interview questions, and maintain a strong portfolio.",Placements,ROLE043,SK103,Beginner,"Placements, ROLE043, SK103, career guidance"
FAQ0103,What should I know about ai for ROLE044?,"To prepare for ROLE044, focus on mastering SK104, build projects, complete relevant courses, practice interview questions, and maintain a strong portfolio.",AI,ROLE044,SK104,Intermediate,"AI, ROLE044, SK104, career guidance"
FAQ0104,What should I know about cloud for ROLE045?,"To prepare for ROLE045, focus on mastering SK105, build projects, complete relevant courses, practice interview questions, and maintain a strong portfolio.",Cloud,ROLE045,SK105,Advanced,"Cloud, ROLE045, SK105, career guidance"
FAQ0105,What should I know about data science for ROLE046?,"To prepare for ROLE046, focus on mastering SK106, build projects, complete relevant courses, practice interview questions, and maintain a strong portfolio.",Data Science,ROLE046,SK106,Beginner,"Data Science, ROLE046, SK106, career guidance"
FAQ0106,What should I know about resume for ROLE047?,"To prepare for ROLE047, focus on mastering SK107, build projects, complete relevant courses, practice interview questions, and maintain a strong portfolio.",Resume,ROLE047,SK107,Intermediate,"Resume, ROLE047, SK107, career guidance"
FAQ0107,What should I know about interview for ROLE048?,"To prepare for ROLE048, focus on mastering SK108, build projects, complete relevant courses, practice interview questions, and maintain a strong portfolio.",Interview,ROLE048,SK108,Advanced,"Interview, ROLE048, SK108, career guidance"
FAQ0108,What should I know about certification for ROLE049?,"To prepare for ROLE049, focus on mastering SK109, build projects, complete relevant courses, practice interview questions, and maintain a strong portfolio.",Certification,ROLE049,SK109,Beginner,"Certification, ROLE049, SK109, career guidance"
FAQ0109,What should I know about projects for ROLE050?,"To prepare for ROLE050, focus on mastering SK110, build projects, complete relevant courses, practice interview questions, and maintain a strong portfolio.",Projects,ROLE050,SK110,Intermediate,"Projects, ROLE050, SK110, career guidance"
FAQ0110,What should I know about career for ROLE051?,"To prepare for ROLE051, focus on mastering SK111, build projects, complete relevant courses, practice interview questions, and maintain a strong portfolio.",Career,ROLE051,SK111,Advanced,"Career, ROLE051, SK111, career guidance"
FAQ0111,What should I know about skills for ROLE052?,"To prepare for ROLE052, focus on mastering SK112, build projects, complete relevant courses, practice interview questions, and maintain a strong portfolio.",Skills,ROLE052,SK112,Beginner,"Skills, ROLE052, SK112, career guidance"
FAQ0112,What should I know about placements for ROLE053?,"To prepare for ROLE053, focus on mastering SK113, build projects, complete relevant courses, practice interview questions, and maintain a strong portfolio.",Placements,ROLE053,SK113,Intermediate,"Placements, ROLE053, SK113, career guidance"
FAQ0113,What should I know about ai for ROLE054?,"To prepare for ROLE054, focus on mastering SK114, build projects, complete relevant courses, practice interview questions, and maintain a strong portfolio.",AI,ROLE054,SK114,Advanced,"AI, ROLE054, SK114, career guidance"
FAQ0114,What should I know about cloud for ROLE055?,"To prepare for ROLE055, focus on mastering SK115, build projects, complete relevant courses, practice interview questions, and maintain a strong portfolio.",Cloud,ROLE055,SK115,Beginner,"Cloud, ROLE055, SK115, career guidance"
FAQ0115,What should I know about data science for ROLE056?,"To prepare for ROLE056, focus on mastering SK116, build projects, complete relevant courses, practice interview questions, and maintain a strong portfolio.",Data Science,ROLE056,SK116,Intermediate,"Data Science, ROLE056, SK116, career guidance"
FAQ0116,What should I know about resume for ROLE057?,"To prepare for ROLE057, focus on mastering SK117, build projects, complete relevant courses, practice interview questions, and maintain a strong portfolio.",Resume,ROLE057,SK117,Advanced,"Resume, ROLE057, SK117, career guidance"
FAQ0117,What should I know about interview for ROLE058?,"To prepare for ROLE058, focus on mastering SK118, build projects, complete relevant courses, practice interview questions, and maintain a strong portfolio.",Interview,ROLE058,SK118,Beginner,"Interview, ROLE058, SK118, career guidance"
FAQ0118,What should I know about certification for ROLE059?,"To prepare for ROLE059, focus on mastering SK119, build projects, complete relevant courses, practice interview questions, and maintain a strong portfolio.",Certification,ROLE059,SK119,Intermediate,"Certification, ROLE059, SK119, career guidance"
FAQ0119,What should I know about projects for ROLE060?,"To prepare for ROLE060, focus on mastering SK120, build projects, complete relevant courses, practice interview questions, and maintain a strong portfolio.",Projects,ROLE060,SK120,Advanced,"Projects, ROLE060, SK120, career guidance"
FAQ0120,What should I know about career for ROLE001?,"To prepare for ROLE001, focus on mastering SK121, build projects, complete relevant courses, practice interview questions, and maintain a strong portfolio.",Career,ROLE001,SK121,Beginner,"Career, ROLE001, SK121, career guidance"
FAQ0121,What should I know about skills for ROLE002?,"To prepare for ROLE002, focus on mastering SK122, build projects, complete relevant courses, practice interview questions, and maintain a strong portfolio.",Skills,ROLE002,SK122,Intermediate,"Skills, ROLE002, SK122, career guidance"
FAQ0122,What should I know about placements for ROLE003?,"To prepare for ROLE003, focus on mastering SK123, build projects, complete relevant courses, practice interview questions, and maintain a strong portfolio.",Placements,ROLE003,SK123,Advanced,"Placements, ROLE003, SK123, career guidance"
FAQ0123,What should I know about ai for ROLE004?,"To prepare for ROLE004, focus on mastering SK124, build projects, complete relevant courses, practice interview questions, and maintain a strong portfolio.",AI,ROLE004,SK124,Beginner,"AI, ROLE004, SK124, career guidance"
FAQ0124,What should I know about cloud for ROLE005?,"To prepare for ROLE005, focus on mastering SK125, build projects, complete relevant courses, practice interview questions, and maintain a strong portfolio.",Cloud,ROLE005,SK125,Intermediate,"Cloud, ROLE005, SK125, career guidance"
FAQ0125,What should I know about data science for ROLE006?,"To prepare for ROLE006, focus on mastering SK126, build projects, complete relevant courses, practice interview questions, and maintain a strong portfolio.",Data Science,ROLE006,SK126,Advanced,"Data Science, ROLE006, SK126, career guidance"
FAQ0126,What should I know about resume for ROLE007?,"To prepare for ROLE007, focus on mastering SK127, build projects, complete relevant courses, practice interview questions, and maintain a strong portfolio.",Resume,ROLE007,SK127,Beginner,"Resume, ROLE007, SK127, career guidance"
FAQ0127,What should I know about interview for ROLE008?,"To prepare for ROLE008, focus on mastering SK128, build projects, complete relevant courses, practice interview questions, and maintain a strong portfolio.",Interview,ROLE008,SK128,Intermediate,"Interview, ROLE008, SK128, career guidance"
FAQ0128,What should I know about certification for ROLE009?,"To prepare for ROLE009, focus on mastering SK129, build projects, complete relevant courses, practice interview questions, and maintain a strong portfolio.",Certification,ROLE009,SK129,Advanced,"Certification, ROLE009, SK129, career guidance"
FAQ0129,What should I know about projects for ROLE010?,"To prepare for ROLE010, focus on mastering SK130, build projects, complete relevant courses, practice interview questions, and maintain a strong portfolio.",Projects,ROLE010,SK130,Beginner,"Projects, ROLE010, SK130, career guidance"
FAQ0130,What should I know about career for ROLE011?,"To prepare for ROLE011, focus on mastering SK131, build projects, complete relevant courses, practice interview questions, and maintain a strong portfolio.",Career,ROLE011,SK131,Intermediate,"Career, ROLE011, SK131, career guidance"
FAQ0131,What should I know about skills for ROLE012?,"To prepare for ROLE012, focus on mastering SK132, build projects, complete relevant courses, practice interview questions, and maintain a strong portfolio.",Skills,ROLE012,SK132,Advanced,"Skills, ROLE012, SK132, career guidance"
FAQ0132,What should I know about placements for ROLE013?,"To prepare for ROLE013, focus on mastering SK133, build projects, complete relevant courses, practice interview questions, and maintain a strong portfolio.",Placements,ROLE013,SK133,Beginner,"Placements, ROLE013, SK133, career guidance"
FAQ0133,What should I know about ai for ROLE014?,"To prepare for ROLE014, focus on mastering SK134, build projects, complete relevant courses, practice interview questions, and maintain a strong portfolio.",AI,ROLE014,SK134,Intermediate,"AI, ROLE014, SK134, career guidance"
FAQ0134,What should I know about cloud for ROLE015?,"To prepare for ROLE015, focus on mastering SK135, build projects, complete relevant courses, practice interview questions, and maintain a strong portfolio.",Cloud,ROLE015,SK135,Advanced,"Cloud, ROLE015, SK135, career guidance"
FAQ0135,What should I know about data science for ROLE016?,"To prepare for ROLE016, focus on mastering SK136, build projects, complete relevant courses, practice interview questions, and maintain a strong portfolio.",Data Science,ROLE016,SK136,Beginner,"Data Science, ROLE016, SK136, career guidance"
FAQ0136,What should I know about resume for ROLE017?,"To prepare for ROLE017, focus on mastering SK137, build projects, complete relevant courses, practice interview questions, and maintain a strong portfolio.",Resume,ROLE017,SK137,Intermediate,"Resume, ROLE017, SK137, career guidance"
FAQ0137,What should I know about interview for ROLE018?,"To prepare for ROLE018, focus on mastering SK138, build projects, complete relevant courses, practice interview questions, and maintain a strong portfolio.",Interview,ROLE018,SK138,Advanced,"Interview, ROLE018, SK138, career guidance"
FAQ0138,What should I know about certification for ROLE019?,"To prepare for ROLE019, focus on mastering SK139, build projects, complete relevant courses, practice interview questions, and maintain a strong portfolio.",Certification,ROLE019,SK139,Beginner,"Certification, ROLE019, SK139, career guidance"
FAQ0139,What should I know about projects for ROLE020?,"To prepare for ROLE020, focus on mastering SK140, build projects, complete relevant courses, practice interview questions, and maintain a strong portfolio.",Projects,ROLE020,SK140,Intermediate,"Projects, ROLE020, SK140, career guidance"
FAQ0140,What should I know about career for ROLE021?,"To prepare for ROLE021, focus on mastering SK141, build projects, complete relevant courses, practice interview questions, and maintain a strong portfolio.",Career,ROLE021,SK141,Advanced,"Career, ROLE021, SK141, career guidance"
FAQ0141,What should I know about skills for ROLE022?,"To prepare for ROLE022, focus on mastering SK142, build projects, complete relevant courses, practice interview questions, and maintain a strong portfolio.",Skills,ROLE022,SK142,Beginner,"Skills, ROLE022, SK142, career guidance"
FAQ0142,What should I know about placements for ROLE023?,"To prepare for ROLE023, focus on mastering SK143, build projects, complete relevant courses, practice interview questions, and maintain a strong portfolio.",Placements,ROLE023,SK143,Intermediate,"Placements, ROLE023, SK143, career guidance"
FAQ0143,What should I know about ai for ROLE024?,"To prepare for ROLE024, focus on mastering SK144, build projects, complete relevant courses, practice interview questions, and maintain a strong portfolio.",AI,ROLE024,SK144,Advanced,"AI, ROLE024, SK144, career guidance"
FAQ0144,What should I know about cloud for ROLE025?,"To prepare for ROLE025, focus on mastering SK145, build projects, complete relevant courses, practice interview questions, and maintain a strong portfolio.",Cloud,ROLE025,SK145,Beginner,"Cloud, ROLE025, SK145, career guidance"
FAQ0145,What should I know about data science for ROLE026?,"To prepare for ROLE026, focus on mastering SK146, build projects, complete relevant courses, practice interview questions, and maintain a strong portfolio.",Data Science,ROLE026,SK146,Intermediate,"Data Science, ROLE026, SK146, career guidance"
FAQ0146,What should I know about resume for ROLE027?,"To prepare for ROLE027, focus on mastering SK147, build projects, complete relevant courses, practice interview questions, and maintain a strong portfolio.",Resume,ROLE027,SK147,Advanced,"Resume, ROLE027, SK147, career guidance"
FAQ0147,What should I know about interview for ROLE028?,"To prepare for ROLE028, focus on mastering SK148, build projects, complete relevant courses, practice interview questions, and maintain a strong portfolio.",Interview,ROLE028,SK148,Beginner,"Interview, ROLE028, SK148, career guidance"
FAQ0148,What should I know about certification for ROLE029?,"To prepare for ROLE029, focus on mastering SK149, build projects, complete relevant courses, practice interview questions, and maintain a strong portfolio.",Certification,ROLE029,SK149,Intermediate,"Certification, ROLE029, SK149, career guidance"
FAQ0149,What should I know about projects for ROLE030?,"To prepare for ROLE030, focus on mastering SK150, build projects, complete relevant courses, practice interview questions, and maintain a strong portfolio.",Projects,ROLE030,SK150,Advanced,"Projects, ROLE030, SK150, career guidance"
FAQ0150,What should I know about career for ROLE031?,"To prepare for ROLE031, focus on mastering SK151, build projects, complete relevant courses, practice interview questions, and maintain a strong portfolio.",Career,ROLE031,SK151,Beginner,"Career, ROLE031, SK151, career guidance"
FAQ0151,What should I know about skills for ROLE032?,"To prepare for ROLE032, focus on mastering SK152, build projects, complete relevant courses, practice interview questions, and maintain a strong portfolio.",Skills,ROLE032,SK152,Intermediate,"Skills, ROLE032, SK152, career guidance"
FAQ0152,What should I know about placements for ROLE033?,"To prepare for ROLE033, focus on mastering SK153, build projects, complete relevant courses, practice interview questions, and maintain a strong portfolio.",Placements,ROLE033,SK153,Advanced,"Placements, ROLE033, SK153, career guidance"
FAQ0153,What should I know about ai for ROLE034?,"To prepare for ROLE034, focus on mastering SK154, build projects, complete relevant courses, practice interview questions, and maintain a strong portfolio.",AI,ROLE034,SK154,Beginner,"AI, ROLE034, SK154, career guidance"
FAQ0154,What should I know about cloud for ROLE035?,"To prepare for ROLE035, focus on mastering SK155, build projects, complete relevant courses, practice interview questions, and maintain a strong portfolio.",Cloud,ROLE035,SK155,Intermediate,"Cloud, ROLE035, SK155, career guidance"
FAQ0155,What should I know about data science for ROLE036?,"To prepare for ROLE036, focus on mastering SK156, build projects, complete relevant courses, practice interview questions, and maintain a strong portfolio.",Data Science,ROLE036,SK156,Advanced,"Data Science, ROLE036, SK156, career guidance"
FAQ0156,What should I know about resume for ROLE037?,"To prepare for ROLE037, focus on mastering SK157, build projects, complete relevant courses, practice interview questions, and maintain a strong portfolio.",Resume,ROLE037,SK157,Beginner,"Resume, ROLE037, SK157, career guidance"
FAQ0157,What should I know about interview for ROLE038?,"To prepare for ROLE038, focus on mastering SK158, build projects, complete relevant courses, practice interview questions, and maintain a strong portfolio.",Interview,ROLE038,SK158,Intermediate,"Interview, ROLE038, SK158, career guidance"
FAQ0158,What should I know about certification for ROLE039?,"To prepare for ROLE039, focus on mastering SK159, build projects, complete relevant courses, practice interview questions, and maintain a strong portfolio.",Certification,ROLE039,SK159,Advanced,"Certification, ROLE039, SK159, career guidance"
FAQ0159,What should I know about projects for ROLE040?,"To prepare for ROLE040, focus on mastering SK160, build projects, complete relevant courses, practice interview questions, and maintain a strong portfolio.",Projects,ROLE040,SK160,Beginner,"Projects, ROLE040, SK160, career guidance"
FAQ0160,What should I know about career for ROLE041?,"To prepare for ROLE041, focus on mastering SK161, build projects, complete relevant courses, practice interview questions, and maintain a strong portfolio.",Career,ROLE041,SK161,Intermediate,"Career, ROLE041, SK161, career guidance"
FAQ0161,What should I know about skills for ROLE042?,"To prepare for ROLE042, focus on mastering SK162, build projects, complete relevant courses, practice interview questions, and maintain a strong portfolio.",Skills,ROLE042,SK162,Advanced,"Skills, ROLE042, SK162, career guidance"
FAQ0162,What should I know about placements for ROLE043?,"To prepare for ROLE043, focus on mastering SK163, build projects, complete relevant courses, practice interview questions, and maintain a strong portfolio.",Placements,ROLE043,SK163,Beginner,"Placements, ROLE043, SK163, career guidance"
FAQ0163,What should I know about ai for ROLE044?,"To prepare for ROLE044, focus on mastering SK164, build projects, complete relevant courses, practice interview questions, and maintain a strong portfolio.",AI,ROLE044,SK164,Intermediate,"AI, ROLE044, SK164, career guidance"
FAQ0164,What should I know about cloud for ROLE045?,"To prepare for ROLE045, focus on mastering SK165, build projects, complete relevant courses, practice interview questions, and maintain a strong portfolio.",Cloud,ROLE045,SK165,Advanced,"Cloud, ROLE045, SK165, career guidance"
FAQ0165,What should I know about data science for ROLE046?,"To prepare for ROLE046, focus on mastering SK166, build projects, complete relevant courses, practice interview questions, and maintain a strong portfolio.",Data Science,ROLE046,SK166,Beginner,"Data Science, ROLE046, SK166, career guidance"
FAQ0166,What should I know about resume for ROLE047?,"To prepare for ROLE047, focus on mastering SK167, build projects, complete relevant courses, practice interview questions, and maintain a strong portfolio.",Resume,ROLE047,SK167,Intermediate,"Resume, ROLE047, SK167, career guidance"
FAQ0167,What should I know about interview for ROLE048?,"To prepare for ROLE048, focus on mastering SK168, build projects, complete relevant courses, practice interview questions, and maintain a strong portfolio.",Interview,ROLE048,SK168,Advanced,"Interview, ROLE048, SK168, career guidance"
FAQ0168,What should I know about certification for ROLE049?,"To prepare for ROLE049, focus on mastering SK169, build projects, complete relevant courses, practice interview questions, and maintain a strong portfolio.",Certification,ROLE049,SK169,Beginner,"Certification, ROLE049, SK169, career guidance"
FAQ0169,What should I know about projects for ROLE050?,"To prepare for ROLE050, focus on mastering SK170, build projects, complete relevant courses, practice interview questions, and maintain a strong portfolio.",Projects,ROLE050,SK170,Intermediate,"Projects, ROLE050, SK170, career guidance"
FAQ0170,What should I know about career for ROLE051?,"To prepare for ROLE051, focus on mastering SK171, build projects, complete relevant courses, practice interview questions, and maintain a strong portfolio.",Career,ROLE051,SK171,Advanced,"Career, ROLE051, SK171, career guidance"
FAQ0171,What should I know about skills for ROLE052?,"To prepare for ROLE052, focus on mastering SK172, build projects, complete relevant courses, practice interview questions, and maintain a strong portfolio.",Skills,ROLE052,SK172,Beginner,"Skills, ROLE052, SK172, career guidance"
FAQ0172,What should I know about placements for ROLE053?,"To prepare for ROLE053, focus on mastering SK173, build projects, complete relevant courses, practice interview questions, and maintain a strong portfolio.",Placements,ROLE053,SK173,Intermediate,"Placements, ROLE053, SK173, career guidance"
FAQ0173,What should I know about ai for ROLE054?,"To prepare for ROLE054, focus on mastering SK174, build projects, complete relevant courses, practice interview questions, and maintain a strong portfolio.",AI,ROLE054,SK174,Advanced,"AI, ROLE054, SK174, career guidance"
FAQ0174,What should I know about cloud for ROLE055?,"To prepare for ROLE055, focus on mastering SK175, build projects, complete relevant courses, practice interview questions, and maintain a strong portfolio.",Cloud,ROLE055,SK175,Beginner,"Cloud, ROLE055, SK175, career guidance"
FAQ0175,What should I know about data science for ROLE056?,"To prepare for ROLE056, focus on mastering SK176, build projects, complete relevant courses, practice interview questions, and maintain a strong portfolio.",Data Science,ROLE056,SK176,Intermediate,"Data Science, ROLE056, SK176, career guidance"
FAQ0176,What should I know about resume for ROLE057?,"To prepare for ROLE057, focus on mastering SK177, build projects, complete relevant courses, practice interview questions, and maintain a strong portfolio.",Resume,ROLE057,SK177,Advanced,"Resume, ROLE057, SK177, career guidance"
FAQ0177,What should I know about interview for ROLE058?,"To prepare for ROLE058, focus on mastering SK178, build projects, complete relevant courses, practice interview questions, and maintain a strong portfolio.",Interview,ROLE058,SK178,Beginner,"Interview, ROLE058, SK178, career guidance"
FAQ0178,What should I know about certification for ROLE059?,"To prepare for ROLE059, focus on mastering SK179, build projects, complete relevant courses, practice interview questions, and maintain a strong portfolio.",Certification,ROLE059,SK179,Intermediate,"Certification, ROLE059, SK179, career guidance"
FAQ0179,What should I know about projects for ROLE060?,"To prepare for ROLE060, focus on mastering SK180, build projects, complete relevant courses, practice interview questions, and maintain a strong portfolio.",Projects,ROLE060,SK180,Advanced,"Projects, ROLE060, SK180, career guidance"
FAQ0180,What should I know about career for ROLE001?,"To prepare for ROLE001, focus on mastering SK181, build projects, complete relevant courses, practice interview questions, and maintain a strong portfolio.",Career,ROLE001,SK181,Beginner,"Career, ROLE001, SK181, career guidance"
FAQ0181,What should I know about skills for ROLE002?,"To prepare for ROLE002, focus on mastering SK182, build projects, complete relevant courses, practice interview questions, and maintain a strong portfolio.",Skills,ROLE002,SK182,Intermediate,"Skills, ROLE002, SK182, career guidance"
FAQ0182,What should I know about placements for ROLE003?,"To prepare for ROLE003, focus on mastering SK183, build projects, complete relevant courses, practice interview questions, and maintain a strong portfolio.",Placements,ROLE003,SK183,Advanced,"Placements, ROLE003, SK183, career guidance"
FAQ0183,What should I know about ai for ROLE004?,"To prepare for ROLE004, focus on mastering SK184, build projects, complete relevant courses, practice interview questions, and maintain a strong portfolio.",AI,ROLE004,SK184,Beginner,"AI, ROLE004, SK184, career guidance"
FAQ0184,What should I know about cloud for ROLE005?,"To prepare for ROLE005, focus on mastering SK185, build projects, complete relevant courses, practice interview questions, and maintain a strong portfolio.",Cloud,ROLE005,SK185,Intermediate,"Cloud, ROLE005, SK185, career guidance"
FAQ0185,What should I know about data science for ROLE006?,"To prepare for ROLE006, focus on mastering SK186, build projects, complete relevant courses, practice interview questions, and maintain a strong portfolio.",Data Science,ROLE006,SK186,Advanced,"Data Science, ROLE006, SK186, career guidance"
FAQ0186,What should I know about resume for ROLE007?,"To prepare for ROLE007, focus on mastering SK187, build projects, complete relevant courses, practice interview questions, and maintain a strong portfolio.",Resume,ROLE007,SK187,Beginner,"Resume, ROLE007, SK187, career guidance"
FAQ0187,What should I know about interview for ROLE008?,"To prepare for ROLE008, focus on mastering SK188, build projects, complete relevant courses, practice interview questions, and maintain a strong portfolio.",Interview,ROLE008,SK188,Intermediate,"Interview, ROLE008, SK188, career guidance"
FAQ0188,What should I know about certification for ROLE009?,"To prepare for ROLE009, focus on mastering SK189, build projects, complete relevant courses, practice interview questions, and maintain a strong portfolio.",Certification,ROLE009,SK189,Advanced,"Certification, ROLE009, SK189, career guidance"
FAQ0189,What should I know about projects for ROLE010?,"To prepare for ROLE010, focus on mastering SK190, build projects, complete relevant courses, practice interview questions, and maintain a strong portfolio.",Projects,ROLE010,SK190,Beginner,"Projects, ROLE010, SK190, career guidance"
FAQ0190,What should I know about career for ROLE011?,"To prepare for ROLE011, focus on mastering SK191, build projects, complete relevant courses, practice interview questions, and maintain a strong portfolio.",Career,ROLE011,SK191,Intermediate,"Career, ROLE011, SK191, career guidance"
FAQ0191,What should I know about skills for ROLE012?,"To prepare for ROLE012, focus on mastering SK192, build projects, complete relevant courses, practice interview questions, and maintain a strong portfolio.",Skills,ROLE012,SK192,Advanced,"Skills, ROLE012, SK192, career guidance"
FAQ0192,What should I know about placements for ROLE013?,"To prepare for ROLE013, focus on mastering SK193, build projects, complete relevant courses, practice interview questions, and maintain a strong portfolio.",Placements,ROLE013,SK193,Beginner,"Placements, ROLE013, SK193, career guidance"
FAQ0193,What should I know about ai for ROLE014?,"To prepare for ROLE014, focus on mastering SK194, build projects, complete relevant courses, practice interview questions, and maintain a strong portfolio.",AI,ROLE014,SK194,Intermediate,"AI, ROLE014, SK194, career guidance"
FAQ0194,What should I know about cloud for ROLE015?,"To prepare for ROLE015, focus on mastering SK195, build projects, complete relevant courses, practice interview questions, and maintain a strong portfolio.",Cloud,ROLE015,SK195,Advanced,"Cloud, ROLE015, SK195, career guidance"
FAQ0195,What should I know about data science for ROLE016?,"To prepare for ROLE016, focus on mastering SK196, build projects, complete relevant courses, practice interview questions, and maintain a strong portfolio.",Data Science,ROLE016,SK196,Beginner,"Data Science, ROLE016, SK196, career guidance"
FAQ0196,What should I know about resume for ROLE017?,"To prepare for ROLE017, focus on mastering SK197, build projects, complete relevant courses, practice interview questions, and maintain a strong portfolio.",Resume,ROLE017,SK197,Intermediate,"Resume, ROLE017, SK197, career guidance"
FAQ0197,What should I know about interview for ROLE018?,"To prepare for ROLE018, focus on mastering SK198, build projects, complete relevant courses, practice interview questions, and maintain a strong portfolio.",Interview,ROLE018,SK198,Advanced,"Interview, ROLE018, SK198, career guidance"
FAQ0198,What should I know about certification for ROLE019?,"To prepare for ROLE019, focus on mastering SK199, build projects, complete relevant courses, practice interview questions, and maintain a strong portfolio.",Certification,ROLE019,SK199,Beginner,"Certification, ROLE019, SK199, career guidance"
FAQ0199,What should I know about projects for ROLE020?,"To prepare for ROLE020, focus on mastering SK200, build projects, complete relevant courses, practice interview questions, and maintain a strong portfolio.",Projects,ROLE020,SK200,Intermediate,"Projects, ROLE020, SK200, career guidance"
FAQ0200,What should I know about career for ROLE021?,"To prepare for ROLE021, focus on mastering SK201, build projects, complete relevant courses, practice interview questions, and maintain a strong portfolio.",Career,ROLE021,SK201,Advanced,"Career, ROLE021, SK201, career guidance"
FAQ0201,What should I know about skills for ROLE022?,"To prepare for ROLE022, focus on mastering SK202, build projects, complete relevant courses, practice interview questions, and maintain a strong portfolio.",Skills,ROLE022,SK202,Beginner,"Skills, ROLE022, SK202, career guidance"
FAQ0202,What should I know about placements for ROLE023?,"To prepare for ROLE023, focus on mastering SK203, build projects, complete relevant courses, practice interview questions, and maintain a strong portfolio.",Placements,ROLE023,SK203,Intermediate,"Placements, ROLE023, SK203, career guidance"
FAQ0203,What should I know about ai for ROLE024?,"To prepare for ROLE024, focus on mastering SK204, build projects, complete relevant courses, practice interview questions, and maintain a strong portfolio.",AI,ROLE024,SK204,Advanced,"AI, ROLE024, SK204, career guidance"
FAQ0204,What should I know about cloud for ROLE025?,"To prepare for ROLE025, focus on mastering SK205, build projects, complete relevant courses, practice interview questions, and maintain a strong portfolio.",Cloud,ROLE025,SK205,Beginner,"Cloud, ROLE025, SK205, career guidance"
FAQ0205,What should I know about data science for ROLE026?,"To prepare for ROLE026, focus on mastering SK206, build projects, complete relevant courses, practice interview questions, and maintain a strong portfolio.",Data Science,ROLE026,SK206,Intermediate,"Data Science, ROLE026, SK206, career guidance"
FAQ0206,What should I know about resume for ROLE027?,"To prepare for ROLE027, focus on mastering SK207, build projects, complete relevant courses, practice interview questions, and maintain a strong portfolio.",Resume,ROLE027,SK207,Advanced,"Resume, ROLE027, SK207, career guidance"
FAQ0207,What should I know about interview for ROLE028?,"To prepare for ROLE028, focus on mastering SK208, build projects, complete relevant courses, practice interview questions, and maintain a strong portfolio.",Interview,ROLE028,SK208,Beginner,"Interview, ROLE028, SK208, career guidance"
FAQ0208,What should I know about certification for ROLE029?,"To prepare for ROLE029, focus on mastering SK209, build projects, complete relevant courses, practice interview questions, and maintain a strong portfolio.",Certification,ROLE029,SK209,Intermediate,"Certification, ROLE029, SK209, career guidance"
FAQ0209,What should I know about projects for ROLE030?,"To prepare for ROLE030, focus on mastering SK210, build projects, complete relevant courses, practice interview questions, and maintain a strong portfolio.",Projects,ROLE030,SK210,Advanced,"Projects, ROLE030, SK210, career guidance"
FAQ0210,What should I know about career for ROLE031?,"To prepare for ROLE031, focus on mastering SK211, build projects, complete relevant courses, practice interview questions, and maintain a strong portfolio.",Career,ROLE031,SK211,Beginner,"Career, ROLE031, SK211, career guidance"
FAQ0211,What should I know about skills for ROLE032?,"To prepare for ROLE032, focus on mastering SK212, build projects, complete relevant courses, practice interview questions, and maintain a strong portfolio.",Skills,ROLE032,SK212,Intermediate,"Skills, ROLE032, SK212, career guidance"
FAQ0212,What should I know about placements for ROLE033?,"To prepare for ROLE033, focus on mastering SK213, build projects, complete relevant courses, practice interview questions, and maintain a strong portfolio.",Placements,ROLE033,SK213,Advanced,"Placements, ROLE033, SK213, career guidance"
FAQ0213,What should I know about ai for ROLE034?,"To prepare for ROLE034, focus on mastering SK214, build projects, complete relevant courses, practice interview questions, and maintain a strong portfolio.",AI,ROLE034,SK214,Beginner,"AI, ROLE034, SK214, career guidance"
FAQ0214,What should I know about cloud for ROLE035?,"To prepare for ROLE035, focus on mastering SK215, build projects, complete relevant courses, practice interview questions, and maintain a strong portfolio.",Cloud,ROLE035,SK215,Intermediate,"Cloud, ROLE035, SK215, career guidance"
FAQ0215,What should I know about data science for ROLE036?,"To prepare for ROLE036, focus on mastering SK216, build projects, complete relevant courses, practice interview questions, and maintain a strong portfolio.",Data Science,ROLE036,SK216,Advanced,"Data Science, ROLE036, SK216, career guidance"
FAQ0216,What should I know about resume for ROLE037?,"To prepare for ROLE037, focus on mastering SK217, build projects, complete relevant courses, practice interview questions, and maintain a strong portfolio.",Resume,ROLE037,SK217,Beginner,"Resume, ROLE037, SK217, career guidance"
FAQ0217,What should I know about interview for ROLE038?,"To prepare for ROLE038, focus on mastering SK218, build projects, complete relevant courses, practice interview questions, and maintain a strong portfolio.",Interview,ROLE038,SK218,Intermediate,"Interview, ROLE038, SK218, career guidance"
FAQ0218,What should I know about certification for ROLE039?,"To prepare for ROLE039, focus on mastering SK219, build projects, complete relevant courses, practice interview questions, and maintain a strong portfolio.",Certification,ROLE039,SK219,Advanced,"Certification, ROLE039, SK219, career guidance"
FAQ0219,What should I know about projects for ROLE040?,"To prepare for ROLE040, focus on mastering SK220, build projects, complete relevant courses, practice interview questions, and maintain a strong portfolio.",Projects,ROLE040,SK220,Beginner,"Projects, ROLE040, SK220, career guidance"
FAQ0220,What should I know about career for ROLE041?,"To prepare for ROLE041, focus on mastering SK221, build projects, complete relevant courses, practice interview questions, and maintain a strong portfolio.",Career,ROLE041,SK221,Intermediate,"Career, ROLE041, SK221, career guidance"
FAQ0221,What should I know about skills for ROLE042?,"To prepare for ROLE042, focus on mastering SK222, build projects, complete relevant courses, practice interview questions, and maintain a strong portfolio.",Skills,ROLE042,SK222,Advanced,"Skills, ROLE042, SK222, career guidance"
FAQ0222,What should I know about placements for ROLE043?,"To prepare for ROLE043, focus on mastering SK223, build projects, complete relevant courses, practice interview questions, and maintain a strong portfolio.",Placements,ROLE043,SK223,Beginner,"Placements, ROLE043, SK223, career guidance"
FAQ0223,What should I know about ai for ROLE044?,"To prepare for ROLE044, focus on mastering SK224, build projects, complete relevant courses, practice interview questions, and maintain a strong portfolio.",AI,ROLE044,SK224,Intermediate,"AI, ROLE044, SK224, career guidance"
FAQ0224,What should I know about cloud for ROLE045?,"To prepare for ROLE045, focus on mastering SK225, build projects, complete relevant courses, practice interview questions, and maintain a strong portfolio.",Cloud,ROLE045,SK225,Advanced,"Cloud, ROLE045, SK225, career guidance"
FAQ0225,What should I know about data science for ROLE046?,"To prepare for ROLE046, focus on mastering SK226, build projects, complete relevant courses, practice interview questions, and maintain a strong portfolio.",Data Science,ROLE046,SK226,Beginner,"Data Science, ROLE046, SK226, career guidance"
FAQ0226,What should I know about resume for ROLE047?,"To prepare for ROLE047, focus on mastering SK227, build projects, complete relevant courses, practice interview questions, and maintain a strong portfolio.",Resume,ROLE047,SK227,Intermediate,"Resume, ROLE047, SK227, career guidance"
FAQ0227,What should I know about interview for ROLE048?,"To prepare for ROLE048, focus on mastering SK228, build projects, complete relevant courses, practice interview questions, and maintain a strong portfolio.",Interview,ROLE048,SK228,Advanced,"Interview, ROLE048, SK228, career guidance"
FAQ0228,What should I know about certification for ROLE049?,"To prepare for ROLE049, focus on mastering SK229, build projects, complete relevant courses, practice interview questions, and maintain a strong portfolio.",Certification,ROLE049,SK229,Beginner,"Certification, ROLE049, SK229, career guidance"
FAQ0229,What should I know about projects for ROLE050?,"To prepare for ROLE050, focus on mastering SK230, build projects, complete relevant courses, practice interview questions, and maintain a strong portfolio.",Projects,ROLE050,SK230,Intermediate,"Projects, ROLE050, SK230, career guidance"
FAQ0230,What should I know about career for ROLE051?,"To prepare for ROLE051, focus on mastering SK231, build projects, complete relevant courses, practice interview questions, and maintain a strong portfolio.",Career,ROLE051,SK231,Advanced,"Career, ROLE051, SK231, career guidance"
FAQ0231,What should I know about skills for ROLE052?,"To prepare for ROLE052, focus on mastering SK232, build projects, complete relevant courses, practice interview questions, and maintain a strong portfolio.",Skills,ROLE052,SK232,Beginner,"Skills, ROLE052, SK232, career guidance"
FAQ0232,What should I know about placements for ROLE053?,"To prepare for ROLE053, focus on mastering SK233, build projects, complete relevant courses, practice interview questions, and maintain a strong portfolio.",Placements,ROLE053,SK233,Intermediate,"Placements, ROLE053, SK233, career guidance"
FAQ0233,What should I know about ai for ROLE054?,"To prepare for ROLE054, focus on mastering SK234, build projects, complete relevant courses, practice interview questions, and maintain a strong portfolio.",AI,ROLE054,SK234,Advanced,"AI, ROLE054, SK234, career guidance"
FAQ0234,What should I know about cloud for ROLE055?,"To prepare for ROLE055, focus on mastering SK235, build projects, complete relevant courses, practice interview questions, and maintain a strong portfolio.",Cloud,ROLE055,SK235,Beginner,"Cloud, ROLE055, SK235, career guidance"
FAQ0235,What should I know about data science for ROLE056?,"To prepare for ROLE056, focus on mastering SK236, build projects, complete relevant courses, practice interview questions, and maintain a strong portfolio.",Data Science,ROLE056,SK236,Intermediate,"Data Science, ROLE056, SK236, career guidance"
FAQ0236,What should I know about resume for ROLE057?,"To prepare for ROLE057, focus on mastering SK237, build projects, complete relevant courses, practice interview questions, and maintain a strong portfolio.",Resume,ROLE057,SK237,Advanced,"Resume, ROLE057, SK237, career guidance"
FAQ0237,What should I know about interview for ROLE058?,"To prepare for ROLE058, focus on mastering SK238, build projects, complete relevant courses, practice interview questions, and maintain a strong portfolio.",Interview,ROLE058,SK238,Beginner,"Interview, ROLE058, SK238, career guidance"
FAQ0238,What should I know about certification for ROLE059?,"To prepare for ROLE059, focus on mastering SK239, build projects, complete relevant courses, practice interview questions, and maintain a strong portfolio.",Certification,ROLE059,SK239,Intermediate,"Certification, ROLE059, SK239, career guidance"
FAQ0239,What should I know about projects for ROLE060?,"To prepare for ROLE060, focus on mastering SK240, build projects, complete relevant courses, practice interview questions, and maintain a strong portfolio.",Projects,ROLE060,SK240,Advanced,"Projects, ROLE060, SK240, career guidance"
FAQ0240,What should I know about career for ROLE001?,"To prepare for ROLE001, focus on mastering SK241, build projects, complete relevant courses, practice interview questions, and maintain a strong portfolio.",Career,ROLE001,SK241,Beginner,"Career, ROLE001, SK241, career guidance"
FAQ0241,What should I know about skills for ROLE002?,"To prepare for ROLE002, focus on mastering SK242, build projects, complete relevant courses, practice interview questions, and maintain a strong portfolio.",Skills,ROLE002,SK242,Intermediate,"Skills, ROLE002, SK242, career guidance"
FAQ0242,What should I know about placements for ROLE003?,"To prepare for ROLE003, focus on mastering SK243, build projects, complete relevant courses, practice interview questions, and maintain a strong portfolio.",Placements,ROLE003,SK243,Advanced,"Placements, ROLE003, SK243, career guidance"
FAQ0243,What should I know about ai for ROLE004?,"To prepare for ROLE004, focus on mastering SK244, build projects, complete relevant courses, practice interview questions, and maintain a strong portfolio.",AI,ROLE004,SK244,Beginner,"AI, ROLE004, SK244, career guidance"
FAQ0244,What should I know about cloud for ROLE005?,"To prepare for ROLE005, focus on mastering SK245, build projects, complete relevant courses, practice interview questions, and maintain a strong portfolio.",Cloud,ROLE005,SK245,Intermediate,"Cloud, ROLE005, SK245, career guidance"
FAQ0245,What should I know about data science for ROLE006?,"To prepare for ROLE006, focus on mastering SK246, build projects, complete relevant courses, practice interview questions, and maintain a strong portfolio.",Data Science,ROLE006,SK246,Advanced,"Data Science, ROLE006, SK246, career guidance"
FAQ0246,What should I know about resume for ROLE007?,"To prepare for ROLE007, focus on mastering SK247, build projects, complete relevant courses, practice interview questions, and maintain a strong portfolio.",Resume,ROLE007,SK247,Beginner,"Resume, ROLE007, SK247, career guidance"
FAQ0247,What should I know about interview for ROLE008?,"To prepare for ROLE008, focus on mastering SK248, build projects, complete relevant courses, practice interview questions, and maintain a strong portfolio.",Interview,ROLE008,SK248,Intermediate,"Interview, ROLE008, SK248, career guidance"
FAQ0248,What should I know about certification for ROLE009?,"To prepare for ROLE009, focus on mastering SK249, build projects, complete relevant courses, practice interview questions, and maintain a strong portfolio.",Certification,ROLE009,SK249,Advanced,"Certification, ROLE009, SK249, career guidance"
FAQ0249,What should I know about projects for ROLE010?,"To prepare for ROLE010, focus on mastering SK250, build projects, complete relevant courses, practice interview questions, and maintain a strong portfolio.",Projects,ROLE010,SK250,Beginner,"Projects, ROLE010, SK250, career guidance"
FAQ0250,What should I know about career for ROLE011?,"To prepare for ROLE011, focus on mastering SK251, build projects, complete relevant courses, practice interview questions, and maintain a strong portfolio.",Career,ROLE011,SK251,Intermediate,"Career, ROLE011, SK251, career guidance"
FAQ0251,What should I know about skills for ROLE012?,"To prepare for ROLE012, focus on mastering SK252, build projects, complete relevant courses, practice interview questions, and maintain a strong portfolio.",Skills,ROLE012,SK252,Advanced,"Skills, ROLE012, SK252, career guidance"
FAQ0252,What should I know about placements for ROLE013?,"To prepare for ROLE013, focus on mastering SK253, build projects, complete relevant courses, practice interview questions, and maintain a strong portfolio.",Placements,ROLE013,SK253,Beginner,"Placements, ROLE013, SK253, career guidance"
FAQ0253,What should I know about ai for ROLE014?,"To prepare for ROLE014, focus on mastering SK254, build projects, complete relevant courses, practice interview questions, and maintain a strong portfolio.",AI,ROLE014,SK254,Intermediate,"AI, ROLE014, SK254, career guidance"
FAQ0254,What should I know about cloud for ROLE015?,"To prepare for ROLE015, focus on mastering SK255, build projects, complete relevant courses, practice interview questions, and maintain a strong portfolio.",Cloud,ROLE015,SK255,Advanced,"Cloud, ROLE015, SK255, career guidance"
FAQ0255,What should I know about data science for ROLE016?,"To prepare for ROLE016, focus on mastering SK256, build projects, complete relevant courses, practice interview questions, and maintain a strong portfolio.",Data Science,ROLE016,SK256,Beginner,"Data Science, ROLE016, SK256, career guidance"
FAQ0256,What should I know about resume for ROLE017?,"To prepare for ROLE017, focus on mastering SK257, build projects, complete relevant courses, practice interview questions, and maintain a strong portfolio.",Resume,ROLE017,SK257,Intermediate,"Resume, ROLE017, SK257, career guidance"
FAQ0257,What should I know about interview for ROLE018?,"To prepare for ROLE018, focus on mastering SK258, build projects, complete relevant courses, practice interview questions, and maintain a strong portfolio.",Interview,ROLE018,SK258,Advanced,"Interview, ROLE018, SK258, career guidance"
FAQ0258,What should I know about certification for ROLE019?,"To prepare for ROLE019, focus on mastering SK259, build projects, complete relevant courses, practice interview questions, and maintain a strong portfolio.",Certification,ROLE019,SK259,Beginner,"Certification, ROLE019, SK259, career guidance"
FAQ0259,What should I know about projects for ROLE020?,"To prepare for ROLE020, focus on mastering SK260, build projects, complete relevant courses, practice interview questions, and maintain a strong portfolio.",Projects,ROLE020,SK260,Intermediate,"Projects, ROLE020, SK260, career guidance"
FAQ0260,What should I know about career for ROLE021?,"To prepare for ROLE021, focus on mastering SK261, build projects, complete relevant courses, practice interview questions, and maintain a strong portfolio.",Career,ROLE021,SK261,Advanced,"Career, ROLE021, SK261, career guidance"
FAQ0261,What should I know about skills for ROLE022?,"To prepare for ROLE022, focus on mastering SK262, build projects, complete relevant courses, practice interview questions, and maintain a strong portfolio.",Skills,ROLE022,SK262,Beginner,"Skills, ROLE022, SK262, career guidance"
FAQ0262,What should I know about placements for ROLE023?,"To prepare for ROLE023, focus on mastering SK263, build projects, complete relevant courses, practice interview questions, and maintain a strong portfolio.",Placements,ROLE023,SK263,Intermediate,"Placements, ROLE023, SK263, career guidance"
FAQ0263,What should I know about ai for ROLE024?,"To prepare for ROLE024, focus on mastering SK264, build projects, complete relevant courses, practice interview questions, and maintain a strong portfolio.",AI,ROLE024,SK264,Advanced,"AI, ROLE024, SK264, career guidance"
FAQ0264,What should I know about cloud for ROLE025?,"To prepare for ROLE025, focus on mastering SK265, build projects, complete relevant courses, practice interview questions, and maintain a strong portfolio.",Cloud,ROLE025,SK265,Beginner,"Cloud, ROLE025, SK265, career guidance"
FAQ0265,What should I know about data science for ROLE026?,"To prepare for ROLE026, focus on mastering SK266, build projects, complete relevant courses, practice interview questions, and maintain a strong portfolio.",Data Science,ROLE026,SK266,Intermediate,"Data Science, ROLE026, SK266, career guidance"
FAQ0266,What should I know about resume for ROLE027?,"To prepare for ROLE027, focus on mastering SK267, build projects, complete relevant courses, practice interview questions, and maintain a strong portfolio.",Resume,ROLE027,SK267,Advanced,"Resume, ROLE027, SK267, career guidance"
FAQ0267,What should I know about interview for ROLE028?,"To prepare for ROLE028, focus on mastering SK268, build projects, complete relevant courses, practice interview questions, and maintain a strong portfolio.",Interview,ROLE028,SK268,Beginner,"Interview, ROLE028, SK268, career guidance"
FAQ0268,What should I know about certification for ROLE029?,"To prepare for ROLE029, focus on mastering SK269, build projects, complete relevant courses, practice interview questions, and maintain a strong portfolio.",Certification,ROLE029,SK269,Intermediate,"Certification, ROLE029, SK269, career guidance"
FAQ0269,What should I know about projects for ROLE030?,"To prepare for ROLE030, focus on mastering SK270, build projects, complete relevant courses, practice interview questions, and maintain a strong portfolio.",Projects,ROLE030,SK270,Advanced,"Projects, ROLE030, SK270, career guidance"
FAQ0270,What should I know about career for ROLE031?,"To prepare for ROLE031, focus on mastering SK271, build projects, complete relevant courses, practice interview questions, and maintain a strong portfolio.",Career,ROLE031,SK271,Beginner,"Career, ROLE031, SK271, career guidance"
FAQ0271,What should I know about skills for ROLE032?,"To prepare for ROLE032, focus on mastering SK272, build projects, complete relevant courses, practice interview questions, and maintain a strong portfolio.",Skills,ROLE032,SK272,Intermediate,"Skills, ROLE032, SK272, career guidance"
FAQ0272,What should I know about placements for ROLE033?,"To prepare for ROLE033, focus on mastering SK273, build projects, complete relevant courses, practice interview questions, and maintain a strong portfolio.",Placements,ROLE033,SK273,Advanced,"Placements, ROLE033, SK273, career guidance"
FAQ0273,What should I know about ai for ROLE034?,"To prepare for ROLE034, focus on mastering SK274, build projects, complete relevant courses, practice interview questions, and maintain a strong portfolio.",AI,ROLE034,SK274,Beginner,"AI, ROLE034, SK274, career guidance"
FAQ0274,What should I know about cloud for ROLE035?,"To prepare for ROLE035, focus on mastering SK275, build projects, complete relevant courses, practice interview questions, and maintain a strong portfolio.",Cloud,ROLE035,SK275,Intermediate,"Cloud, ROLE035, SK275, career guidance"
FAQ0275,What should I know about data science for ROLE036?,"To prepare for ROLE036, focus on mastering SK276, build projects, complete relevant courses, practice interview questions, and maintain a strong portfolio.",Data Science,ROLE036,SK276,Advanced,"Data Science, ROLE036, SK276, career guidance"
FAQ0276,What should I know about resume for ROLE037?,"To prepare for ROLE037, focus on mastering SK277, build projects, complete relevant courses, practice interview questions, and maintain a strong portfolio.",Resume,ROLE037,SK277,Beginner,"Resume, ROLE037, SK277, career guidance"
FAQ0277,What should I know about interview for ROLE038?,"To prepare for ROLE038, focus on mastering SK278, build projects, complete relevant courses, practice interview questions, and maintain a strong portfolio.",Interview,ROLE038,SK278,Intermediate,"Interview, ROLE038, SK278, career guidance"
FAQ0278,What should I know about certification for ROLE039?,"To prepare for ROLE039, focus on mastering SK279, build projects, complete relevant courses, practice interview questions, and maintain a strong portfolio.",Certification,ROLE039,SK279,Advanced,"Certification, ROLE039, SK279, career guidance"
FAQ0279,What should I know about projects for ROLE040?,"To prepare for ROLE040, focus on mastering SK001, build projects, complete relevant courses, practice interview questions, and maintain a strong portfolio.",Projects,ROLE040,SK001,Beginner,"Projects, ROLE040, SK001, career guidance"
FAQ0280,What should I know about career for ROLE041?,"To prepare for ROLE041, focus on mastering SK002, build projects, complete relevant courses, practice interview questions, and maintain a strong portfolio.",Career,ROLE041,SK002,Intermediate,"Career, ROLE041, SK002, career guidance"
FAQ0281,What should I know about skills for ROLE042?,"To prepare for ROLE042, focus on mastering SK003, build projects, complete relevant courses, practice interview questions, and maintain a strong portfolio.",Skills,ROLE042,SK003,Advanced,"Skills, ROLE042, SK003, career guidance"
FAQ0282,What should I know about placements for ROLE043?,"To prepare for ROLE043, focus on mastering SK004, build projects, complete relevant courses, practice interview questions, and maintain a strong portfolio.",Placements,ROLE043,SK004,Beginner,"Placements, ROLE043, SK004, career guidance"
FAQ0283,What should I know about ai for ROLE044?,"To prepare for ROLE044, focus on mastering SK005, build projects, complete relevant courses, practice interview questions, and maintain a strong portfolio.",AI,ROLE044,SK005,Intermediate,"AI, ROLE044, SK005, career guidance"
FAQ0284,What should I know about cloud for ROLE045?,"To prepare for ROLE045, focus on mastering SK006, build projects, complete relevant courses, practice interview questions, and maintain a strong portfolio.",Cloud,ROLE045,SK006,Advanced,"Cloud, ROLE045, SK006, career guidance"
FAQ0285,What should I know about data science for ROLE046?,"To prepare for ROLE046, focus on mastering SK007, build projects, complete relevant courses, practice interview questions, and maintain a strong portfolio.",Data Science,ROLE046,SK007,Beginner,"Data Science, ROLE046, SK007, career guidance"
FAQ0286,What should I know about resume for ROLE047?,"To prepare for ROLE047, focus on mastering SK008, build projects, complete relevant courses, practice interview questions, and maintain a strong portfolio.",Resume,ROLE047,SK008,Intermediate,"Resume, ROLE047, SK008, career guidance"
FAQ0287,What should I know about interview for ROLE048?,"To prepare for ROLE048, focus on mastering SK009, build projects, complete relevant courses, practice interview questions, and maintain a strong portfolio.",Interview,ROLE048,SK009,Advanced,"Interview, ROLE048, SK009, career guidance"
FAQ0288,What should I know about certification for ROLE049?,"To prepare for ROLE049, focus on mastering SK010, build projects, complete relevant courses, practice interview questions, and maintain a strong portfolio.",Certification,ROLE049,SK010,Beginner,"Certification, ROLE049, SK010, career guidance"
FAQ0289,What should I know about projects for ROLE050?,"To prepare for ROLE050, focus on mastering SK011, build projects, complete relevant courses, practice interview questions, and maintain a strong portfolio.",Projects,ROLE050,SK011,Intermediate,"Projects, ROLE050, SK011, career guidance"
FAQ0290,What should I know about career for ROLE051?,"To prepare for ROLE051, focus on mastering SK012, build projects, complete relevant courses, practice interview questions, and maintain a strong portfolio.",Career,ROLE051,SK012,Advanced,"Career, ROLE051, SK012, career guidance"
FAQ0291,What should I know about skills for ROLE052?,"To prepare for ROLE052, focus on mastering SK013, build projects, complete relevant courses, practice interview questions, and maintain a strong portfolio.",Skills,ROLE052,SK013,Beginner,"Skills, ROLE052, SK013, career guidance"
FAQ0292,What should I know about placements for ROLE053?,"To prepare for ROLE053, focus on mastering SK014, build projects, complete relevant courses, practice interview questions, and maintain a strong portfolio.",Placements,ROLE053,SK014,Intermediate,"Placements, ROLE053, SK014, career guidance"
FAQ0293,What should I know about ai for ROLE054?,"To prepare for ROLE054, focus on mastering SK015, build projects, complete relevant courses, practice interview questions, and maintain a strong portfolio.",AI,ROLE054,SK015,Advanced,"AI, ROLE054, SK015, career guidance"
FAQ0294,What should I know about cloud for ROLE055?,"To prepare for ROLE055, focus on mastering SK016, build projects, complete relevant courses, practice interview questions, and maintain a strong portfolio.",Cloud,ROLE055,SK016,Beginner,"Cloud, ROLE055, SK016, career guidance"
FAQ0295,What should I know about data science for ROLE056?,"To prepare for ROLE056, focus on mastering SK017, build projects, complete relevant courses, practice interview questions, and maintain a strong portfolio.",Data Science,ROLE056,SK017,Intermediate,"Data Science, ROLE056, SK017, career guidance"
FAQ0296,What should I know about resume for ROLE057?,"To prepare for ROLE057, focus on mastering SK018, build projects, complete relevant courses, practice interview questions, and maintain a strong portfolio.",Resume,ROLE057,SK018,Advanced,"Resume, ROLE057, SK018, career guidance"
FAQ0297,What should I know about interview for ROLE058?,"To prepare for ROLE058, focus on mastering SK019, build projects, complete relevant courses, practice interview questions, and maintain a strong portfolio.",Interview,ROLE058,SK019,Beginner,"Interview, ROLE058, SK019, career guidance"
FAQ0298,What should I know about certification for ROLE059?,"To prepare for ROLE059, focus on mastering SK020, build projects, complete relevant courses, practice interview questions, and maintain a strong portfolio.",Certification,ROLE059,SK020,Intermediate,"Certification, ROLE059, SK020, career guidance"
FAQ0299,What should I know about projects for ROLE060?,"To prepare for ROLE060, focus on mastering SK021, build projects, complete relevant courses, practice interview questions, and maintain a strong portfolio.",Projects,ROLE060,SK021,Advanced,"Projects, ROLE060, SK021, career guidance"
FAQ0300,What should I know about career for ROLE001?,"To prepare for ROLE001, focus on mastering SK022, build projects, complete relevant courses, practice interview questions, and maintain a strong portfolio.",Career,ROLE001,SK022,Beginner,"Career, ROLE001, SK022, career guidance"
FAQ0301,What should I know about skills for ROLE002?,"To prepare for ROLE002, focus on mastering SK023, build projects, complete relevant courses, practice interview questions, and maintain a strong portfolio.",Skills,ROLE002,SK023,Intermediate,"Skills, ROLE002, SK023, career guidance"
FAQ0302,What should I know about placements for ROLE003?,"To prepare for ROLE003, focus on mastering SK024, build projects, complete relevant courses, practice interview questions, and maintain a strong portfolio.",Placements,ROLE003,SK024,Advanced,"Placements, ROLE003, SK024, career guidance"
FAQ0303,What should I know about ai for ROLE004?,"To prepare for ROLE004, focus on mastering SK025, build projects, complete relevant courses, practice interview questions, and maintain a strong portfolio.",AI,ROLE004,SK025,Beginner,"AI, ROLE004, SK025, career guidance"
FAQ0304,What should I know about cloud for ROLE005?,"To prepare for ROLE005, focus on mastering SK026, build projects, complete relevant courses, practice interview questions, and maintain a strong portfolio.",Cloud,ROLE005,SK026,Intermediate,"Cloud, ROLE005, SK026, career guidance"
FAQ0305,What should I know about data science for ROLE006?,"To prepare for ROLE006, focus on mastering SK027, build projects, complete relevant courses, practice interview questions, and maintain a strong portfolio.",Data Science,ROLE006,SK027,Advanced,"Data Science, ROLE006, SK027, career guidance"
FAQ0306,What should I know about resume for ROLE007?,"To prepare for ROLE007, focus on mastering SK028, build projects, complete relevant courses, practice interview questions, and maintain a strong portfolio.",Resume,ROLE007,SK028,Beginner,"Resume, ROLE007, SK028, career guidance"
FAQ0307,What should I know about interview for ROLE008?,"To prepare for ROLE008, focus on mastering SK029, build projects, complete relevant courses, practice interview questions, and maintain a strong portfolio.",Interview,ROLE008,SK029,Intermediate,"Interview, ROLE008, SK029, career guidance"
FAQ0308,What should I know about certification for ROLE009?,"To prepare for ROLE009, focus on mastering SK030, build projects, complete relevant courses, practice interview questions, and maintain a strong portfolio.",Certification,ROLE009,SK030,Advanced,"Certification, ROLE009, SK030, career guidance"
FAQ0309,What should I know about projects for ROLE010?,"To prepare for ROLE010, focus on mastering SK031, build projects, complete relevant courses, practice interview questions, and maintain a strong portfolio.",Projects,ROLE010,SK031,Beginner,"Projects, ROLE010, SK031, career guidance"
FAQ0310,What should I know about career for ROLE011?,"To prepare for ROLE011, focus on mastering SK032, build projects, complete relevant courses, practice interview questions, and maintain a strong portfolio.",Career,ROLE011,SK032,Intermediate,"Career, ROLE011, SK032, career guidance"
FAQ0311,What should I know about skills for ROLE012?,"To prepare for ROLE012, focus on mastering SK033, build projects, complete relevant courses, practice interview questions, and maintain a strong portfolio.",Skills,ROLE012,SK033,Advanced,"Skills, ROLE012, SK033, career guidance"
FAQ0312,What should I know about placements for ROLE013?,"To prepare for ROLE013, focus on mastering SK034, build projects, complete relevant courses, practice interview questions, and maintain a strong portfolio.",Placements,ROLE013,SK034,Beginner,"Placements, ROLE013, SK034, career guidance"
FAQ0313,What should I know about ai for ROLE014?,"To prepare for ROLE014, focus on mastering SK035, build projects, complete relevant courses, practice interview questions, and maintain a strong portfolio.",AI,ROLE014,SK035,Intermediate,"AI, ROLE014, SK035, career guidance"
FAQ0314,What should I know about cloud for ROLE015?,"To prepare for ROLE015, focus on mastering SK036, build projects, complete relevant courses, practice interview questions, and maintain a strong portfolio.",Cloud,ROLE015,SK036,Advanced,"Cloud, ROLE015, SK036, career guidance"
FAQ0315,What should I know about data science for ROLE016?,"To prepare for ROLE016, focus on mastering SK037, build projects, complete relevant courses, practice interview questions, and maintain a strong portfolio.",Data Science,ROLE016,SK037,Beginner,"Data Science, ROLE016, SK037, career guidance"
FAQ0316,What should I know about resume for ROLE017?,"To prepare for ROLE017, focus on mastering SK038, build projects, complete relevant courses, practice interview questions, and maintain a strong portfolio.",Resume,ROLE017,SK038,Intermediate,"Resume, ROLE017, SK038, career guidance"
FAQ0317,What should I know about interview for ROLE018?,"To prepare for ROLE018, focus on mastering SK039, build projects, complete relevant courses, practice interview questions, and maintain a strong portfolio.",Interview,ROLE018,SK039,Advanced,"Interview, ROLE018, SK039, career guidance"
FAQ0318,What should I know about certification for ROLE019?,"To prepare for ROLE019, focus on mastering SK040, build projects, complete relevant courses, practice interview questions, and maintain a strong portfolio.",Certification,ROLE019,SK040,Beginner,"Certification, ROLE019, SK040, career guidance"
FAQ0319,What should I know about projects for ROLE020?,"To prepare for ROLE020, focus on mastering SK041, build projects, complete relevant courses, practice interview questions, and maintain a strong portfolio.",Projects,ROLE020,SK041,Intermediate,"Projects, ROLE020, SK041, career guidance"
FAQ0320,What should I know about career for ROLE021?,"To prepare for ROLE021, focus on mastering SK042, build projects, complete relevant courses, practice interview questions, and maintain a strong portfolio.",Career,ROLE021,SK042,Advanced,"Career, ROLE021, SK042, career guidance"
FAQ0321,What should I know about skills for ROLE022?,"To prepare for ROLE022, focus on mastering SK043, build projects, complete relevant courses, practice interview questions, and maintain a strong portfolio.",Skills,ROLE022,SK043,Beginner,"Skills, ROLE022, SK043, career guidance"
FAQ0322,What should I know about placements for ROLE023?,"To prepare for ROLE023, focus on mastering SK044, build projects, complete relevant courses, practice interview questions, and maintain a strong portfolio.",Placements,ROLE023,SK044,Intermediate,"Placements, ROLE023, SK044, career guidance"
FAQ0323,What should I know about ai for ROLE024?,"To prepare for ROLE024, focus on mastering SK045, build projects, complete relevant courses, practice interview questions, and maintain a strong portfolio.",AI,ROLE024,SK045,Advanced,"AI, ROLE024, SK045, career guidance"
FAQ0324,What should I know about cloud for ROLE025?,"To prepare for ROLE025, focus on mastering SK046, build projects, complete relevant courses, practice interview questions, and maintain a strong portfolio.",Cloud,ROLE025,SK046,Beginner,"Cloud, ROLE025, SK046, career guidance"
FAQ0325,What should I know about data science for ROLE026?,"To prepare for ROLE026, focus on mastering SK047, build projects, complete relevant courses, practice interview questions, and maintain a strong portfolio.",Data Science,ROLE026,SK047,Intermediate,"Data Science, ROLE026, SK047, career guidance"
FAQ0326,What should I know about resume for ROLE027?,"To prepare for ROLE027, focus on mastering SK048, build projects, complete relevant courses, practice interview questions, and maintain a strong portfolio.",Resume,ROLE027,SK048,Advanced,"Resume, ROLE027, SK048, career guidance"
FAQ0327,What should I know about interview for ROLE028?,"To prepare for ROLE028, focus on mastering SK049, build projects, complete relevant courses, practice interview questions, and maintain a strong portfolio.",Interview,ROLE028,SK049,Beginner,"Interview, ROLE028, SK049, career guidance"
FAQ0328,What should I know about certification for ROLE029?,"To prepare for ROLE029, focus on mastering SK050, build projects, complete relevant courses, practice interview questions, and maintain a strong portfolio.",Certification,ROLE029,SK050,Intermediate,"Certification, ROLE029, SK050, career guidance"
FAQ0329,What should I know about projects for ROLE030?,"To prepare for ROLE030, focus on mastering SK051, build projects, complete relevant courses, practice interview questions, and maintain a strong portfolio.",Projects,ROLE030,SK051,Advanced,"Projects, ROLE030, SK051, career guidance"
FAQ0330,What should I know about career for ROLE031?,"To prepare for ROLE031, focus on mastering SK052, build projects, complete relevant courses, practice interview questions, and maintain a strong portfolio.",Career,ROLE031,SK052,Beginner,"Career, ROLE031, SK052, career guidance"
FAQ0331,What should I know about skills for ROLE032?,"To prepare for ROLE032, focus on mastering SK053, build projects, complete relevant courses, practice interview questions, and maintain a strong portfolio.",Skills,ROLE032,SK053,Intermediate,"Skills, ROLE032, SK053, career guidance"
FAQ0332,What should I know about placements for ROLE033?,"To prepare for ROLE033, focus on mastering SK054, build projects, complete relevant courses, practice interview questions, and maintain a strong portfolio.",Placements,ROLE033,SK054,Advanced,"Placements, ROLE033, SK054, career guidance"
FAQ0333,What should I know about ai for ROLE034?,"To prepare for ROLE034, focus on mastering SK055, build projects, complete relevant courses, practice interview questions, and maintain a strong portfolio.",AI,ROLE034,SK055,Beginner,"AI, ROLE034, SK055, career guidance"
FAQ0334,What should I know about cloud for ROLE035?,"To prepare for ROLE035, focus on mastering SK056, build projects, complete relevant courses, practice interview questions, and maintain a strong portfolio.",Cloud,ROLE035,SK056,Intermediate,"Cloud, ROLE035, SK056, career guidance"
FAQ0335,What should I know about data science for ROLE036?,"To prepare for ROLE036, focus on mastering SK057, build projects, complete relevant courses, practice interview questions, and maintain a strong portfolio.",Data Science,ROLE036,SK057,Advanced,"Data Science, ROLE036, SK057, career guidance"
FAQ0336,What should I know about resume for ROLE037?,"To prepare for ROLE037, focus on mastering SK058, build projects, complete relevant courses, practice interview questions, and maintain a strong portfolio.",Resume,ROLE037,SK058,Beginner,"Resume, ROLE037, SK058, career guidance"
FAQ0337,What should I know about interview for ROLE038?,"To prepare for ROLE038, focus on mastering SK059, build projects, complete relevant courses, practice interview questions, and maintain a strong portfolio.",Interview,ROLE038,SK059,Intermediate,"Interview, ROLE038, SK059, career guidance"
FAQ0338,What should I know about certification for ROLE039?,"To prepare for ROLE039, focus on mastering SK060, build projects, complete relevant courses, practice interview questions, and maintain a strong portfolio.",Certification,ROLE039,SK060,Advanced,"Certification, ROLE039, SK060, career guidance"
FAQ0339,What should I know about projects for ROLE040?,"To prepare for ROLE040, focus on mastering SK061, build projects, complete relevant courses, practice interview questions, and maintain a strong portfolio.",Projects,ROLE040,SK061,Beginner,"Projects, ROLE040, SK061, career guidance"
FAQ0340,What should I know about career for ROLE041?,"To prepare for ROLE041, focus on mastering SK062, build projects, complete relevant courses, practice interview questions, and maintain a strong portfolio.",Career,ROLE041,SK062,Intermediate,"Career, ROLE041, SK062, career guidance"
FAQ0341,What should I know about skills for ROLE042?,"To prepare for ROLE042, focus on mastering SK063, build projects, complete relevant courses, practice interview questions, and maintain a strong portfolio.",Skills,ROLE042,SK063,Advanced,"Skills, ROLE042, SK063, career guidance"
FAQ0342,What should I know about placements for ROLE043?,"To prepare for ROLE043, focus on mastering SK064, build projects, complete relevant courses, practice interview questions, and maintain a strong portfolio.",Placements,ROLE043,SK064,Beginner,"Placements, ROLE043, SK064, career guidance"
FAQ0343,What should I know about ai for ROLE044?,"To prepare for ROLE044, focus on mastering SK065, build projects, complete relevant courses, practice interview questions, and maintain a strong portfolio.",AI,ROLE044,SK065,Intermediate,"AI, ROLE044, SK065, career guidance"
FAQ0344,What should I know about cloud for ROLE045?,"To prepare for ROLE045, focus on mastering SK066, build projects, complete relevant courses, practice interview questions, and maintain a strong portfolio.",Cloud,ROLE045,SK066,Advanced,"Cloud, ROLE045, SK066, career guidance"
FAQ0345,What should I know about data science for ROLE046?,"To prepare for ROLE046, focus on mastering SK067, build projects, complete relevant courses, practice interview questions, and maintain a strong portfolio.",Data Science,ROLE046,SK067,Beginner,"Data Science, ROLE046, SK067, career guidance"
FAQ0346,What should I know about resume for ROLE047?,"To prepare for ROLE047, focus on mastering SK068, build projects, complete relevant courses, practice interview questions, and maintain a strong portfolio.",Resume,ROLE047,SK068,Intermediate,"Resume, ROLE047, SK068, career guidance"
FAQ0347,What should I know about interview for ROLE048?,"To prepare for ROLE048, focus on mastering SK069, build projects, complete relevant courses, practice interview questions, and maintain a strong portfolio.",Interview,ROLE048,SK069,Advanced,"Interview, ROLE048, SK069, career guidance"
FAQ0348,What should I know about certification for ROLE049?,"To prepare for ROLE049, focus on mastering SK070, build projects, complete relevant courses, practice interview questions, and maintain a strong portfolio.",Certification,ROLE049,SK070,Beginner,"Certification, ROLE049, SK070, career guidance"
FAQ0349,What should I know about projects for ROLE050?,"To prepare for ROLE050, focus on mastering SK071, build projects, complete relevant courses, practice interview questions, and maintain a strong portfolio.",Projects,ROLE050,SK071,Intermediate,"Projects, ROLE050, SK071, career guidance"
FAQ0350,What should I know about career for ROLE051?,"To prepare for ROLE051, focus on mastering SK072, build projects, complete relevant courses, practice interview questions, and maintain a strong portfolio.",Career,ROLE051,SK072,Advanced,"Career, ROLE051, SK072, career guidance"
FAQ0351,What should I know about skills for ROLE052?,"To prepare for ROLE052, focus on mastering SK073, build projects, complete relevant courses, practice interview questions, and maintain a strong portfolio.",Skills,ROLE052,SK073,Beginner,"Skills, ROLE052, SK073, career guidance"
FAQ0352,What should I know about placements for ROLE053?,"To prepare for ROLE053, focus on mastering SK074, build projects, complete relevant courses, practice interview questions, and maintain a strong portfolio.",Placements,ROLE053,SK074,Intermediate,"Placements, ROLE053, SK074, career guidance"
FAQ0353,What should I know about ai for ROLE054?,"To prepare for ROLE054, focus on mastering SK075, build projects, complete relevant courses, practice interview questions, and maintain a strong portfolio.",AI,ROLE054,SK075,Advanced,"AI, ROLE054, SK075, career guidance"
FAQ0354,What should I know about cloud for ROLE055?,"To prepare for ROLE055, focus on mastering SK076, build projects, complete relevant courses, practice interview questions, and maintain a strong portfolio.",Cloud,ROLE055,SK076,Beginner,"Cloud, ROLE055, SK076, career guidance"
FAQ0355,What should I know about data science for ROLE056?,"To prepare for ROLE056, focus on mastering SK077, build projects, complete relevant courses, practice interview questions, and maintain a strong portfolio.",Data Science,ROLE056,SK077,Intermediate,"Data Science, ROLE056, SK077, career guidance"
FAQ0356,What should I know about resume for ROLE057?,"To prepare for ROLE057, focus on mastering SK078, build projects, complete relevant courses, practice interview questions, and maintain a strong portfolio.",Resume,ROLE057,SK078,Advanced,"Resume, ROLE057, SK078, career guidance"
FAQ0357,What should I know about interview for ROLE058?,"To prepare for ROLE058, focus on mastering SK079, build projects, complete relevant courses, practice interview questions, and maintain a strong portfolio.",Interview,ROLE058,SK079,Beginner,"Interview, ROLE058, SK079, career guidance"
FAQ0358,What should I know about certification for ROLE059?,"To prepare for ROLE059, focus on mastering SK080, build projects, complete relevant courses, practice interview questions, and maintain a strong portfolio.",Certification,ROLE059,SK080,Intermediate,"Certification, ROLE059, SK080, career guidance"
FAQ0359,What should I know about projects for ROLE060?,"To prepare for ROLE060, focus on mastering SK081, build projects, complete relevant courses, practice interview questions, and maintain a strong portfolio.",Projects,ROLE060,SK081,Advanced,"Projects, ROLE060, SK081, career guidance"
FAQ0360,What should I know about career for ROLE001?,"To prepare for ROLE001, focus on mastering SK082, build projects, complete relevant courses, practice interview questions, and maintain a strong portfolio.",Career,ROLE001,SK082,Beginner,"Career, ROLE001, SK082, career guidance"
FAQ0361,What should I know about skills for ROLE002?,"To prepare for ROLE002, focus on mastering SK083, build projects, complete relevant courses, practice interview questions, and maintain a strong portfolio.",Skills,ROLE002,SK083,Intermediate,"Skills, ROLE002, SK083, career guidance"
FAQ0362,What should I know about placements for ROLE003?,"To prepare for ROLE003, focus on mastering SK084, build projects, complete relevant courses, practice interview questions, and maintain a strong portfolio.",Placements,ROLE003,SK084,Advanced,"Placements, ROLE003, SK084, career guidance"
FAQ0363,What should I know about ai for ROLE004?,"To prepare for ROLE004, focus on mastering SK085, build projects, complete relevant courses, practice interview questions, and maintain a strong portfolio.",AI,ROLE004,SK085,Beginner,"AI, ROLE004, SK085, career guidance"
FAQ0364,What should I know about cloud for ROLE005?,"To prepare for ROLE005, focus on mastering SK086, build projects, complete relevant courses, practice interview questions, and maintain a strong portfolio.",Cloud,ROLE005,SK086,Intermediate,"Cloud, ROLE005, SK086, career guidance"
FAQ0365,What should I know about data science for ROLE006?,"To prepare for ROLE006, focus on mastering SK087, build projects, complete relevant courses, practice interview questions, and maintain a strong portfolio.",Data Science,ROLE006,SK087,Advanced,"Data Science, ROLE006, SK087, career guidance"
FAQ0366,What should I know about resume for ROLE007?,"To prepare for ROLE007, focus on mastering SK088, build projects, complete relevant courses, practice interview questions, and maintain a strong portfolio.",Resume,ROLE007,SK088,Beginner,"Resume, ROLE007, SK088, career guidance"
FAQ0367,What should I know about interview for ROLE008?,"To prepare for ROLE008, focus on mastering SK089, build projects, complete relevant courses, practice interview questions, and maintain a strong portfolio.",Interview,ROLE008,SK089,Intermediate,"Interview, ROLE008, SK089, career guidance"
FAQ0368,What should I know about certification for ROLE009?,"To prepare for ROLE009, focus on mastering SK090, build projects, complete relevant courses, practice interview questions, and maintain a strong portfolio.",Certification,ROLE009,SK090,Advanced,"Certification, ROLE009, SK090, career guidance"
FAQ0369,What should I know about projects for ROLE010?,"To prepare for ROLE010, focus on mastering SK091, build projects, complete relevant courses, practice interview questions, and maintain a strong portfolio.",Projects,ROLE010,SK091,Beginner,"Projects, ROLE010, SK091, career guidance"
FAQ0370,What should I know about career for ROLE011?,"To prepare for ROLE011, focus on mastering SK092, build projects, complete relevant courses, practice interview questions, and maintain a strong portfolio.",Career,ROLE011,SK092,Intermediate,"Career, ROLE011, SK092, career guidance"
FAQ0371,What should I know about skills for ROLE012?,"To prepare for ROLE012, focus on mastering SK093, build projects, complete relevant courses, practice interview questions, and maintain a strong portfolio.",Skills,ROLE012,SK093,Advanced,"Skills, ROLE012, SK093, career guidance"
FAQ0372,What should I know about placements for ROLE013?,"To prepare for ROLE013, focus on mastering SK094, build projects, complete relevant courses, practice interview questions, and maintain a strong portfolio.",Placements,ROLE013,SK094,Beginner,"Placements, ROLE013, SK094, career guidance"
FAQ0373,What should I know about ai for ROLE014?,"To prepare for ROLE014, focus on mastering SK095, build projects, complete relevant courses, practice interview questions, and maintain a strong portfolio.",AI,ROLE014,SK095,Intermediate,"AI, ROLE014, SK095, career guidance"
FAQ0374,What should I know about cloud for ROLE015?,"To prepare for ROLE015, focus on mastering SK096, build projects, complete relevant courses, practice interview questions, and maintain a strong portfolio.",Cloud,ROLE015,SK096,Advanced,"Cloud, ROLE015, SK096, career guidance"
FAQ0375,What should I know about data science for ROLE016?,"To prepare for ROLE016, focus on mastering SK097, build projects, complete relevant courses, practice interview questions, and maintain a strong portfolio.",Data Science,ROLE016,SK097,Beginner,"Data Science, ROLE016, SK097, career guidance"
FAQ0376,What should I know about resume for ROLE017?,"To prepare for ROLE017, focus on mastering SK098, build projects, complete relevant courses, practice interview questions, and maintain a strong portfolio.",Resume,ROLE017,SK098,Intermediate,"Resume, ROLE017, SK098, career guidance"
FAQ0377,What should I know about interview for ROLE018?,"To prepare for ROLE018, focus on mastering SK099, build projects, complete relevant courses, practice interview questions, and maintain a strong portfolio.",Interview,ROLE018,SK099,Advanced,"Interview, ROLE018, SK099, career guidance"
FAQ0378,What should I know about certification for ROLE019?,"To prepare for ROLE019, focus on mastering SK100, build projects, complete relevant courses, practice interview questions, and maintain a strong portfolio.",Certification,ROLE019,SK100,Beginner,"Certification, ROLE019, SK100, career guidance"
FAQ0379,What should I know about projects for ROLE020?,"To prepare for ROLE020, focus on mastering SK101, build projects, complete relevant courses, practice interview questions, and maintain a strong portfolio.",Projects,ROLE020,SK101,Intermediate,"Projects, ROLE020, SK101, career guidance"
FAQ0380,What should I know about career for ROLE021?,"To prepare for ROLE021, focus on mastering SK102, build projects, complete relevant courses, practice interview questions, and maintain a strong portfolio.",Career,ROLE021,SK102,Advanced,"Career, ROLE021, SK102, career guidance"
FAQ0381,What should I know about skills for ROLE022?,"To prepare for ROLE022, focus on mastering SK103, build projects, complete relevant courses, practice interview questions, and maintain a strong portfolio.",Skills,ROLE022,SK103,Beginner,"Skills, ROLE022, SK103, career guidance"
FAQ0382,What should I know about placements for ROLE023?,"To prepare for ROLE023, focus on mastering SK104, build projects, complete relevant courses, practice interview questions, and maintain a strong portfolio.",Placements,ROLE023,SK104,Intermediate,"Placements, ROLE023, SK104, career guidance"
FAQ0383,What should I know about ai for ROLE024?,"To prepare for ROLE024, focus on mastering SK105, build projects, complete relevant courses, practice interview questions, and maintain a strong portfolio.",AI,ROLE024,SK105,Advanced,"AI, ROLE024, SK105, career guidance"
FAQ0384,What should I know about cloud for ROLE025?,"To prepare for ROLE025, focus on mastering SK106, build projects, complete relevant courses, practice interview questions, and maintain a strong portfolio.",Cloud,ROLE025,SK106,Beginner,"Cloud, ROLE025, SK106, career guidance"
FAQ0385,What should I know about data science for ROLE026?,"To prepare for ROLE026, focus on mastering SK107, build projects, complete relevant courses, practice interview questions, and maintain a strong portfolio.",Data Science,ROLE026,SK107,Intermediate,"Data Science, ROLE026, SK107, career guidance"
FAQ0386,What should I know about resume for ROLE027?,"To prepare for ROLE027, focus on mastering SK108, build projects, complete relevant courses, practice interview questions, and maintain a strong portfolio.",Resume,ROLE027,SK108,Advanced,"Resume, ROLE027, SK108, career guidance"
FAQ0387,What should I know about interview for ROLE028?,"To prepare for ROLE028, focus on mastering SK109, build projects, complete relevant courses, practice interview questions, and maintain a strong portfolio.",Interview,ROLE028,SK109,Beginner,"Interview, ROLE028, SK109, career guidance"
FAQ0388,What should I know about certification for ROLE029?,"To prepare for ROLE029, focus on mastering SK110, build projects, complete relevant courses, practice interview questions, and maintain a strong portfolio.",Certification,ROLE029,SK110,Intermediate,"Certification, ROLE029, SK110, career guidance"
FAQ0389,What should I know about projects for ROLE030?,"To prepare for ROLE030, focus on mastering SK111, build projects, complete relevant courses, practice interview questions, and maintain a strong portfolio.",Projects,ROLE030,SK111,Advanced,"Projects, ROLE030, SK111, career guidance"
FAQ0390,What should I know about career for ROLE031?,"To prepare for ROLE031, focus on mastering SK112, build projects, complete relevant courses, practice interview questions, and maintain a strong portfolio.",Career,ROLE031,SK112,Beginner,"Career, ROLE031, SK112, career guidance"
FAQ0391,What should I know about skills for ROLE032?,"To prepare for ROLE032, focus on mastering SK113, build projects, complete relevant courses, practice interview questions, and maintain a strong portfolio.",Skills,ROLE032,SK113,Intermediate,"Skills, ROLE032, SK113, career guidance"
FAQ0392,What should I know about placements for ROLE033?,"To prepare for ROLE033, focus on mastering SK114, build projects, complete relevant courses, practice interview questions, and maintain a strong portfolio.",Placements,ROLE033,SK114,Advanced,"Placements, ROLE033, SK114, career guidance"
FAQ0393,What should I know about ai for ROLE034?,"To prepare for ROLE034, focus on mastering SK115, build projects, complete relevant courses, practice interview questions, and maintain a strong portfolio.",AI,ROLE034,SK115,Beginner,"AI, ROLE034, SK115, career guidance"
FAQ0394,What should I know about cloud for ROLE035?,"To prepare for ROLE035, focus on mastering SK116, build projects, complete relevant courses, practice interview questions, and maintain a strong portfolio.",Cloud,ROLE035,SK116,Intermediate,"Cloud, ROLE035, SK116, career guidance"
FAQ0395,What should I know about data science for ROLE036?,"To prepare for ROLE036, focus on mastering SK117, build projects, complete relevant courses, practice interview questions, and maintain a strong portfolio.",Data Science,ROLE036,SK117,Advanced,"Data Science, ROLE036, SK117, career guidance"
FAQ0396,What should I know about resume for ROLE037?,"To prepare for ROLE037, focus on mastering SK118, build projects, complete relevant courses, practice interview questions, and maintain a strong portfolio.",Resume,ROLE037,SK118,Beginner,"Resume, ROLE037, SK118, career guidance"
FAQ0397,What should I know about interview for ROLE038?,"To prepare for ROLE038, focus on mastering SK119, build projects, complete relevant courses, practice interview questions, and maintain a strong portfolio.",Interview,ROLE038,SK119,Intermediate,"Interview, ROLE038, SK119, career guidance"
FAQ0398,What should I know about certification for ROLE039?,"To prepare for ROLE039, focus on mastering SK120, build projects, complete relevant courses, practice interview questions, and maintain a strong portfolio.",Certification,ROLE039,SK120,Advanced,"Certification, ROLE039, SK120, career guidance"
FAQ0399,What should I know about projects for ROLE040?,"To prepare for ROLE040, focus on mastering SK121, build projects, complete relevant courses, practice interview questions, and maintain a strong portfolio.",Projects,ROLE040,SK121,Beginner,"Projects, ROLE040, SK121, career guidance"
FAQ0400,What should I know about career for ROLE041?,"To prepare for ROLE041, focus on mastering SK122, build projects, complete relevant courses, practice interview questions, and maintain a strong portfolio.",Career,ROLE041,SK122,Intermediate,"Career, ROLE041, SK122, career guidance"
