question_id,role_id,skill_id,question,difficulty,question_type,expected_answer,keywords,company_level
Q00001,ROLE001,SK009,Explain the fundamentals of skill SK009 for ROLE001.,Intermediate,Coding,"Candidate should explain concepts, practical applications, advantages, limitations, and industry use cases of SK009.","SK009, fundamentals, implementation, best practices",Mid-size
Q00002,ROLE001,SK010,Explain the fundamentals of skill SK010 for ROLE001.,Advanced,HR,"Candidate should explain concepts, practical applications, advantages, limitations, and industry use cases of SK010.","SK010, fundamentals, implementation, best practices",MNC
Q00003,ROLE001,SK011,Explain the fundamentals of skill SK011 for ROLE001.,Beginner,Scenario,"Candidate should explain concepts, practical applications, advantages, limitations, and industry use cases of SK011.","SK011, fundamentals, implementation, best practices",FAANG
Q00004,ROLE001,SK012,Explain the fundamentals of skill SK012 for ROLE001.,Intermediate,Technical,"Candidate should explain concepts, practical applications, advantages, limitations, and industry use cases of SK012.","SK012, fundamentals, implementation, best practices",Startup
Q00005,ROLE001,SK013,Explain the fundamentals of skill SK013 for ROLE001.,Advanced,Coding,"Candidate should explain concepts, practical applications, advantages, limitations, and industry use cases of SK013.","SK013, fundamentals, implementation, best practices",Mid-size
Q00006,ROLE001,SK014,Explain the fundamentals of skill SK014 for ROLE001.,Beginner,HR,"Candidate should explain concepts, practical applications, advantages, limitations, and industry use cases of SK014.","SK014, fundamentals, implementation, best practices",MNC
Q00007,ROLE001,SK015,Explain the fundamentals of skill SK015 for ROLE001.,Intermediate,Scenario,"Candidate should explain concepts, practical applications, advantages, limitations, and industry use cases of SK015.","SK015, fundamentals, implementation, best practices",FAANG
Q00008,ROLE001,SK016,Explain the fundamentals of skill SK016 for ROLE001.,Advanced,Technical,"Candidate should explain concepts, practical applications, advantages, limitations, and industry use cases of SK016.","SK016, fundamentals, implementation, best practices",Startup
Q00009,ROLE001,SK017,Explain the fundamentals of skill SK017 for ROLE001.,Beginner,Coding,"Candidate should explain concepts, practical applications, advantages, limitations, and industry use cases of SK017.","SK017, fundamentals, implementation, best practices",Mid-size
Q00010,ROLE001,SK018,Explain the fundamentals of skill SK018 for ROLE001.,Intermediate,HR,"Candidate should explain concepts, practical applications, advantages, limitations, and industry use cases of SK018.","SK018, fundamentals, implementation, best practices",MNC
Q00011,ROLE001,SK019,Explain the fundamentals of skill SK019 for ROLE001.,Advanced,Scenario,"Candidate should explain concepts, practical applications, advantages, limitations, and industry use cases of SK019.","SK019, fundamentals, implementation, best practices",FAANG
Q00012,ROLE001,SK020,Explain the fundamentals of skill SK020 for ROLE001.,Beginner,Technical,"Candidate should explain concepts, practical applications, advantages, limitations, and industry use cases of SK020.","SK020, fundamentals, implementation, best practices",Startup
Q00013,ROLE001,SK021,Explain the fundamentals of skill SK021 for ROLE001.,Intermediate,Coding,"Candidate should explain concepts, practical applications, advantages, limitations, and industry use cases of SK021.","SK021, fundamentals, implementation, best practices",Mid-size
Q00014,ROLE001,SK022,Explain the fundamentals of skill SK022 for ROLE001.,Advanced,HR,"Candidate should explain concepts, practical applications, advantages, limitations, and industry use cases of SK022.","SK022, fundamentals, implementation, best practices",MNC
Q00015,ROLE001,SK023,Explain the fundamentals of skill SK023 for ROLE001.,Beginner,Scenario,"Candidate should explain concepts, practical applications, advantages, limitations, and industry use cases of SK023.","SK023, fundamentals, implementation, best practices",FAANG
Q00016,ROLE001,SK024,Explain the fundamentals of skill SK024 for ROLE001.,Intermediate,Technical,"Candidate should explain concepts, practical applications, advantages, limitations, and industry use cases of SK024.","SK024, fundamentals, implementation, best practices",Startup
Q00017,ROLE001,SK025,Explain the fundamentals of skill SK025 for ROLE001.,Advanced,Coding,"Candidate should explain concepts, practical applications, advantages, limitations, and industry use cases of SK025.","SK025, fundamentals, implementation, best practices",Mid-size
Q00018,ROLE001,SK026,Explain the fundamentals of skill SK026 for ROLE001.,Beginner,HR,"Candidate should explain concepts, practical applications, advantages, limitations, and industry use cases of SK026.","SK026, fundamentals, implementation, best practices",MNC
Q00019,ROLE001,SK027,Explain the fundamentals of skill SK027 for ROLE001.,Intermediate,Scenario,"Candidate should explain concepts, practical applications, advantages, limitations, and industry use cases of SK027.","SK027, fundamentals, implementation, best practices",FAANG
Q00020,ROLE001,SK028,Explain the fundamentals of skill SK028 for ROLE001.,Advanced,Technical,"Candidate should explain concepts, practical applications, advantages, limitations, and industry use cases of SK028.","SK028, fundamentals, implementation, best practices",Startup
Q00021,ROLE001,SK029,Explain the fundamentals of skill SK029 for ROLE001.,Beginner,Coding,"Candidate should explain concepts, practical applications, advantages, limitations, and industry use cases of SK029.","SK029, fundamentals, implementation, best practices",Mid-size
Q00022,ROLE001,SK030,Explain the fundamentals of skill SK030 for ROLE001.,Intermediate,HR,"Candidate should explain concepts, practical applications, advantages, limitations, and industry use cases of SK030.","SK030, fundamentals, implementation, best practices",MNC
Q00023,ROLE001,SK031,Explain the fundamentals of skill SK031 for ROLE001.,Advanced,Scenario,"Candidate should explain concepts, practical applications, advantages, limitations, and industry use cases of SK031.","SK031, fundamentals, implementation, best practices",FAANG
Q00024,ROLE001,SK032,Explain the fundamentals of skill SK032 for ROLE001.,Beginner,Technical,"Candidate should explain concepts, practical applications, advantages, limitations, and industry use cases of SK032.","SK032, fundamentals, implementation, best practices",Startup
Q00025,ROLE001,SK033,Explain the fundamentals of skill SK033 for ROLE001.,Intermediate,Coding,"Candidate should explain concepts, practical applications, advantages, limitations, and industry use cases of SK033.","SK033, fundamentals, implementation, best practices",Mid-size
Q00026,ROLE001,SK034,Explain the fundamentals of skill SK034 for ROLE001.,Advanced,HR,"Candidate should explain concepts, practical applications, advantages, limitations, and industry use cases of SK034.","SK034, fundamentals, implementation, best practices",MNC
Q00027,ROLE001,SK035,Explain the fundamentals of skill SK035 for ROLE001.,Beginner,Scenario,"Candidate should explain concepts, practical applications, advantages, limitations, and industry use cases of SK035.","SK035, fundamentals, implementation, best practices",FAANG
Q00028,ROLE001,SK036,Explain the fundamentals of skill SK036 for ROLE001.,Intermediate,Technical,"Candidate should explain concepts, practical applications, advantages, limitations, and industry use cases of SK036.","SK036, fundamentals, implementation, best practices",Startup
Q00029,ROLE001,SK037,Explain the fundamentals of skill SK037 for ROLE001.,Advanced,Coding,"Candidate should explain concepts, practical applications, advantages, limitations, and industry use cases of SK037.","SK037, fundamentals, implementation, best practices",Mid-size
Q00030,ROLE001,SK038,Explain the fundamentals of skill SK038 for ROLE001.,Beginner,HR,"Candidate should explain concepts, practical applications, advantages, limitations, and industry use cases of SK038.","SK038, fundamentals, implementation, best practices",MNC
Q00031,ROLE001,SK039,Explain the fundamentals of skill SK039 for ROLE001.,Intermediate,Scenario,"Candidate should explain concepts, practical applications, advantages, limitations, and industry use cases of SK039.","SK039, fundamentals, implementation, best practices",FAANG
Q00032,ROLE001,SK040,Explain the fundamentals of skill SK040 for ROLE001.,Advanced,Technical,"Candidate should explain concepts, practical applications, advantages, limitations, and industry use cases of SK040.","SK040, fundamentals, implementation, best practices",Startup
Q00033,ROLE001,SK041,Explain the fundamentals of skill SK041 for ROLE001.,Beginner,Coding,"Candidate should explain concepts, practical applications, advantages, limitations, and industry use cases of SK041.","SK041, fundamentals, implementation, best practices",Mid-size
Q00034,ROLE002,SK016,Explain the fundamentals of skill SK016 for ROLE002.,Intermediate,Coding,"Candidate should explain concepts, practical applications, advantages, limitations, and industry use cases of SK016.","SK016, fundamentals, implementation, best practices",Mid-size
Q00035,ROLE002,SK017,Explain the fundamentals of skill SK017 for ROLE002.,Advanced,HR,"Candidate should explain concepts, practical applications, advantages, limitations, and industry use cases of SK017.","SK017, fundamentals, implementation, best practices",MNC
Q00036,ROLE002,SK018,Explain the fundamentals of skill SK018 for ROLE002.,Beginner,Scenario,"Candidate should explain concepts, practical applications, advantages, limitations, and industry use cases of SK018.","SK018, fundamentals, implementation, best practices",FAANG
Q00037,ROLE002,SK019,Explain the fundamentals of skill SK019 for ROLE002.,Intermediate,Technical,"Candidate should explain concepts, practical applications, advantages, limitations, and industry use cases of SK019.","SK019, fundamentals, implementation, best practices",Startup
Q00038,ROLE002,SK020,Explain the fundamentals of skill SK020 for ROLE002.,Advanced,Coding,"Candidate should explain concepts, practical applications, advantages, limitations, and industry use cases of SK020.","SK020, fundamentals, implementation, best practices",Mid-size
Q00039,ROLE002,SK021,Explain the fundamentals of skill SK021 for ROLE002.,Beginner,HR,"Candidate should explain concepts, practical applications, advantages, limitations, and industry use cases of SK021.","SK021, fundamentals, implementation, best practices",MNC
Q00040,ROLE002,SK022,Explain the fundamentals of skill SK022 for ROLE002.,Intermediate,Scenario,"Candidate should explain concepts, practical applications, advantages, limitations, and industry use cases of SK022.","SK022, fundamentals, implementation, best practices",FAANG
Q00041,ROLE002,SK023,Explain the fundamentals of skill SK023 for ROLE002.,Advanced,Technical,"Candidate should explain concepts, practical applications, advantages, limitations, and industry use cases of SK023.","SK023, fundamentals, implementation, best practices",Startup
Q00042,ROLE002,SK024,Explain the fundamentals of skill SK024 for ROLE002.,Beginner,Coding,"Candidate should explain concepts, practical applications, advantages, limitations, and industry use cases of SK024.","SK024, fundamentals, implementation, best practices",Mid-size
Q00043,ROLE002,SK025,Explain the fundamentals of skill SK025 for ROLE002.,Intermediate,HR,"Candidate should explain concepts, practical applications, advantages, limitations, and industry use cases of SK025.","SK025, fundamentals, implementation, best practices",MNC
Q00044,ROLE002,SK026,Explain the fundamentals of skill SK026 for ROLE002.,Advanced,Scenario,"Candidate should explain concepts, practical applications, advantages, limitations, and industry use cases of SK026.","SK026, fundamentals, implementation, best practices",FAANG
Q00045,ROLE002,SK027,Explain the fundamentals of skill SK027 for ROLE002.,Beginner,Technical,"Candidate should explain concepts, practical applications, advantages, limitations, and industry use cases of SK027.","SK027, fundamentals, implementation, best practices",Startup
Q00046,ROLE002,SK028,Explain the fundamentals of skill SK028 for ROLE002.,Intermediate,Coding,"Candidate should explain concepts, practical applications, advantages, limitations, and industry use cases of SK028.","SK028, fundamentals, implementation, best practices",Mid-size
Q00047,ROLE002,SK029,Explain the fundamentals of skill SK029 for ROLE002.,Advanced,HR,"Candidate should explain concepts, practical applications, advantages, limitations, and industry use cases of SK029.","SK029, fundamentals, implementation, best practices",MNC
Q00048,ROLE002,SK030,Explain the fundamentals of skill SK030 for ROLE002.,Beginner,Scenario,"Candidate should explain concepts, practical applications, advantages, limitations, and industry use cases of SK030.","SK030, fundamentals, implementation, best practices",FAANG
Q00049,ROLE002,SK031,Explain the fundamentals of skill SK031 for ROLE002.,Intermediate,Technical,"Candidate should explain concepts, practical applications, advantages, limitations, and industry use cases of SK031.","SK031, fundamentals, implementation, best practices",Startup
Q00050,ROLE002,SK032,Explain the fundamentals of skill SK032 for ROLE002.,Advanced,Coding,"Candidate should explain concepts, practical applications, advantages, limitations, and industry use cases of SK032.","SK032, fundamentals, implementation, best practices",Mid-size
Q00051,ROLE002,SK033,Explain the fundamentals of skill SK033 for ROLE002.,Beginner,HR,"Candidate should explain concepts, practical applications, advantages, limitations, and industry use cases of SK033.","SK033, fundamentals, implementation, best practices",MNC
Q00052,ROLE002,SK034,Explain the fundamentals of skill SK034 for ROLE002.,Intermediate,Scenario,"Candidate should explain concepts, practical applications, advantages, limitations, and industry use cases of SK034.","SK034, fundamentals, implementation, best practices",FAANG
Q00053,ROLE002,SK035,Explain the fundamentals of skill SK035 for ROLE002.,Advanced,Technical,"Candidate should explain concepts, practical applications, advantages, limitations, and industry use cases of SK035.","SK035, fundamentals, implementation, best practices",Startup
Q00054,ROLE002,SK036,Explain the fundamentals of skill SK036 for ROLE002.,Beginner,Coding,"Candidate should explain concepts, practical applications, advantages, limitations, and industry use cases of SK036.","SK036, fundamentals, implementation, best practices",Mid-size
Q00055,ROLE002,SK037,Explain the fundamentals of skill SK037 for ROLE002.,Intermediate,HR,"Candidate should explain concepts, practical applications, advantages, limitations, and industry use cases of SK037.","SK037, fundamentals, implementation, best practices",MNC
Q00056,ROLE002,SK038,Explain the fundamentals of skill SK038 for ROLE002.,Advanced,Scenario,"Candidate should explain concepts, practical applications, advantages, limitations, and industry use cases of SK038.","SK038, fundamentals, implementation, best practices",FAANG
Q00057,ROLE002,SK039,Explain the fundamentals of skill SK039 for ROLE002.,Beginner,Technical,"Candidate should explain concepts, practical applications, advantages, limitations, and industry use cases of SK039.","SK039, fundamentals, implementation, best practices",Startup
Q00058,ROLE002,SK040,Explain the fundamentals of skill SK040 for ROLE002.,Intermediate,Coding,"Candidate should explain concepts, practical applications, advantages, limitations, and industry use cases of SK040.","SK040, fundamentals, implementation, best practices",Mid-size
Q00059,ROLE002,SK041,Explain the fundamentals of skill SK041 for ROLE002.,Advanced,HR,"Candidate should explain concepts, practical applications, advantages, limitations, and industry use cases of SK041.","SK041, fundamentals, implementation, best practices",MNC
Q00060,ROLE002,SK042,Explain the fundamentals of skill SK042 for ROLE002.,Beginner,Scenario,"Candidate should explain concepts, practical applications, advantages, limitations, and industry use cases of SK042.","SK042, fundamentals, implementation, best practices",FAANG
Q00061,ROLE002,SK043,Explain the fundamentals of skill SK043 for ROLE002.,Intermediate,Technical,"Candidate should explain concepts, practical applications, advantages, limitations, and industry use cases of SK043.","SK043, fundamentals, implementation, best practices",Startup
Q00062,ROLE002,SK044,Explain the fundamentals of skill SK044 for ROLE002.,Advanced,Coding,"Candidate should explain concepts, practical applications, advantages, limitations, and industry use cases of SK044.","SK044, fundamentals, implementation, best practices",Mid-size
Q00063,ROLE002,SK045,Explain the fundamentals of skill SK045 for ROLE002.,Beginner,HR,"Candidate should explain concepts, practical applications, advantages, limitations, and industry use cases of SK045.","SK045, fundamentals, implementation, best practices",MNC
Q00064,ROLE002,SK046,Explain the fundamentals of skill SK046 for ROLE002.,Intermediate,Scenario,"Candidate should explain concepts, practical applications, advantages, limitations, and industry use cases of SK046.","SK046, fundamentals, implementation, best practices",FAANG
Q00065,ROLE002,SK047,Explain the fundamentals of skill SK047 for ROLE002.,Advanced,Technical,"Candidate should explain concepts, practical applications, advantages, limitations, and industry use cases of SK047.","SK047, fundamentals, implementation, best practices",Startup
Q00066,ROLE002,SK048,Explain the fundamentals of skill SK048 for ROLE002.,Beginner,Coding,"Candidate should explain concepts, practical applications, advantages, limitations, and industry use cases of SK048.","SK048, fundamentals, implementation, best practices",Mid-size
Q00067,ROLE003,SK023,Explain the fundamentals of skill SK023 for ROLE003.,Intermediate,Coding,"Candidate should explain concepts, practical applications, advantages, limitations, and industry use cases of SK023.","SK023, fundamentals, implementation, best practices",Mid-size
Q00068,ROLE003,SK024,Explain the fundamentals of skill SK024 for ROLE003.,Advanced,HR,"Candidate should explain concepts, practical applications, advantages, limitations, and industry use cases of SK024.","SK024, fundamentals, implementation, best practices",MNC
Q00069,ROLE003,SK025,Explain the fundamentals of skill SK025 for ROLE003.,Beginner,Scenario,"Candidate should explain concepts, practical applications, advantages, limitations, and industry use cases of SK025.","SK025, fundamentals, implementation, best practices",FAANG
Q00070,ROLE003,SK026,Explain the fundamentals of skill SK026 for ROLE003.,Intermediate,Technical,"Candidate should explain concepts, practical applications, advantages, limitations, and industry use cases of SK026.","SK026, fundamentals, implementation, best practices",Startup
Q00071,ROLE003,SK027,Explain the fundamentals of skill SK027 for ROLE003.,Advanced,Coding,"Candidate should explain concepts, practical applications, advantages, limitations, and industry use cases of SK027.","SK027, fundamentals, implementation, best practices",Mid-size
Q00072,ROLE003,SK028,Explain the fundamentals of skill SK028 for ROLE003.,Beginner,HR,"Candidate should explain concepts, practical applications, advantages, limitations, and industry use cases of SK028.","SK028, fundamentals, implementation, best practices",MNC
Q00073,ROLE003,SK029,Explain the fundamentals of skill SK029 for ROLE003.,Intermediate,Scenario,"Candidate should explain concepts, practical applications, advantages, limitations, and industry use cases of SK029.","SK029, fundamentals, implementation, best practices",FAANG
Q00074,ROLE003,SK030,Explain the fundamentals of skill SK030 for ROLE003.,Advanced,Technical,"Candidate should explain concepts, practical applications, advantages, limitations, and industry use cases of SK030.","SK030, fundamentals, implementation, best practices",Startup
Q00075,ROLE003,SK031,Explain the fundamentals of skill SK031 for ROLE003.,Beginner,Coding,"Candidate should explain concepts, practical applications, advantages, limitations, and industry use cases of SK031.","SK031, fundamentals, implementation, best practices",Mid-size
Q00076,ROLE003,SK032,Explain the fundamentals of skill SK032 for ROLE003.,Intermediate,HR,"Candidate should explain concepts, practical applications, advantages, limitations, and industry use cases of SK032.","SK032, fundamentals, implementation, best practices",MNC
Q00077,ROLE003,SK033,Explain the fundamentals of skill SK033 for ROLE003.,Advanced,Scenario,"Candidate should explain concepts, practical applications, advantages, limitations, and industry use cases of SK033.","SK033, fundamentals, implementation, best practices",FAANG
Q00078,ROLE003,SK034,Explain the fundamentals of skill SK034 for ROLE003.,Beginner,Technical,"Candidate should explain concepts, practical applications, advantages, limitations, and industry use cases of SK034.","SK034, fundamentals, implementation, best practices",Startup
Q00079,ROLE003,SK035,Explain the fundamentals of skill SK035 for ROLE003.,Intermediate,Coding,"Candidate should explain concepts, practical applications, advantages, limitations, and industry use cases of SK035.","SK035, fundamentals, implementation, best practices",Mid-size
Q00080,ROLE003,SK036,Explain the fundamentals of skill SK036 for ROLE003.,Advanced,HR,"Candidate should explain concepts, practical applications, advantages, limitations, and industry use cases of SK036.","SK036, fundamentals, implementation, best practices",MNC
Q00081,ROLE003,SK037,Explain the fundamentals of skill SK037 for ROLE003.,Beginner,Scenario,"Candidate should explain concepts, practical applications, advantages, limitations, and industry use cases of SK037.","SK037, fundamentals, implementation, best practices",FAANG
Q00082,ROLE003,SK038,Explain the fundamentals of skill SK038 for ROLE003.,Intermediate,Technical,"Candidate should explain concepts, practical applications, advantages, limitations, and industry use cases of SK038.","SK038, fundamentals, implementation, best practices",Startup
Q00083,ROLE003,SK039,Explain the fundamentals of skill SK039 for ROLE003.,Advanced,Coding,"Candidate should explain concepts, practical applications, advantages, limitations, and industry use cases of SK039.","SK039, fundamentals, implementation, best practices",Mid-size
Q00084,ROLE003,SK040,Explain the fundamentals of skill SK040 for ROLE003.,Beginner,HR,"Candidate should explain concepts, practical applications, advantages, limitations, and industry use cases of SK040.","SK040, fundamentals, implementation, best practices",MNC
Q00085,ROLE003,SK041,Explain the fundamentals of skill SK041 for ROLE003.,Intermediate,Scenario,"Candidate should explain concepts, practical applications, advantages, limitations, and industry use cases of SK041.","SK041, fundamentals, implementation, best practices",FAANG
Q00086,ROLE003,SK042,Explain the fundamentals of skill SK042 for ROLE003.,Advanced,Technical,"Candidate should explain concepts, practical applications, advantages, limitations, and industry use cases of SK042.","SK042, fundamentals, implementation, best practices",Startup
Q00087,ROLE003,SK043,Explain the fundamentals of skill SK043 for ROLE003.,Beginner,Coding,"Candidate should explain concepts, practical applications, advantages, limitations, and industry use cases of SK043.","SK043, fundamentals, implementation, best practices",Mid-size
Q00088,ROLE003,SK044,Explain the fundamentals of skill SK044 for ROLE003.,Intermediate,HR,"Candidate should explain concepts, practical applications, advantages, limitations, and industry use cases of SK044.","SK044, fundamentals, implementation, best practices",MNC
Q00089,ROLE003,SK045,Explain the fundamentals of skill SK045 for ROLE003.,Advanced,Scenario,"Candidate should explain concepts, practical applications, advantages, limitations, and industry use cases of SK045.","SK045, fundamentals, implementation, best practices",FAANG
Q00090,ROLE003,SK046,Explain the fundamentals of skill SK046 for ROLE003.,Beginner,Technical,"Candidate should explain concepts, practical applications, advantages, limitations, and industry use cases of SK046.","SK046, fundamentals, implementation, best practices",Startup
Q00091,ROLE003,SK047,Explain the fundamentals of skill SK047 for ROLE003.,Intermediate,Coding,"Candidate should explain concepts, practical applications, advantages, limitations, and industry use cases of SK047.","SK047, fundamentals, implementation, best practices",Mid-size
Q00092,ROLE003,SK048,Explain the fundamentals of skill SK048 for ROLE003.,Advanced,HR,"Candidate should explain concepts, practical applications, advantages, limitations, and industry use cases of SK048.","SK048, fundamentals, implementation, best practices",MNC
Q00093,ROLE003,SK049,Explain the fundamentals of skill SK049 for ROLE003.,Beginner,Scenario,"Candidate should explain concepts, practical applications, advantages, limitations, and industry use cases of SK049.","SK049, fundamentals, implementation, best practices",FAANG
Q00094,ROLE003,SK050,Explain the fundamentals of skill SK050 for ROLE003.,Intermediate,Technical,"Candidate should explain concepts, practical applications, advantages, limitations, and industry use cases of SK050.","SK050, fundamentals, implementation, best practices",Startup
Q00095,ROLE003,SK051,Explain the fundamentals of skill SK051 for ROLE003.,Advanced,Coding,"Candidate should explain concepts, practical applications, advantages, limitations, and industry use cases of SK051.","SK051, fundamentals, implementation, best practices",Mid-size
Q00096,ROLE003,SK052,Explain the fundamentals of skill SK052 for ROLE003.,Beginner,HR,"Candidate should explain concepts, practical applications, advantages, limitations, and industry use cases of SK052.","SK052, fundamentals, implementation, best practices",MNC
Q00097,ROLE003,SK053,Explain the fundamentals of skill SK053 for ROLE003.,Intermediate,Scenario,"Candidate should explain concepts, practical applications, advantages, limitations, and industry use cases of SK053.","SK053, fundamentals, implementation, best practices",FAANG
Q00098,ROLE003,SK054,Explain the fundamentals of skill SK054 for ROLE003.,Advanced,Technical,"Candidate should explain concepts, practical applications, advantages, limitations, and industry use cases of SK054.","SK054, fundamentals, implementation, best practices",Startup
Q00099,ROLE003,SK055,Explain the fundamentals of skill SK055 for ROLE003.,Beginner,Coding,"Candidate should explain concepts, practical applications, advantages, limitations, and industry use cases of SK055.","SK055, fundamentals, implementation, best practices",Mid-size
Q00100,ROLE004,SK030,Explain the fundamentals of skill SK030 for ROLE004.,Intermediate,Coding,"Candidate should explain concepts, practical applications, advantages, limitations, and industry use cases of SK030.","SK030, fundamentals, implementation, best practices",Mid-size
Q00101,ROLE004,SK031,Explain the fundamentals of skill SK031 for ROLE004.,Advanced,HR,"Candidate should explain concepts, practical applications, advantages, limitations, and industry use cases of SK031.","SK031, fundamentals, implementation, best practices",MNC
Q00102,ROLE004,SK032,Explain the fundamentals of skill SK032 for ROLE004.,Beginner,Scenario,"Candidate should explain concepts, practical applications, advantages, limitations, and industry use cases of SK032.","SK032, fundamentals, implementation, best practices",FAANG
Q00103,ROLE004,SK033,Explain the fundamentals of skill SK033 for ROLE004.,Intermediate,Technical,"Candidate should explain concepts, practical applications, advantages, limitations, and industry use cases of SK033.","SK033, fundamentals, implementation, best practices",Startup
Q00104,ROLE004,SK034,Explain the fundamentals of skill SK034 for ROLE004.,Advanced,Coding,"Candidate should explain concepts, practical applications, advantages, limitations, and industry use cases of SK034.","SK034, fundamentals, implementation, best practices",Mid-size
Q00105,ROLE004,SK035,Explain the fundamentals of skill SK035 for ROLE004.,Beginner,HR,"Candidate should explain concepts, practical applications, advantages, limitations, and industry use cases of SK035.","SK035, fundamentals, implementation, best practices",MNC
Q00106,ROLE004,SK036,Explain the fundamentals of skill SK036 for ROLE004.,Intermediate,Scenario,"Candidate should explain concepts, practical applications, advantages, limitations, and industry use cases of SK036.","SK036, fundamentals, implementation, best practices",FAANG
Q00107,ROLE004,SK037,Explain the fundamentals of skill SK037 for ROLE004.,Advanced,Technical,"Candidate should explain concepts, practical applications, advantages, limitations, and industry use cases of SK037.","SK037, fundamentals, implementation, best practices",Startup
Q00108,ROLE004,SK038,Explain the fundamentals of skill SK038 for ROLE004.,Beginner,Coding,"Candidate should explain concepts, practical applications, advantages, limitations, and industry use cases of SK038.","SK038, fundamentals, implementation, best practices",Mid-size
Q00109,ROLE004,SK039,Explain the fundamentals of skill SK039 for ROLE004.,Intermediate,HR,"Candidate should explain concepts, practical applications, advantages, limitations, and industry use cases of SK039.","SK039, fundamentals, implementation, best practices",MNC
Q00110,ROLE004,SK040,Explain the fundamentals of skill SK040 for ROLE004.,Advanced,Scenario,"Candidate should explain concepts, practical applications, advantages, limitations, and industry use cases of SK040.","SK040, fundamentals, implementation, best practices",FAANG
Q00111,ROLE004,SK041,Explain the fundamentals of skill SK041 for ROLE004.,Beginner,Technical,"Candidate should explain concepts, practical applications, advantages, limitations, and industry use cases of SK041.","SK041, fundamentals, implementation, best practices",Startup
Q00112,ROLE004,SK042,Explain the fundamentals of skill SK042 for ROLE004.,Intermediate,Coding,"Candidate should explain concepts, practical applications, advantages, limitations, and industry use cases of SK042.","SK042, fundamentals, implementation, best practices",Mid-size
Q00113,ROLE004,SK043,Explain the fundamentals of skill SK043 for ROLE004.,Advanced,HR,"Candidate should explain concepts, practical applications, advantages, limitations, and industry use cases of SK043.","SK043, fundamentals, implementation, best practices",MNC
Q00114,ROLE004,SK044,Explain the fundamentals of skill SK044 for ROLE004.,Beginner,Scenario,"Candidate should explain concepts, practical applications, advantages, limitations, and industry use cases of SK044.","SK044, fundamentals, implementation, best practices",FAANG
Q00115,ROLE004,SK045,Explain the fundamentals of skill SK045 for ROLE004.,Intermediate,Technical,"Candidate should explain concepts, practical applications, advantages, limitations, and industry use cases of SK045.","SK045, fundamentals, implementation, best practices",Startup
Q00116,ROLE004,SK046,Explain the fundamentals of skill SK046 for ROLE004.,Advanced,Coding,"Candidate should explain concepts, practical applications, advantages, limitations, and industry use cases of SK046.","SK046, fundamentals, implementation, best practices",Mid-size
Q00117,ROLE004,SK047,Explain the fundamentals of skill SK047 for ROLE004.,Beginner,HR,"Candidate should explain concepts, practical applications, advantages, limitations, and industry use cases of SK047.","SK047, fundamentals, implementation, best practices",MNC
Q00118,ROLE004,SK048,Explain the fundamentals of skill SK048 for ROLE004.,Intermediate,Scenario,"Candidate should explain concepts, practical applications, advantages, limitations, and industry use cases of SK048.","SK048, fundamentals, implementation, best practices",FAANG
Q00119,ROLE004,SK049,Explain the fundamentals of skill SK049 for ROLE004.,Advanced,Technical,"Candidate should explain concepts, practical applications, advantages, limitations, and industry use cases of SK049.","SK049, fundamentals, implementation, best practices",Startup
Q00120,ROLE004,SK050,Explain the fundamentals of skill SK050 for ROLE004.,Beginner,Coding,"Candidate should explain concepts, practical applications, advantages, limitations, and industry use cases of SK050.","SK050, fundamentals, implementation, best practices",Mid-size
Q00121,ROLE004,SK051,Explain the fundamentals of skill SK051 for ROLE004.,Intermediate,HR,"Candidate should explain concepts, practical applications, advantages, limitations, and industry use cases of SK051.","SK051, fundamentals, implementation, best practices",MNC
Q00122,ROLE004,SK052,Explain the fundamentals of skill SK052 for ROLE004.,Advanced,Scenario,"Candidate should explain concepts, practical applications, advantages, limitations, and industry use cases of SK052.","SK052, fundamentals, implementation, best practices",FAANG
Q00123,ROLE004,SK053,Explain the fundamentals of skill SK053 for ROLE004.,Beginner,Technical,"Candidate should explain concepts, practical applications, advantages, limitations, and industry use cases of SK053.","SK053, fundamentals, implementation, best practices",Startup
Q00124,ROLE004,SK054,Explain the fundamentals of skill SK054 for ROLE004.,Intermediate,Coding,"Candidate should explain concepts, practical applications, advantages, limitations, and industry use cases of SK054.","SK054, fundamentals, implementation, best practices",Mid-size
Q00125,ROLE004,SK055,Explain the fundamentals of skill SK055 for ROLE004.,Advanced,HR,"Candidate should explain concepts, practical applications, advantages, limitations, and industry use cases of SK055.","SK055, fundamentals, implementation, best practices",MNC
Q00126,ROLE004,SK056,Explain the fundamentals of skill SK056 for ROLE004.,Beginner,Scenario,"Candidate should explain concepts, practical applications, advantages, limitations, and industry use cases of SK056.","SK056, fundamentals, implementation, best practices",FAANG
Q00127,ROLE004,SK057,Explain the fundamentals of skill SK057 for ROLE004.,Intermediate,Technical,"Candidate should explain concepts, practical applications, advantages, limitations, and industry use cases of SK057.","SK057, fundamentals, implementation, best practices",Startup
Q00128,ROLE004,SK058,Explain the fundamentals of skill SK058 for ROLE004.,Advanced,Coding,"Candidate should explain concepts, practical applications, advantages, limitations, and industry use cases of SK058.","SK058, fundamentals, implementation, best practices",Mid-size
Q00129,ROLE004,SK059,Explain the fundamentals of skill SK059 for ROLE004.,Beginner,HR,"Candidate should explain concepts, practical applications, advantages, limitations, and industry use cases of SK059.","SK059, fundamentals, implementation, best practices",MNC
Q00130,ROLE004,SK060,Explain the fundamentals of skill SK060 for ROLE004.,Intermediate,Scenario,"Candidate should explain concepts, practical applications, advantages, limitations, and industry use cases of SK060.","SK060, fundamentals, implementation, best practices",FAANG
Q00131,ROLE004,SK061,Explain the fundamentals of skill SK061 for ROLE004.,Advanced,Technical,"Candidate should explain concepts, practical applications, advantages, limitations, and industry use cases of SK061.","SK061, fundamentals, implementation, best practices",Startup
Q00132,ROLE004,SK062,Explain the fundamentals of skill SK062 for ROLE004.,Beginner,Coding,"Candidate should explain concepts, practical applications, advantages, limitations, and industry use cases of SK062.","SK062, fundamentals, implementation, best practices",Mid-size
Q00133,ROLE005,SK037,Explain the fundamentals of skill SK037 for ROLE005.,Intermediate,Coding,"Candidate should explain concepts, practical applications, advantages, limitations, and industry use cases of SK037.","SK037, fundamentals, implementation, best practices",Mid-size
Q00134,ROLE005,SK038,Explain the fundamentals of skill SK038 for ROLE005.,Advanced,HR,"Candidate should explain concepts, practical applications, advantages, limitations, and industry use cases of SK038.","SK038, fundamentals, implementation, best practices",MNC
Q00135,ROLE005,SK039,Explain the fundamentals of skill SK039 for ROLE005.,Beginner,Scenario,"Candidate should explain concepts, practical applications, advantages, limitations, and industry use cases of SK039.","SK039, fundamentals, implementation, best practices",FAANG
Q00136,ROLE005,SK040,Explain the fundamentals of skill SK040 for ROLE005.,Intermediate,Technical,"Candidate should explain concepts, practical applications, advantages, limitations, and industry use cases of SK040.","SK040, fundamentals, implementation, best practices",Startup
Q00137,ROLE005,SK041,Explain the fundamentals of skill SK041 for ROLE005.,Advanced,Coding,"Candidate should explain concepts, practical applications, advantages, limitations, and industry use cases of SK041.","SK041, fundamentals, implementation, best practices",Mid-size
Q00138,ROLE005,SK042,Explain the fundamentals of skill SK042 for ROLE005.,Beginner,HR,"Candidate should explain concepts, practical applications, advantages, limitations, and industry use cases of SK042.","SK042, fundamentals, implementation, best practices",MNC
Q00139,ROLE005,SK043,Explain the fundamentals of skill SK043 for ROLE005.,Intermediate,Scenario,"Candidate should explain concepts, practical applications, advantages, limitations, and industry use cases of SK043.","SK043, fundamentals, implementation, best practices",FAANG
Q00140,ROLE005,SK044,Explain the fundamentals of skill SK044 for ROLE005.,Advanced,Technical,"Candidate should explain concepts, practical applications, advantages, limitations, and industry use cases of SK044.","SK044, fundamentals, implementation, best practices",Startup
Q00141,ROLE005,SK045,Explain the fundamentals of skill SK045 for ROLE005.,Beginner,Coding,"Candidate should explain concepts, practical applications, advantages, limitations, and industry use cases of SK045.","SK045, fundamentals, implementation, best practices",Mid-size
Q00142,ROLE005,SK046,Explain the fundamentals of skill SK046 for ROLE005.,Intermediate,HR,"Candidate should explain concepts, practical applications, advantages, limitations, and industry use cases of SK046.","SK046, fundamentals, implementation, best practices",MNC
Q00143,ROLE005,SK047,Explain the fundamentals of skill SK047 for ROLE005.,Advanced,Scenario,"Candidate should explain concepts, practical applications, advantages, limitations, and industry use cases of SK047.","SK047, fundamentals, implementation, best practices",FAANG
Q00144,ROLE005,SK048,Explain the fundamentals of skill SK048 for ROLE005.,Beginner,Technical,"Candidate should explain concepts, practical applications, advantages, limitations, and industry use cases of SK048.","SK048, fundamentals, implementation, best practices",Startup
Q00145,ROLE005,SK049,Explain the fundamentals of skill SK049 for ROLE005.,Intermediate,Coding,"Candidate should explain concepts, practical applications, advantages, limitations, and industry use cases of SK049.","SK049, fundamentals, implementation, best practices",Mid-size
Q00146,ROLE005,SK050,Explain the fundamentals of skill SK050 for ROLE005.,Advanced,HR,"Candidate should explain concepts, practical applications, advantages, limitations, and industry use cases of SK050.","SK050, fundamentals, implementation, best practices",MNC
Q00147,ROLE005,SK051,Explain the fundamentals of skill SK051 for ROLE005.,Beginner,Scenario,"Candidate should explain concepts, practical applications, advantages, limitations, and industry use cases of SK051.","SK051, fundamentals, implementation, best practices",FAANG
Q00148,ROLE005,SK052,Explain the fundamentals of skill SK052 for ROLE005.,Intermediate,Technical,"Candidate should explain concepts, practical applications, advantages, limitations, and industry use cases of SK052.","SK052, fundamentals, implementation, best practices",Startup
Q00149,ROLE005,SK053,Explain the fundamentals of skill SK053 for ROLE005.,Advanced,Coding,"Candidate should explain concepts, practical applications, advantages, limitations, and industry use cases of SK053.","SK053, fundamentals, implementation, best practices",Mid-size
Q00150,ROLE005,SK054,Explain the fundamentals of skill SK054 for ROLE005.,Beginner,HR,"Candidate should explain concepts, practical applications, advantages, limitations, and industry use cases of SK054.","SK054, fundamentals, implementation, best practices",MNC
Q00151,ROLE005,SK055,Explain the fundamentals of skill SK055 for ROLE005.,Intermediate,Scenario,"Candidate should explain concepts, practical applications, advantages, limitations, and industry use cases of SK055.","SK055, fundamentals, implementation, best practices",FAANG
Q00152,ROLE005,SK056,Explain the fundamentals of skill SK056 for ROLE005.,Advanced,Technical,"Candidate should explain concepts, practical applications, advantages, limitations, and industry use cases of SK056.","SK056, fundamentals, implementation, best practices",Startup
Q00153,ROLE005,SK057,Explain the fundamentals of skill SK057 for ROLE005.,Beginner,Coding,"Candidate should explain concepts, practical applications, advantages, limitations, and industry use cases of SK057.","SK057, fundamentals, implementation, best practices",Mid-size
Q00154,ROLE005,SK058,Explain the fundamentals of skill SK058 for ROLE005.,Intermediate,HR,"Candidate should explain concepts, practical applications, advantages, limitations, and industry use cases of SK058.","SK058, fundamentals, implementation, best practices",MNC
Q00155,ROLE005,SK059,Explain the fundamentals of skill SK059 for ROLE005.,Advanced,Scenario,"Candidate should explain concepts, practical applications, advantages, limitations, and industry use cases of SK059.","SK059, fundamentals, implementation, best practices",FAANG
Q00156,ROLE005,SK060,Explain the fundamentals of skill SK060 for ROLE005.,Beginner,Technical,"Candidate should explain concepts, practical applications, advantages, limitations, and industry use cases of SK060.","SK060, fundamentals, implementation, best practices",Startup
Q00157,ROLE005,SK061,Explain the fundamentals of skill SK061 for ROLE005.,Intermediate,Coding,"Candidate should explain concepts, practical applications, advantages, limitations, and industry use cases of SK061.","SK061, fundamentals, implementation, best practices",Mid-size
Q00158,ROLE005,SK062,Explain the fundamentals of skill SK062 for ROLE005.,Advanced,HR,"Candidate should explain concepts, practical applications, advantages, limitations, and industry use cases of SK062.","SK062, fundamentals, implementation, best practices",MNC
Q00159,ROLE005,SK063,Explain the fundamentals of skill SK063 for ROLE005.,Beginner,Scenario,"Candidate should explain concepts, practical applications, advantages, limitations, and industry use cases of SK063.","SK063, fundamentals, implementation, best practices",FAANG
Q00160,ROLE005,SK064,Explain the fundamentals of skill SK064 for ROLE005.,Intermediate,Technical,"Candidate should explain concepts, practical applications, advantages, limitations, and industry use cases of SK064.","SK064, fundamentals, implementation, best practices",Startup
Q00161,ROLE005,SK065,Explain the fundamentals of skill SK065 for ROLE005.,Advanced,Coding,"Candidate should explain concepts, practical applications, advantages, limitations, and industry use cases of SK065.","SK065, fundamentals, implementation, best practices",Mid-size
Q00162,ROLE005,SK066,Explain the fundamentals of skill SK066 for ROLE005.,Beginner,HR,"Candidate should explain concepts, practical applications, advantages, limitations, and industry use cases of SK066.","SK066, fundamentals, implementation, best practices",MNC
Q00163,ROLE005,SK067,Explain the fundamentals of skill SK067 for ROLE005.,Intermediate,Scenario,"Candidate should explain concepts, practical applications, advantages, limitations, and industry use cases of SK067.","SK067, fundamentals, implementation, best practices",FAANG
Q00164,ROLE005,SK068,Explain the fundamentals of skill SK068 for ROLE005.,Advanced,Technical,"Candidate should explain concepts, practical applications, advantages, limitations, and industry use cases of SK068.","SK068, fundamentals, implementation, best practices",Startup
Q00165,ROLE005,SK069,Explain the fundamentals of skill SK069 for ROLE005.,Beginner,Coding,"Candidate should explain concepts, practical applications, advantages, limitations, and industry use cases of SK069.","SK069, fundamentals, implementation, best practices",Mid-size
Q00166,ROLE006,SK044,Explain the fundamentals of skill SK044 for ROLE006.,Intermediate,Coding,"Candidate should explain concepts, practical applications, advantages, limitations, and industry use cases of SK044.","SK044, fundamentals, implementation, best practices",Mid-size
Q00167,ROLE006,SK045,Explain the fundamentals of skill SK045 for ROLE006.,Advanced,HR,"Candidate should explain concepts, practical applications, advantages, limitations, and industry use cases of SK045.","SK045, fundamentals, implementation, best practices",MNC
Q00168,ROLE006,SK046,Explain the fundamentals of skill SK046 for ROLE006.,Beginner,Scenario,"Candidate should explain concepts, practical applications, advantages, limitations, and industry use cases of SK046.","SK046, fundamentals, implementation, best practices",FAANG
Q00169,ROLE006,SK047,Explain the fundamentals of skill SK047 for ROLE006.,Intermediate,Technical,"Candidate should explain concepts, practical applications, advantages, limitations, and industry use cases of SK047.","SK047, fundamentals, implementation, best practices",Startup
Q00170,ROLE006,SK048,Explain the fundamentals of skill SK048 for ROLE006.,Advanced,Coding,"Candidate should explain concepts, practical applications, advantages, limitations, and industry use cases of SK048.","SK048, fundamentals, implementation, best practices",Mid-size
Q00171,ROLE006,SK049,Explain the fundamentals of skill SK049 for ROLE006.,Beginner,HR,"Candidate should explain concepts, practical applications, advantages, limitations, and industry use cases of SK049.","SK049, fundamentals, implementation, best practices",MNC
Q00172,ROLE006,SK050,Explain the fundamentals of skill SK050 for ROLE006.,Intermediate,Scenario,"Candidate should explain concepts, practical applications, advantages, limitations, and industry use cases of SK050.","SK050, fundamentals, implementation, best practices",FAANG
Q00173,ROLE006,SK051,Explain the fundamentals of skill SK051 for ROLE006.,Advanced,Technical,"Candidate should explain concepts, practical applications, advantages, limitations, and industry use cases of SK051.","SK051, fundamentals, implementation, best practices",Startup
Q00174,ROLE006,SK052,Explain the fundamentals of skill SK052 for ROLE006.,Beginner,Coding,"Candidate should explain concepts, practical applications, advantages, limitations, and industry use cases of SK052.","SK052, fundamentals, implementation, best practices",Mid-size
Q00175,ROLE006,SK053,Explain the fundamentals of skill SK053 for ROLE006.,Intermediate,HR,"Candidate should explain concepts, practical applications, advantages, limitations, and industry use cases of SK053.","SK053, fundamentals, implementation, best practices",MNC
Q00176,ROLE006,SK054,Explain the fundamentals of skill SK054 for ROLE006.,Advanced,Scenario,"Candidate should explain concepts, practical applications, advantages, limitations, and industry use cases of SK054.","SK054, fundamentals, implementation, best practices",FAANG
Q00177,ROLE006,SK055,Explain the fundamentals of skill SK055 for ROLE006.,Beginner,Technical,"Candidate should explain concepts, practical applications, advantages, limitations, and industry use cases of SK055.","SK055, fundamentals, implementation, best practices",Startup
Q00178,ROLE006,SK056,Explain the fundamentals of skill SK056 for ROLE006.,Intermediate,Coding,"Candidate should explain concepts, practical applications, advantages, limitations, and industry use cases of SK056.","SK056, fundamentals, implementation, best practices",Mid-size
Q00179,ROLE006,SK057,Explain the fundamentals of skill SK057 for ROLE006.,Advanced,HR,"Candidate should explain concepts, practical applications, advantages, limitations, and industry use cases of SK057.","SK057, fundamentals, implementation, best practices",MNC
Q00180,ROLE006,SK058,Explain the fundamentals of skill SK058 for ROLE006.,Beginner,Scenario,"Candidate should explain concepts, practical applications, advantages, limitations, and industry use cases of SK058.","SK058, fundamentals, implementation, best practices",FAANG
Q00181,ROLE006,SK059,Explain the fundamentals of skill SK059 for ROLE006.,Intermediate,Technical,"Candidate should explain concepts, practical applications, advantages, limitations, and industry use cases of SK059.","SK059, fundamentals, implementation, best practices",Startup
Q00182,ROLE006,SK060,Explain the fundamentals of skill SK060 for ROLE006.,Advanced,Coding,"Candidate should explain concepts, practical applications, advantages, limitations, and industry use cases of SK060.","SK060, fundamentals, implementation, best practices",Mid-size
Q00183,ROLE006,SK061,Explain the fundamentals of skill SK061 for ROLE006.,Beginner,HR,"Candidate should explain concepts, practical applications, advantages, limitations, and industry use cases of SK061.","SK061, fundamentals, implementation, best practices",MNC
Q00184,ROLE006,SK062,Explain the fundamentals of skill SK062 for ROLE006.,Intermediate,Scenario,"Candidate should explain concepts, practical applications, advantages, limitations, and industry use cases of SK062.","SK062, fundamentals, implementation, best practices",FAANG
Q00185,ROLE006,SK063,Explain the fundamentals of skill SK063 for ROLE006.,Advanced,Technical,"Candidate should explain concepts, practical applications, advantages, limitations, and industry use cases of SK063.","SK063, fundamentals, implementation, best practices",Startup
Q00186,ROLE006,SK064,Explain the fundamentals of skill SK064 for ROLE006.,Beginner,Coding,"Candidate should explain concepts, practical applications, advantages, limitations, and industry use cases of SK064.","SK064, fundamentals, implementation, best practices",Mid-size
Q00187,ROLE006,SK065,Explain the fundamentals of skill SK065 for ROLE006.,Intermediate,HR,"Candidate should explain concepts, practical applications, advantages, limitations, and industry use cases of SK065.","SK065, fundamentals, implementation, best practices",MNC
Q00188,ROLE006,SK066,Explain the fundamentals of skill SK066 for ROLE006.,Advanced,Scenario,"Candidate should explain concepts, practical applications, advantages, limitations, and industry use cases of SK066.","SK066, fundamentals, implementation, best practices",FAANG
Q00189,ROLE006,SK067,Explain the fundamentals of skill SK067 for ROLE006.,Beginner,Technical,"Candidate should explain concepts, practical applications, advantages, limitations, and industry use cases of SK067.","SK067, fundamentals, implementation, best practices",Startup
Q00190,ROLE006,SK068,Explain the fundamentals of skill SK068 for ROLE006.,Intermediate,Coding,"Candidate should explain concepts, practical applications, advantages, limitations, and industry use cases of SK068.","SK068, fundamentals, implementation, best practices",Mid-size
Q00191,ROLE006,SK069,Explain the fundamentals of skill SK069 for ROLE006.,Advanced,HR,"Candidate should explain concepts, practical applications, advantages, limitations, and industry use cases of SK069.","SK069, fundamentals, implementation, best practices",MNC
Q00192,ROLE006,SK070,Explain the fundamentals of skill SK070 for ROLE006.,Beginner,Scenario,"Candidate should explain concepts, practical applications, advantages, limitations, and industry use cases of SK070.","SK070, fundamentals, implementation, best practices",FAANG
Q00193,ROLE006,SK071,Explain the fundamentals of skill SK071 for ROLE006.,Intermediate,Technical,"Candidate should explain concepts, practical applications, advantages, limitations, and industry use cases of SK071.","SK071, fundamentals, implementation, best practices",Startup
Q00194,ROLE006,SK072,Explain the fundamentals of skill SK072 for ROLE006.,Advanced,Coding,"Candidate should explain concepts, practical applications, advantages, limitations, and industry use cases of SK072.","SK072, fundamentals, implementation, best practices",Mid-size
Q00195,ROLE006,SK073,Explain the fundamentals of skill SK073 for ROLE006.,Beginner,HR,"Candidate should explain concepts, practical applications, advantages, limitations, and industry use cases of SK073.","SK073, fundamentals, implementation, best practices",MNC
Q00196,ROLE006,SK074,Explain the fundamentals of skill SK074 for ROLE006.,Intermediate,Scenario,"Candidate should explain concepts, practical applications, advantages, limitations, and industry use cases of SK074.","SK074, fundamentals, implementation, best practices",FAANG
Q00197,ROLE006,SK075,Explain the fundamentals of skill SK075 for ROLE006.,Advanced,Technical,"Candidate should explain concepts, practical applications, advantages, limitations, and industry use cases of SK075.","SK075, fundamentals, implementation, best practices",Startup
Q00198,ROLE006,SK076,Explain the fundamentals of skill SK076 for ROLE006.,Beginner,Coding,"Candidate should explain concepts, practical applications, advantages, limitations, and industry use cases of SK076.","SK076, fundamentals, implementation, best practices",Mid-size
Q00199,ROLE007,SK051,Explain the fundamentals of skill SK051 for ROLE007.,Intermediate,Coding,"Candidate should explain concepts, practical applications, advantages, limitations, and industry use cases of SK051.","SK051, fundamentals, implementation, best practices",Mid-size
Q00200,ROLE007,SK052,Explain the fundamentals of skill SK052 for ROLE007.,Advanced,HR,"Candidate should explain concepts, practical applications, advantages, limitations, and industry use cases of SK052.","SK052, fundamentals, implementation, best practices",MNC
Q00201,ROLE007,SK053,Explain the fundamentals of skill SK053 for ROLE007.,Beginner,Scenario,"Candidate should explain concepts, practical applications, advantages, limitations, and industry use cases of SK053.","SK053, fundamentals, implementation, best practices",FAANG
Q00202,ROLE007,SK054,Explain the fundamentals of skill SK054 for ROLE007.,Intermediate,Technical,"Candidate should explain concepts, practical applications, advantages, limitations, and industry use cases of SK054.","SK054, fundamentals, implementation, best practices",Startup
Q00203,ROLE007,SK055,Explain the fundamentals of skill SK055 for ROLE007.,Advanced,Coding,"Candidate should explain concepts, practical applications, advantages, limitations, and industry use cases of SK055.","SK055, fundamentals, implementation, best practices",Mid-size
Q00204,ROLE007,SK056,Explain the fundamentals of skill SK056 for ROLE007.,Beginner,HR,"Candidate should explain concepts, practical applications, advantages, limitations, and industry use cases of SK056.","SK056, fundamentals, implementation, best practices",MNC
Q00205,ROLE007,SK057,Explain the fundamentals of skill SK057 for ROLE007.,Intermediate,Scenario,"Candidate should explain concepts, practical applications, advantages, limitations, and industry use cases of SK057.","SK057, fundamentals, implementation, best practices",FAANG
Q00206,ROLE007,SK058,Explain the fundamentals of skill SK058 for ROLE007.,Advanced,Technical,"Candidate should explain concepts, practical applications, advantages, limitations, and industry use cases of SK058.","SK058, fundamentals, implementation, best practices",Startup
Q00207,ROLE007,SK059,Explain the fundamentals of skill SK059 for ROLE007.,Beginner,Coding,"Candidate should explain concepts, practical applications, advantages, limitations, and industry use cases of SK059.","SK059, fundamentals, implementation, best practices",Mid-size
Q00208,ROLE007,SK060,Explain the fundamentals of skill SK060 for ROLE007.,Intermediate,HR,"Candidate should explain concepts, practical applications, advantages, limitations, and industry use cases of SK060.","SK060, fundamentals, implementation, best practices",MNC
Q00209,ROLE007,SK061,Explain the fundamentals of skill SK061 for ROLE007.,Advanced,Scenario,"Candidate should explain concepts, practical applications, advantages, limitations, and industry use cases of SK061.","SK061, fundamentals, implementation, best practices",FAANG
Q00210,ROLE007,SK062,Explain the fundamentals of skill SK062 for ROLE007.,Beginner,Technical,"Candidate should explain concepts, practical applications, advantages, limitations, and industry use cases of SK062.","SK062, fundamentals, implementation, best practices",Startup
Q00211,ROLE007,SK063,Explain the fundamentals of skill SK063 for ROLE007.,Intermediate,Coding,"Candidate should explain concepts, practical applications, advantages, limitations, and industry use cases of SK063.","SK063, fundamentals, implementation, best practices",Mid-size
Q00212,ROLE007,SK064,Explain the fundamentals of skill SK064 for ROLE007.,Advanced,HR,"Candidate should explain concepts, practical applications, advantages, limitations, and industry use cases of SK064.","SK064, fundamentals, implementation, best practices",MNC
Q00213,ROLE007,SK065,Explain the fundamentals of skill SK065 for ROLE007.,Beginner,Scenario,"Candidate should explain concepts, practical applications, advantages, limitations, and industry use cases of SK065.","SK065, fundamentals, implementation, best practices",FAANG
Q00214,ROLE007,SK066,Explain the fundamentals of skill SK066 for ROLE007.,Intermediate,Technical,"Candidate should explain concepts, practical applications, advantages, limitations, and industry use cases of SK066.","SK066, fundamentals, implementation, best practices",Startup
Q00215,ROLE007,SK067,Explain the fundamentals of skill SK067 for ROLE007.,Advanced,Coding,"Candidate should explain concepts, practical applications, advantages, limitations, and industry use cases of SK067.","SK067, fundamentals, implementation, best practices",Mid-size
Q00216,ROLE007,SK068,Explain the fundamentals of skill SK068 for ROLE007.,Beginner,HR,"Candidate should explain concepts, practical applications, advantages, limitations, and industry use cases of SK068.","SK068, fundamentals, implementation, best practices",MNC
Q00217,ROLE007,SK069,Explain the fundamentals of skill SK069 for ROLE007.,Intermediate,Scenario,"Candidate should explain concepts, practical applications, advantages, limitations, and industry use cases of SK069.","SK069, fundamentals, implementation, best practices",FAANG
Q00218,ROLE007,SK070,Explain the fundamentals of skill SK070 for ROLE007.,Advanced,Technical,"Candidate should explain concepts, practical applications, advantages, limitations, and industry use cases of SK070.","SK070, fundamentals, implementation, best practices",Startup
Q00219,ROLE007,SK071,Explain the fundamentals of skill SK071 for ROLE007.,Beginner,Coding,"Candidate should explain concepts, practical applications, advantages, limitations, and industry use cases of SK071.","SK071, fundamentals, implementation, best practices",Mid-size
Q00220,ROLE007,SK072,Explain the fundamentals of skill SK072 for ROLE007.,Intermediate,HR,"Candidate should explain concepts, practical applications, advantages, limitations, and industry use cases of SK072.","SK072, fundamentals, implementation, best practices",MNC
Q00221,ROLE007,SK073,Explain the fundamentals of skill SK073 for ROLE007.,Advanced,Scenario,"Candidate should explain concepts, practical applications, advantages, limitations, and industry use cases of SK073.","SK073, fundamentals, implementation, best practices",FAANG
Q00222,ROLE007,SK074,Explain the fundamentals of skill SK074 for ROLE007.,Beginner,Technical,"Candidate should explain concepts, practical applications, advantages, limitations, and industry use cases of SK074.","SK074, fundamentals, implementation, best practices",Startup
Q00223,ROLE007,SK075,Explain the fundamentals of skill SK075 for ROLE007.,Intermediate,Coding,"Candidate should explain concepts, practical applications, advantages, limitations, and industry use cases of SK075.","SK075, fundamentals, implementation, best practices",Mid-size
Q00224,ROLE007,SK076,Explain the fundamentals of skill SK076 for ROLE007.,Advanced,HR,"Candidate should explain concepts, practical applications, advantages, limitations, and industry use cases of SK076.","SK076, fundamentals, implementation, best practices",MNC
Q00225,ROLE007,SK077,Explain the fundamentals of skill SK077 for ROLE007.,Beginner,Scenario,"Candidate should explain concepts, practical applications, advantages, limitations, and industry use cases of SK077.","SK077, fundamentals, implementation, best practices",FAANG
Q00226,ROLE007,SK078,Explain the fundamentals of skill SK078 for ROLE007.,Intermediate,Technical,"Candidate should explain concepts, practical applications, advantages, limitations, and industry use cases of SK078.","SK078, fundamentals, implementation, best practices",Startup
Q00227,ROLE007,SK079,Explain the fundamentals of skill SK079 for ROLE007.,Advanced,Coding,"Candidate should explain concepts, practical applications, advantages, limitations, and industry use cases of SK079.","SK079, fundamentals, implementation, best practices",Mid-size
Q00228,ROLE007,SK080,Explain the fundamentals of skill SK080 for ROLE007.,Beginner,HR,"Candidate should explain concepts, practical applications, advantages, limitations, and industry use cases of SK080.","SK080, fundamentals, implementation, best practices",MNC
Q00229,ROLE007,SK081,Explain the fundamentals of skill SK081 for ROLE007.,Intermediate,Scenario,"Candidate should explain concepts, practical applications, advantages, limitations, and industry use cases of SK081.","SK081, fundamentals, implementation, best practices",FAANG
Q00230,ROLE007,SK082,Explain the fundamentals of skill SK082 for ROLE007.,Advanced,Technical,"Candidate should explain concepts, practical applications, advantages, limitations, and industry use cases of SK082.","SK082, fundamentals, implementation, best practices",Startup
Q00231,ROLE007,SK083,Explain the fundamentals of skill SK083 for ROLE007.,Beginner,Coding,"Candidate should explain concepts, practical applications, advantages, limitations, and industry use cases of SK083.","SK083, fundamentals, implementation, best practices",Mid-size
Q00232,ROLE008,SK058,Explain the fundamentals of skill SK058 for ROLE008.,Intermediate,Coding,"Candidate should explain concepts, practical applications, advantages, limitations, and industry use cases of SK058.","SK058, fundamentals, implementation, best practices",Mid-size
Q00233,ROLE008,SK059,Explain the fundamentals of skill SK059 for ROLE008.,Advanced,HR,"Candidate should explain concepts, practical applications, advantages, limitations, and industry use cases of SK059.","SK059, fundamentals, implementation, best practices",MNC
Q00234,ROLE008,SK060,Explain the fundamentals of skill SK060 for ROLE008.,Beginner,Scenario,"Candidate should explain concepts, practical applications, advantages, limitations, and industry use cases of SK060.","SK060, fundamentals, implementation, best practices",FAANG
Q00235,ROLE008,SK061,Explain the fundamentals of skill SK061 for ROLE008.,Intermediate,Technical,"Candidate should explain concepts, practical applications, advantages, limitations, and industry use cases of SK061.","SK061, fundamentals, implementation, best practices",Startup
Q00236,ROLE008,SK062,Explain the fundamentals of skill SK062 for ROLE008.,Advanced,Coding,"Candidate should explain concepts, practical applications, advantages, limitations, and industry use cases of SK062.","SK062, fundamentals, implementation, best practices",Mid-size
Q00237,ROLE008,SK063,Explain the fundamentals of skill SK063 for ROLE008.,Beginner,HR,"Candidate should explain concepts, practical applications, advantages, limitations, and industry use cases of SK063.","SK063, fundamentals, implementation, best practices",MNC
Q00238,ROLE008,SK064,Explain the fundamentals of skill SK064 for ROLE008.,Intermediate,Scenario,"Candidate should explain concepts, practical applications, advantages, limitations, and industry use cases of SK064.","SK064, fundamentals, implementation, best practices",FAANG
Q00239,ROLE008,SK065,Explain the fundamentals of skill SK065 for ROLE008.,Advanced,Technical,"Candidate should explain concepts, practical applications, advantages, limitations, and industry use cases of SK065.","SK065, fundamentals, implementation, best practices",Startup
Q00240,ROLE008,SK066,Explain the fundamentals of skill SK066 for ROLE008.,Beginner,Coding,"Candidate should explain concepts, practical applications, advantages, limitations, and industry use cases of SK066.","SK066, fundamentals, implementation, best practices",Mid-size
Q00241,ROLE008,SK067,Explain the fundamentals of skill SK067 for ROLE008.,Intermediate,HR,"Candidate should explain concepts, practical applications, advantages, limitations, and industry use cases of SK067.","SK067, fundamentals, implementation, best practices",MNC
Q00242,ROLE008,SK068,Explain the fundamentals of skill SK068 for ROLE008.,Advanced,Scenario,"Candidate should explain concepts, practical applications, advantages, limitations, and industry use cases of SK068.","SK068, fundamentals, implementation, best practices",FAANG
Q00243,ROLE008,SK069,Explain the fundamentals of skill SK069 for ROLE008.,Beginner,Technical,"Candidate should explain concepts, practical applications, advantages, limitations, and industry use cases of SK069.","SK069, fundamentals, implementation, best practices",Startup
Q00244,ROLE008,SK070,Explain the fundamentals of skill SK070 for ROLE008.,Intermediate,Coding,"Candidate should explain concepts, practical applications, advantages, limitations, and industry use cases of SK070.","SK070, fundamentals, implementation, best practices",Mid-size
Q00245,ROLE008,SK071,Explain the fundamentals of skill SK071 for ROLE008.,Advanced,HR,"Candidate should explain concepts, practical applications, advantages, limitations, and industry use cases of SK071.","SK071, fundamentals, implementation, best practices",MNC
Q00246,ROLE008,SK072,Explain the fundamentals of skill SK072 for ROLE008.,Beginner,Scenario,"Candidate should explain concepts, practical applications, advantages, limitations, and industry use cases of SK072.","SK072, fundamentals, implementation, best practices",FAANG
Q00247,ROLE008,SK073,Explain the fundamentals of skill SK073 for ROLE008.,Intermediate,Technical,"Candidate should explain concepts, practical applications, advantages, limitations, and industry use cases of SK073.","SK073, fundamentals, implementation, best practices",Startup
Q00248,ROLE008,SK074,Explain the fundamentals of skill SK074 for ROLE008.,Advanced,Coding,"Candidate should explain concepts, practical applications, advantages, limitations, and industry use cases of SK074.","SK074, fundamentals, implementation, best practices",Mid-size
Q00249,ROLE008,SK075,Explain the fundamentals of skill SK075 for ROLE008.,Beginner,HR,"Candidate should explain concepts, practical applications, advantages, limitations, and industry use cases of SK075.","SK075, fundamentals, implementation, best practices",MNC
Q00250,ROLE008,SK076,Explain the fundamentals of skill SK076 for ROLE008.,Intermediate,Scenario,"Candidate should explain concepts, practical applications, advantages, limitations, and industry use cases of SK076.","SK076, fundamentals, implementation, best practices",FAANG
Q00251,ROLE008,SK077,Explain the fundamentals of skill SK077 for ROLE008.,Advanced,Technical,"Candidate should explain concepts, practical applications, advantages, limitations, and industry use cases of SK077.","SK077, fundamentals, implementation, best practices",Startup
Q00252,ROLE008,SK078,Explain the fundamentals of skill SK078 for ROLE008.,Beginner,Coding,"Candidate should explain concepts, practical applications, advantages, limitations, and industry use cases of SK078.","SK078, fundamentals, implementation, best practices",Mid-size
Q00253,ROLE008,SK079,Explain the fundamentals of skill SK079 for ROLE008.,Intermediate,HR,"Candidate should explain concepts, practical applications, advantages, limitations, and industry use cases of SK079.","SK079, fundamentals, implementation, best practices",MNC
Q00254,ROLE008,SK080,Explain the fundamentals of skill SK080 for ROLE008.,Advanced,Scenario,"Candidate should explain concepts, practical applications, advantages, limitations, and industry use cases of SK080.","SK080, fundamentals, implementation, best practices",FAANG
Q00255,ROLE008,SK081,Explain the fundamentals of skill SK081 for ROLE008.,Beginner,Technical,"Candidate should explain concepts, practical applications, advantages, limitations, and industry use cases of SK081.","SK081, fundamentals, implementation, best practices",Startup
Q00256,ROLE008,SK082,Explain the fundamentals of skill SK082 for ROLE008.,Intermediate,Coding,"Candidate should explain concepts, practical applications, advantages, limitations, and industry use cases of SK082.","SK082, fundamentals, implementation, best practices",Mid-size
Q00257,ROLE008,SK083,Explain the fundamentals of skill SK083 for ROLE008.,Advanced,HR,"Candidate should explain concepts, practical applications, advantages, limitations, and industry use cases of SK083.","SK083, fundamentals, implementation, best practices",MNC
Q00258,ROLE008,SK084,Explain the fundamentals of skill SK084 for ROLE008.,Beginner,Scenario,"Candidate should explain concepts, practical applications, advantages, limitations, and industry use cases of SK084.","SK084, fundamentals, implementation, best practices",FAANG
Q00259,ROLE008,SK085,Explain the fundamentals of skill SK085 for ROLE008.,Intermediate,Technical,"Candidate should explain concepts, practical applications, advantages, limitations, and industry use cases of SK085.","SK085, fundamentals, implementation, best practices",Startup
Q00260,ROLE008,SK086,Explain the fundamentals of skill SK086 for ROLE008.,Advanced,Coding,"Candidate should explain concepts, practical applications, advantages, limitations, and industry use cases of SK086.","SK086, fundamentals, implementation, best practices",Mid-size
Q00261,ROLE008,SK087,Explain the fundamentals of skill SK087 for ROLE008.,Beginner,HR,"Candidate should explain concepts, practical applications, advantages, limitations, and industry use cases of SK087.","SK087, fundamentals, implementation, best practices",MNC
Q00262,ROLE008,SK088,Explain the fundamentals of skill SK088 for ROLE008.,Intermediate,Scenario,"Candidate should explain concepts, practical applications, advantages, limitations, and industry use cases of SK088.","SK088, fundamentals, implementation, best practices",FAANG
Q00263,ROLE008,SK089,Explain the fundamentals of skill SK089 for ROLE008.,Advanced,Technical,"Candidate should explain concepts, practical applications, advantages, limitations, and industry use cases of SK089.","SK089, fundamentals, implementation, best practices",Startup
Q00264,ROLE008,SK090,Explain the fundamentals of skill SK090 for ROLE008.,Beginner,Coding,"Candidate should explain concepts, practical applications, advantages, limitations, and industry use cases of SK090.","SK090, fundamentals, implementation, best practices",Mid-size
Q00265,ROLE009,SK065,Explain the fundamentals of skill SK065 for ROLE009.,Intermediate,Coding,"Candidate should explain concepts, practical applications, advantages, limitations, and industry use cases of SK065.","SK065, fundamentals, implementation, best practices",Mid-size
Q00266,ROLE009,SK066,Explain the fundamentals of skill SK066 for ROLE009.,Advanced,HR,"Candidate should explain concepts, practical applications, advantages, limitations, and industry use cases of SK066.","SK066, fundamentals, implementation, best practices",MNC
Q00267,ROLE009,SK067,Explain the fundamentals of skill SK067 for ROLE009.,Beginner,Scenario,"Candidate should explain concepts, practical applications, advantages, limitations, and industry use cases of SK067.","SK067, fundamentals, implementation, best practices",FAANG
Q00268,ROLE009,SK068,Explain the fundamentals of skill SK068 for ROLE009.,Intermediate,Technical,"Candidate should explain concepts, practical applications, advantages, limitations, and industry use cases of SK068.","SK068, fundamentals, implementation, best practices",Startup
Q00269,ROLE009,SK069,Explain the fundamentals of skill SK069 for ROLE009.,Advanced,Coding,"Candidate should explain concepts, practical applications, advantages, limitations, and industry use cases of SK069.","SK069, fundamentals, implementation, best practices",Mid-size
Q00270,ROLE009,SK070,Explain the fundamentals of skill SK070 for ROLE009.,Beginner,HR,"Candidate should explain concepts, practical applications, advantages, limitations, and industry use cases of SK070.","SK070, fundamentals, implementation, best practices",MNC
Q00271,ROLE009,SK071,Explain the fundamentals of skill SK071 for ROLE009.,Intermediate,Scenario,"Candidate should explain concepts, practical applications, advantages, limitations, and industry use cases of SK071.","SK071, fundamentals, implementation, best practices",FAANG
Q00272,ROLE009,SK072,Explain the fundamentals of skill SK072 for ROLE009.,Advanced,Technical,"Candidate should explain concepts, practical applications, advantages, limitations, and industry use cases of SK072.","SK072, fundamentals, implementation, best practices",Startup
Q00273,ROLE009,SK073,Explain the fundamentals of skill SK073 for ROLE009.,Beginner,Coding,"Candidate should explain concepts, practical applications, advantages, limitations, and industry use cases of SK073.","SK073, fundamentals, implementation, best practices",Mid-size
Q00274,ROLE009,SK074,Explain the fundamentals of skill SK074 for ROLE009.,Intermediate,HR,"Candidate should explain concepts, practical applications, advantages, limitations, and industry use cases of SK074.","SK074, fundamentals, implementation, best practices",MNC
Q00275,ROLE009,SK075,Explain the fundamentals of skill SK075 for ROLE009.,Advanced,Scenario,"Candidate should explain concepts, practical applications, advantages, limitations, and industry use cases of SK075.","SK075, fundamentals, implementation, best practices",FAANG
Q00276,ROLE009,SK076,Explain the fundamentals of skill SK076 for ROLE009.,Beginner,Technical,"Candidate should explain concepts, practical applications, advantages, limitations, and industry use cases of SK076.","SK076, fundamentals, implementation, best practices",Startup
Q00277,ROLE009,SK077,Explain the fundamentals of skill SK077 for ROLE009.,Intermediate,Coding,"Candidate should explain concepts, practical applications, advantages, limitations, and industry use cases of SK077.","SK077, fundamentals, implementation, best practices",Mid-size
Q00278,ROLE009,SK078,Explain the fundamentals of skill SK078 for ROLE009.,Advanced,HR,"Candidate should explain concepts, practical applications, advantages, limitations, and industry use cases of SK078.","SK078, fundamentals, implementation, best practices",MNC
Q00279,ROLE009,SK079,Explain the fundamentals of skill SK079 for ROLE009.,Beginner,Scenario,"Candidate should explain concepts, practical applications, advantages, limitations, and industry use cases of SK079.","SK079, fundamentals, implementation, best practices",FAANG
Q00280,ROLE009,SK080,Explain the fundamentals of skill SK080 for ROLE009.,Intermediate,Technical,"Candidate should explain concepts, practical applications, advantages, limitations, and industry use cases of SK080.","SK080, fundamentals, implementation, best practices",Startup
Q00281,ROLE009,SK081,Explain the fundamentals of skill SK081 for ROLE009.,Advanced,Coding,"Candidate should explain concepts, practical applications, advantages, limitations, and industry use cases of SK081.","SK081, fundamentals, implementation, best practices",Mid-size
Q00282,ROLE009,SK082,Explain the fundamentals of skill SK082 for ROLE009.,Beginner,HR,"Candidate should explain concepts, practical applications, advantages, limitations, and industry use cases of SK082.","SK082, fundamentals, implementation, best practices",MNC
Q00283,ROLE009,SK083,Explain the fundamentals of skill SK083 for ROLE009.,Intermediate,Scenario,"Candidate should explain concepts, practical applications, advantages, limitations, and industry use cases of SK083.","SK083, fundamentals, implementation, best practices",FAANG
Q00284,ROLE009,SK084,Explain the fundamentals of skill SK084 for ROLE009.,Advanced,Technical,"Candidate should explain concepts, practical applications, advantages, limitations, and industry use cases of SK084.","SK084, fundamentals, implementation, best practices",Startup
Q00285,ROLE009,SK085,Explain the fundamentals of skill SK085 for ROLE009.,Beginner,Coding,"Candidate should explain concepts, practical applications, advantages, limitations, and industry use cases of SK085.","SK085, fundamentals, implementation, best practices",Mid-size
Q00286,ROLE009,SK086,Explain the fundamentals of skill SK086 for ROLE009.,Intermediate,HR,"Candidate should explain concepts, practical applications, advantages, limitations, and industry use cases of SK086.","SK086, fundamentals, implementation, best practices",MNC
Q00287,ROLE009,SK087,Explain the fundamentals of skill SK087 for ROLE009.,Advanced,Scenario,"Candidate should explain concepts, practical applications, advantages, limitations, and industry use cases of SK087.","SK087, fundamentals, implementation, best practices",FAANG
Q00288,ROLE009,SK088,Explain the fundamentals of skill SK088 for ROLE009.,Beginner,Technical,"Candidate should explain concepts, practical applications, advantages, limitations, and industry use cases of SK088.","SK088, fundamentals, implementation, best practices",Startup
Q00289,ROLE009,SK089,Explain the fundamentals of skill SK089 for ROLE009.,Intermediate,Coding,"Candidate should explain concepts, practical applications, advantages, limitations, and industry use cases of SK089.","SK089, fundamentals, implementation, best practices",Mid-size
Q00290,ROLE009,SK090,Explain the fundamentals of skill SK090 for ROLE009.,Advanced,HR,"Candidate should explain concepts, practical applications, advantages, limitations, and industry use cases of SK090.","SK090, fundamentals, implementation, best practices",MNC
Q00291,ROLE009,SK091,Explain the fundamentals of skill SK091 for ROLE009.,Beginner,Scenario,"Candidate should explain concepts, practical applications, advantages, limitations, and industry use cases of SK091.","SK091, fundamentals, implementation, best practices",FAANG
Q00292,ROLE009,SK092,Explain the fundamentals of skill SK092 for ROLE009.,Intermediate,Technical,"Candidate should explain concepts, practical applications, advantages, limitations, and industry use cases of SK092.","SK092, fundamentals, implementation, best practices",Startup
Q00293,ROLE009,SK093,Explain the fundamentals of skill SK093 for ROLE009.,Advanced,Coding,"Candidate should explain concepts, practical applications, advantages, limitations, and industry use cases of SK093.","SK093, fundamentals, implementation, best practices",Mid-size
Q00294,ROLE009,SK094,Explain the fundamentals of skill SK094 for ROLE009.,Beginner,HR,"Candidate should explain concepts, practical applications, advantages, limitations, and industry use cases of SK094.","SK094, fundamentals, implementation, best practices",MNC
Q00295,ROLE009,SK095,Explain the fundamentals of skill SK095 for ROLE009.,Intermediate,Scenario,"Candidate should explain concepts, practical applications, advantages, limitations, and industry use cases of SK095.","SK095, fundamentals, implementation, best practices",FAANG
Q00296,ROLE009,SK096,Explain the fundamentals of skill SK096 for ROLE009.,Advanced,Technical,"Candidate should explain concepts, practical applications, advantages, limitations, and industry use cases of SK096.","SK096, fundamentals, implementation, best practices",Startup
Q00297,ROLE009,SK097,Explain the fundamentals of skill SK097 for ROLE009.,Beginner,Coding,"Candidate should explain concepts, practical applications, advantages, limitations, and industry use cases of SK097.","SK097, fundamentals, implementation, best practices",Mid-size
Q00298,ROLE010,SK072,Explain the fundamentals of skill SK072 for ROLE010.,Intermediate,Coding,"Candidate should explain concepts, practical applications, advantages, limitations, and industry use cases of SK072.","SK072, fundamentals, implementation, best practices",Mid-size
Q00299,ROLE010,SK073,Explain the fundamentals of skill SK073 for ROLE010.,Advanced,HR,"Candidate should explain concepts, practical applications, advantages, limitations, and industry use cases of SK073.","SK073, fundamentals, implementation, best practices",MNC
Q00300,ROLE010,SK074,Explain the fundamentals of skill SK074 for ROLE010.,Beginner,Scenario,"Candidate should explain concepts, practical applications, advantages, limitations, and industry use cases of SK074.","SK074, fundamentals, implementation, best practices",FAANG
Q00301,ROLE010,SK075,Explain the fundamentals of skill SK075 for ROLE010.,Intermediate,Technical,"Candidate should explain concepts, practical applications, advantages, limitations, and industry use cases of SK075.","SK075, fundamentals, implementation, best practices",Startup
Q00302,ROLE010,SK076,Explain the fundamentals of skill SK076 for ROLE010.,Advanced,Coding,"Candidate should explain concepts, practical applications, advantages, limitations, and industry use cases of SK076.","SK076, fundamentals, implementation, best practices",Mid-size
Q00303,ROLE010,SK077,Explain the fundamentals of skill SK077 for ROLE010.,Beginner,HR,"Candidate should explain concepts, practical applications, advantages, limitations, and industry use cases of SK077.","SK077, fundamentals, implementation, best practices",MNC
Q00304,ROLE010,SK078,Explain the fundamentals of skill SK078 for ROLE010.,Intermediate,Scenario,"Candidate should explain concepts, practical applications, advantages, limitations, and industry use cases of SK078.","SK078, fundamentals, implementation, best practices",FAANG
Q00305,ROLE010,SK079,Explain the fundamentals of skill SK079 for ROLE010.,Advanced,Technical,"Candidate should explain concepts, practical applications, advantages, limitations, and industry use cases of SK079.","SK079, fundamentals, implementation, best practices",Startup
Q00306,ROLE010,SK080,Explain the fundamentals of skill SK080 for ROLE010.,Beginner,Coding,"Candidate should explain concepts, practical applications, advantages, limitations, and industry use cases of SK080.","SK080, fundamentals, implementation, best practices",Mid-size
Q00307,ROLE010,SK081,Explain the fundamentals of skill SK081 for ROLE010.,Intermediate,HR,"Candidate should explain concepts, practical applications, advantages, limitations, and industry use cases of SK081.","SK081, fundamentals, implementation, best practices",MNC
Q00308,ROLE010,SK082,Explain the fundamentals of skill SK082 for ROLE010.,Advanced,Scenario,"Candidate should explain concepts, practical applications, advantages, limitations, and industry use cases of SK082.","SK082, fundamentals, implementation, best practices",FAANG
Q00309,ROLE010,SK083,Explain the fundamentals of skill SK083 for ROLE010.,Beginner,Technical,"Candidate should explain concepts, practical applications, advantages, limitations, and industry use cases of SK083.","SK083, fundamentals, implementation, best practices",Startup
Q00310,ROLE010,SK084,Explain the fundamentals of skill SK084 for ROLE010.,Intermediate,Coding,"Candidate should explain concepts, practical applications, advantages, limitations, and industry use cases of SK084.","SK084, fundamentals, implementation, best practices",Mid-size
Q00311,ROLE010,SK085,Explain the fundamentals of skill SK085 for ROLE010.,Advanced,HR,"Candidate should explain concepts, practical applications, advantages, limitations, and industry use cases of SK085.","SK085, fundamentals, implementation, best practices",MNC
Q00312,ROLE010,SK086,Explain the fundamentals of skill SK086 for ROLE010.,Beginner,Scenario,"Candidate should explain concepts, practical applications, advantages, limitations, and industry use cases of SK086.","SK086, fundamentals, implementation, best practices",FAANG
Q00313,ROLE010,SK087,Explain the fundamentals of skill SK087 for ROLE010.,Intermediate,Technical,"Candidate should explain concepts, practical applications, advantages, limitations, and industry use cases of SK087.","SK087, fundamentals, implementation, best practices",Startup
Q00314,ROLE010,SK088,Explain the fundamentals of skill SK088 for ROLE010.,Advanced,Coding,"Candidate should explain concepts, practical applications, advantages, limitations, and industry use cases of SK088.","SK088, fundamentals, implementation, best practices",Mid-size
Q00315,ROLE010,SK089,Explain the fundamentals of skill SK089 for ROLE010.,Beginner,HR,"Candidate should explain concepts, practical applications, advantages, limitations, and industry use cases of SK089.","SK089, fundamentals, implementation, best practices",MNC
Q00316,ROLE010,SK090,Explain the fundamentals of skill SK090 for ROLE010.,Intermediate,Scenario,"Candidate should explain concepts, practical applications, advantages, limitations, and industry use cases of SK090.","SK090, fundamentals, implementation, best practices",FAANG
Q00317,ROLE010,SK091,Explain the fundamentals of skill SK091 for ROLE010.,Advanced,Technical,"Candidate should explain concepts, practical applications, advantages, limitations, and industry use cases of SK091.","SK091, fundamentals, implementation, best practices",Startup
Q00318,ROLE010,SK092,Explain the fundamentals of skill SK092 for ROLE010.,Beginner,Coding,"Candidate should explain concepts, practical applications, advantages, limitations, and industry use cases of SK092.","SK092, fundamentals, implementation, best practices",Mid-size
Q00319,ROLE010,SK093,Explain the fundamentals of skill SK093 for ROLE010.,Intermediate,HR,"Candidate should explain concepts, practical applications, advantages, limitations, and industry use cases of SK093.","SK093, fundamentals, implementation, best practices",MNC
Q00320,ROLE010,SK094,Explain the fundamentals of skill SK094 for ROLE010.,Advanced,Scenario,"Candidate should explain concepts, practical applications, advantages, limitations, and industry use cases of SK094.","SK094, fundamentals, implementation, best practices",FAANG
Q00321,ROLE010,SK095,Explain the fundamentals of skill SK095 for ROLE010.,Beginner,Technical,"Candidate should explain concepts, practical applications, advantages, limitations, and industry use cases of SK095.","SK095, fundamentals, implementation, best practices",Startup
Q00322,ROLE010,SK096,Explain the fundamentals of skill SK096 for ROLE010.,Intermediate,Coding,"Candidate should explain concepts, practical applications, advantages, limitations, and industry use cases of SK096.","SK096, fundamentals, implementation, best practices",Mid-size
Q00323,ROLE010,SK097,Explain the fundamentals of skill SK097 for ROLE010.,Advanced,HR,"Candidate should explain concepts, practical applications, advantages, limitations, and industry use cases of SK097.","SK097, fundamentals, implementation, best practices",MNC
Q00324,ROLE010,SK098,Explain the fundamentals of skill SK098 for ROLE010.,Beginner,Scenario,"Candidate should explain concepts, practical applications, advantages, limitations, and industry use cases of SK098.","SK098, fundamentals, implementation, best practices",FAANG
Q00325,ROLE010,SK099,Explain the fundamentals of skill SK099 for ROLE010.,Intermediate,Technical,"Candidate should explain concepts, practical applications, advantages, limitations, and industry use cases of SK099.","SK099, fundamentals, implementation, best practices",Startup
Q00326,ROLE010,SK100,Explain the fundamentals of skill SK100 for ROLE010.,Advanced,Coding,"Candidate should explain concepts, practical applications, advantages, limitations, and industry use cases of SK100.","SK100, fundamentals, implementation, best practices",Mid-size
Q00327,ROLE010,SK101,Explain the fundamentals of skill SK101 for ROLE010.,Beginner,HR,"Candidate should explain concepts, practical applications, advantages, limitations, and industry use cases of SK101.","SK101, fundamentals, implementation, best practices",MNC
Q00328,ROLE010,SK102,Explain the fundamentals of skill SK102 for ROLE010.,Intermediate,Scenario,"Candidate should explain concepts, practical applications, advantages, limitations, and industry use cases of SK102.","SK102, fundamentals, implementation, best practices",FAANG
Q00329,ROLE010,SK103,Explain the fundamentals of skill SK103 for ROLE010.,Advanced,Technical,"Candidate should explain concepts, practical applications, advantages, limitations, and industry use cases of SK103.","SK103, fundamentals, implementation, best practices",Startup
Q00330,ROLE010,SK104,Explain the fundamentals of skill SK104 for ROLE010.,Beginner,Coding,"Candidate should explain concepts, practical applications, advantages, limitations, and industry use cases of SK104.","SK104, fundamentals, implementation, best practices",Mid-size
Q00331,ROLE011,SK079,Explain the fundamentals of skill SK079 for ROLE011.,Intermediate,Coding,"Candidate should explain concepts, practical applications, advantages, limitations, and industry use cases of SK079.","SK079, fundamentals, implementation, best practices",Mid-size
Q00332,ROLE011,SK080,Explain the fundamentals of skill SK080 for ROLE011.,Advanced,HR,"Candidate should explain concepts, practical applications, advantages, limitations, and industry use cases of SK080.","SK080, fundamentals, implementation, best practices",MNC
Q00333,ROLE011,SK081,Explain the fundamentals of skill SK081 for ROLE011.,Beginner,Scenario,"Candidate should explain concepts, practical applications, advantages, limitations, and industry use cases of SK081.","SK081, fundamentals, implementation, best practices",FAANG
Q00334,ROLE011,SK082,Explain the fundamentals of skill SK082 for ROLE011.,Intermediate,Technical,"Candidate should explain concepts, practical applications, advantages, limitations, and industry use cases of SK082.","SK082, fundamentals, implementation, best practices",Startup
Q00335,ROLE011,SK083,Explain the fundamentals of skill SK083 for ROLE011.,Advanced,Coding,"Candidate should explain concepts, practical applications, advantages, limitations, and industry use cases of SK083.","SK083, fundamentals, implementation, best practices",Mid-size
Q00336,ROLE011,SK084,Explain the fundamentals of skill SK084 for ROLE011.,Beginner,HR,"Candidate should explain concepts, practical applications, advantages, limitations, and industry use cases of SK084.","SK084, fundamentals, implementation, best practices",MNC
Q00337,ROLE011,SK085,Explain the fundamentals of skill SK085 for ROLE011.,Intermediate,Scenario,"Candidate should explain concepts, practical applications, advantages, limitations, and industry use cases of SK085.","SK085, fundamentals, implementation, best practices",FAANG
Q00338,ROLE011,SK086,Explain the fundamentals of skill SK086 for ROLE011.,Advanced,Technical,"Candidate should explain concepts, practical applications, advantages, limitations, and industry use cases of SK086.","SK086, fundamentals, implementation, best practices",Startup
Q00339,ROLE011,SK087,Explain the fundamentals of skill SK087 for ROLE011.,Beginner,Coding,"Candidate should explain concepts, practical applications, advantages, limitations, and industry use cases of SK087.","SK087, fundamentals, implementation, best practices",Mid-size
Q00340,ROLE011,SK088,Explain the fundamentals of skill SK088 for ROLE011.,Intermediate,HR,"Candidate should explain concepts, practical applications, advantages, limitations, and industry use cases of SK088.","SK088, fundamentals, implementation, best practices",MNC
Q00341,ROLE011,SK089,Explain the fundamentals of skill SK089 for ROLE011.,Advanced,Scenario,"Candidate should explain concepts, practical applications, advantages, limitations, and industry use cases of SK089.","SK089, fundamentals, implementation, best practices",FAANG
Q00342,ROLE011,SK090,Explain the fundamentals of skill SK090 for ROLE011.,Beginner,Technical,"Candidate should explain concepts, practical applications, advantages, limitations, and industry use cases of SK090.","SK090, fundamentals, implementation, best practices",Startup
Q00343,ROLE011,SK091,Explain the fundamentals of skill SK091 for ROLE011.,Intermediate,Coding,"Candidate should explain concepts, practical applications, advantages, limitations, and industry use cases of SK091.","SK091, fundamentals, implementation, best practices",Mid-size
Q00344,ROLE011,SK092,Explain the fundamentals of skill SK092 for ROLE011.,Advanced,HR,"Candidate should explain concepts, practical applications, advantages, limitations, and industry use cases of SK092.","SK092, fundamentals, implementation, best practices",MNC
Q00345,ROLE011,SK093,Explain the fundamentals of skill SK093 for ROLE011.,Beginner,Scenario,"Candidate should explain concepts, practical applications, advantages, limitations, and industry use cases of SK093.","SK093, fundamentals, implementation, best practices",FAANG
Q00346,ROLE011,SK094,Explain the fundamentals of skill SK094 for ROLE011.,Intermediate,Technical,"Candidate should explain concepts, practical applications, advantages, limitations, and industry use cases of SK094.","SK094, fundamentals, implementation, best practices",Startup
Q00347,ROLE011,SK095,Explain the fundamentals of skill SK095 for ROLE011.,Advanced,Coding,"Candidate should explain concepts, practical applications, advantages, limitations, and industry use cases of SK095.","SK095, fundamentals, implementation, best practices",Mid-size
Q00348,ROLE011,SK096,Explain the fundamentals of skill SK096 for ROLE011.,Beginner,HR,"Candidate should explain concepts, practical applications, advantages, limitations, and industry use cases of SK096.","SK096, fundamentals, implementation, best practices",MNC
Q00349,ROLE011,SK097,Explain the fundamentals of skill SK097 for ROLE011.,Intermediate,Scenario,"Candidate should explain concepts, practical applications, advantages, limitations, and industry use cases of SK097.","SK097, fundamentals, implementation, best practices",FAANG
Q00350,ROLE011,SK098,Explain the fundamentals of skill SK098 for ROLE011.,Advanced,Technical,"Candidate should explain concepts, practical applications, advantages, limitations, and industry use cases of SK098.","SK098, fundamentals, implementation, best practices",Startup
Q00351,ROLE011,SK099,Explain the fundamentals of skill SK099 for ROLE011.,Beginner,Coding,"Candidate should explain concepts, practical applications, advantages, limitations, and industry use cases of SK099.","SK099, fundamentals, implementation, best practices",Mid-size
Q00352,ROLE011,SK100,Explain the fundamentals of skill SK100 for ROLE011.,Intermediate,HR,"Candidate should explain concepts, practical applications, advantages, limitations, and industry use cases of SK100.","SK100, fundamentals, implementation, best practices",MNC
Q00353,ROLE011,SK101,Explain the fundamentals of skill SK101 for ROLE011.,Advanced,Scenario,"Candidate should explain concepts, practical applications, advantages, limitations, and industry use cases of SK101.","SK101, fundamentals, implementation, best practices",FAANG
Q00354,ROLE011,SK102,Explain the fundamentals of skill SK102 for ROLE011.,Beginner,Technical,"Candidate should explain concepts, practical applications, advantages, limitations, and industry use cases of SK102.","SK102, fundamentals, implementation, best practices",Startup
Q00355,ROLE011,SK103,Explain the fundamentals of skill SK103 for ROLE011.,Intermediate,Coding,"Candidate should explain concepts, practical applications, advantages, limitations, and industry use cases of SK103.","SK103, fundamentals, implementation, best practices",Mid-size
Q00356,ROLE011,SK104,Explain the fundamentals of skill SK104 for ROLE011.,Advanced,HR,"Candidate should explain concepts, practical applications, advantages, limitations, and industry use cases of SK104.","SK104, fundamentals, implementation, best practices",MNC
Q00357,ROLE011,SK105,Explain the fundamentals of skill SK105 for ROLE011.,Beginner,Scenario,"Candidate should explain concepts, practical applications, advantages, limitations, and industry use cases of SK105.","SK105, fundamentals, implementation, best practices",FAANG
Q00358,ROLE011,SK106,Explain the fundamentals of skill SK106 for ROLE011.,Intermediate,Technical,"Candidate should explain concepts, practical applications, advantages, limitations, and industry use cases of SK106.","SK106, fundamentals, implementation, best practices",Startup
Q00359,ROLE011,SK107,Explain the fundamentals of skill SK107 for ROLE011.,Advanced,Coding,"Candidate should explain concepts, practical applications, advantages, limitations, and industry use cases of SK107.","SK107, fundamentals, implementation, best practices",Mid-size
Q00360,ROLE011,SK108,Explain the fundamentals of skill SK108 for ROLE011.,Beginner,HR,"Candidate should explain concepts, practical applications, advantages, limitations, and industry use cases of SK108.","SK108, fundamentals, implementation, best practices",MNC
Q00361,ROLE011,SK109,Explain the fundamentals of skill SK109 for ROLE011.,Intermediate,Scenario,"Candidate should explain concepts, practical applications, advantages, limitations, and industry use cases of SK109.","SK109, fundamentals, implementation, best practices",FAANG
Q00362,ROLE011,SK110,Explain the fundamentals of skill SK110 for ROLE011.,Advanced,Technical,"Candidate should explain concepts, practical applications, advantages, limitations, and industry use cases of SK110.","SK110, fundamentals, implementation, best practices",Startup
Q00363,ROLE011,SK111,Explain the fundamentals of skill SK111 for ROLE011.,Beginner,Coding,"Candidate should explain concepts, practical applications, advantages, limitations, and industry use cases of SK111.","SK111, fundamentals, implementation, best practices",Mid-size
Q00364,ROLE012,SK086,Explain the fundamentals of skill SK086 for ROLE012.,Intermediate,Coding,"Candidate should explain concepts, practical applications, advantages, limitations, and industry use cases of SK086.","SK086, fundamentals, implementation, best practices",Mid-size
Q00365,ROLE012,SK087,Explain the fundamentals of skill SK087 for ROLE012.,Advanced,HR,"Candidate should explain concepts, practical applications, advantages, limitations, and industry use cases of SK087.","SK087, fundamentals, implementation, best practices",MNC
Q00366,ROLE012,SK088,Explain the fundamentals of skill SK088 for ROLE012.,Beginner,Scenario,"Candidate should explain concepts, practical applications, advantages, limitations, and industry use cases of SK088.","SK088, fundamentals, implementation, best practices",FAANG
Q00367,ROLE012,SK089,Explain the fundamentals of skill SK089 for ROLE012.,Intermediate,Technical,"Candidate should explain concepts, practical applications, advantages, limitations, and industry use cases of SK089.","SK089, fundamentals, implementation, best practices",Startup
Q00368,ROLE012,SK090,Explain the fundamentals of skill SK090 for ROLE012.,Advanced,Coding,"Candidate should explain concepts, practical applications, advantages, limitations, and industry use cases of SK090.","SK090, fundamentals, implementation, best practices",Mid-size
Q00369,ROLE012,SK091,Explain the fundamentals of skill SK091 for ROLE012.,Beginner,HR,"Candidate should explain concepts, practical applications, advantages, limitations, and industry use cases of SK091.","SK091, fundamentals, implementation, best practices",MNC
Q00370,ROLE012,SK092,Explain the fundamentals of skill SK092 for ROLE012.,Intermediate,Scenario,"Candidate should explain concepts, practical applications, advantages, limitations, and industry use cases of SK092.","SK092, fundamentals, implementation, best practices",FAANG
Q00371,ROLE012,SK093,Explain the fundamentals of skill SK093 for ROLE012.,Advanced,Technical,"Candidate should explain concepts, practical applications, advantages, limitations, and industry use cases of SK093.","SK093, fundamentals, implementation, best practices",Startup
Q00372,ROLE012,SK094,Explain the fundamentals of skill SK094 for ROLE012.,Beginner,Coding,"Candidate should explain concepts, practical applications, advantages, limitations, and industry use cases of SK094.","SK094, fundamentals, implementation, best practices",Mid-size
Q00373,ROLE012,SK095,Explain the fundamentals of skill SK095 for ROLE012.,Intermediate,HR,"Candidate should explain concepts, practical applications, advantages, limitations, and industry use cases of SK095.","SK095, fundamentals, implementation, best practices",MNC
Q00374,ROLE012,SK096,Explain the fundamentals of skill SK096 for ROLE012.,Advanced,Scenario,"Candidate should explain concepts, practical applications, advantages, limitations, and industry use cases of SK096.","SK096, fundamentals, implementation, best practices",FAANG
Q00375,ROLE012,SK097,Explain the fundamentals of skill SK097 for ROLE012.,Beginner,Technical,"Candidate should explain concepts, practical applications, advantages, limitations, and industry use cases of SK097.","SK097, fundamentals, implementation, best practices",Startup
Q00376,ROLE012,SK098,Explain the fundamentals of skill SK098 for ROLE012.,Intermediate,Coding,"Candidate should explain concepts, practical applications, advantages, limitations, and industry use cases of SK098.","SK098, fundamentals, implementation, best practices",Mid-size
Q00377,ROLE012,SK099,Explain the fundamentals of skill SK099 for ROLE012.,Advanced,HR,"Candidate should explain concepts, practical applications, advantages, limitations, and industry use cases of SK099.","SK099, fundamentals, implementation, best practices",MNC
Q00378,ROLE012,SK100,Explain the fundamentals of skill SK100 for ROLE012.,Beginner,Scenario,"Candidate should explain concepts, practical applications, advantages, limitations, and industry use cases of SK100.","SK100, fundamentals, implementation, best practices",FAANG
Q00379,ROLE012,SK101,Explain the fundamentals of skill SK101 for ROLE012.,Intermediate,Technical,"Candidate should explain concepts, practical applications, advantages, limitations, and industry use cases of SK101.","SK101, fundamentals, implementation, best practices",Startup
Q00380,ROLE012,SK102,Explain the fundamentals of skill SK102 for ROLE012.,Advanced,Coding,"Candidate should explain concepts, practical applications, advantages, limitations, and industry use cases of SK102.","SK102, fundamentals, implementation, best practices",Mid-size
Q00381,ROLE012,SK103,Explain the fundamentals of skill SK103 for ROLE012.,Beginner,HR,"Candidate should explain concepts, practical applications, advantages, limitations, and industry use cases of SK103.","SK103, fundamentals, implementation, best practices",MNC
Q00382,ROLE012,SK104,Explain the fundamentals of skill SK104 for ROLE012.,Intermediate,Scenario,"Candidate should explain concepts, practical applications, advantages, limitations, and industry use cases of SK104.","SK104, fundamentals, implementation, best practices",FAANG
Q00383,ROLE012,SK105,Explain the fundamentals of skill SK105 for ROLE012.,Advanced,Technical,"Candidate should explain concepts, practical applications, advantages, limitations, and industry use cases of SK105.","SK105, fundamentals, implementation, best practices",Startup
Q00384,ROLE012,SK106,Explain the fundamentals of skill SK106 for ROLE012.,Beginner,Coding,"Candidate should explain concepts, practical applications, advantages, limitations, and industry use cases of SK106.","SK106, fundamentals, implementation, best practices",Mid-size
Q00385,ROLE012,SK107,Explain the fundamentals of skill SK107 for ROLE012.,Intermediate,HR,"Candidate should explain concepts, practical applications, advantages, limitations, and industry use cases of SK107.","SK107, fundamentals, implementation, best practices",MNC
Q00386,ROLE012,SK108,Explain the fundamentals of skill SK108 for ROLE012.,Advanced,Scenario,"Candidate should explain concepts, practical applications, advantages, limitations, and industry use cases of SK108.","SK108, fundamentals, implementation, best practices",FAANG
Q00387,ROLE012,SK109,Explain the fundamentals of skill SK109 for ROLE012.,Beginner,Technical,"Candidate should explain concepts, practical applications, advantages, limitations, and industry use cases of SK109.","SK109, fundamentals, implementation, best practices",Startup
Q00388,ROLE012,SK110,Explain the fundamentals of skill SK110 for ROLE012.,Intermediate,Coding,"Candidate should explain concepts, practical applications, advantages, limitations, and industry use cases of SK110.","SK110, fundamentals, implementation, best practices",Mid-size
Q00389,ROLE012,SK111,Explain the fundamentals of skill SK111 for ROLE012.,Advanced,HR,"Candidate should explain concepts, practical applications, advantages, limitations, and industry use cases of SK111.","SK111, fundamentals, implementation, best practices",MNC
Q00390,ROLE012,SK112,Explain the fundamentals of skill SK112 for ROLE012.,Beginner,Scenario,"Candidate should explain concepts, practical applications, advantages, limitations, and industry use cases of SK112.","SK112, fundamentals, implementation, best practices",FAANG
Q00391,ROLE012,SK113,Explain the fundamentals of skill SK113 for ROLE012.,Intermediate,Technical,"Candidate should explain concepts, practical applications, advantages, limitations, and industry use cases of SK113.","SK113, fundamentals, implementation, best practices",Startup
Q00392,ROLE012,SK114,Explain the fundamentals of skill SK114 for ROLE012.,Advanced,Coding,"Candidate should explain concepts, practical applications, advantages, limitations, and industry use cases of SK114.","SK114, fundamentals, implementation, best practices",Mid-size
Q00393,ROLE012,SK115,Explain the fundamentals of skill SK115 for ROLE012.,Beginner,HR,"Candidate should explain concepts, practical applications, advantages, limitations, and industry use cases of SK115.","SK115, fundamentals, implementation, best practices",MNC
Q00394,ROLE012,SK116,Explain the fundamentals of skill SK116 for ROLE012.,Intermediate,Scenario,"Candidate should explain concepts, practical applications, advantages, limitations, and industry use cases of SK116.","SK116, fundamentals, implementation, best practices",FAANG
Q00395,ROLE012,SK117,Explain the fundamentals of skill SK117 for ROLE012.,Advanced,Technical,"Candidate should explain concepts, practical applications, advantages, limitations, and industry use cases of SK117.","SK117, fundamentals, implementation, best practices",Startup
Q00396,ROLE012,SK118,Explain the fundamentals of skill SK118 for ROLE012.,Beginner,Coding,"Candidate should explain concepts, practical applications, advantages, limitations, and industry use cases of SK118.","SK118, fundamentals, implementation, best practices",Mid-size
Q00397,ROLE013,SK093,Explain the fundamentals of skill SK093 for ROLE013.,Intermediate,Coding,"Candidate should explain concepts, practical applications, advantages, limitations, and industry use cases of SK093.","SK093, fundamentals, implementation, best practices",Mid-size
Q00398,ROLE013,SK094,Explain the fundamentals of skill SK094 for ROLE013.,Advanced,HR,"Candidate should explain concepts, practical applications, advantages, limitations, and industry use cases of SK094.","SK094, fundamentals, implementation, best practices",MNC
Q00399,ROLE013,SK095,Explain the fundamentals of skill SK095 for ROLE013.,Beginner,Scenario,"Candidate should explain concepts, practical applications, advantages, limitations, and industry use cases of SK095.","SK095, fundamentals, implementation, best practices",FAANG
Q00400,ROLE013,SK096,Explain the fundamentals of skill SK096 for ROLE013.,Intermediate,Technical,"Candidate should explain concepts, practical applications, advantages, limitations, and industry use cases of SK096.","SK096, fundamentals, implementation, best practices",Startup
Q00401,ROLE013,SK097,Explain the fundamentals of skill SK097 for ROLE013.,Advanced,Coding,"Candidate should explain concepts, practical applications, advantages, limitations, and industry use cases of SK097.","SK097, fundamentals, implementation, best practices",Mid-size
Q00402,ROLE013,SK098,Explain the fundamentals of skill SK098 for ROLE013.,Beginner,HR,"Candidate should explain concepts, practical applications, advantages, limitations, and industry use cases of SK098.","SK098, fundamentals, implementation, best practices",MNC
Q00403,ROLE013,SK099,Explain the fundamentals of skill SK099 for ROLE013.,Intermediate,Scenario,"Candidate should explain concepts, practical applications, advantages, limitations, and industry use cases of SK099.","SK099, fundamentals, implementation, best practices",FAANG
Q00404,ROLE013,SK100,Explain the fundamentals of skill SK100 for ROLE013.,Advanced,Technical,"Candidate should explain concepts, practical applications, advantages, limitations, and industry use cases of SK100.","SK100, fundamentals, implementation, best practices",Startup
Q00405,ROLE013,SK101,Explain the fundamentals of skill SK101 for ROLE013.,Beginner,Coding,"Candidate should explain concepts, practical applications, advantages, limitations, and industry use cases of SK101.","SK101, fundamentals, implementation, best practices",Mid-size
Q00406,ROLE013,SK102,Explain the fundamentals of skill SK102 for ROLE013.,Intermediate,HR,"Candidate should explain concepts, practical applications, advantages, limitations, and industry use cases of SK102.","SK102, fundamentals, implementation, best practices",MNC
Q00407,ROLE013,SK103,Explain the fundamentals of skill SK103 for ROLE013.,Advanced,Scenario,"Candidate should explain concepts, practical applications, advantages, limitations, and industry use cases of SK103.","SK103, fundamentals, implementation, best practices",FAANG
Q00408,ROLE013,SK104,Explain the fundamentals of skill SK104 for ROLE013.,Beginner,Technical,"Candidate should explain concepts, practical applications, advantages, limitations, and industry use cases of SK104.","SK104, fundamentals, implementation, best practices",Startup
Q00409,ROLE013,SK105,Explain the fundamentals of skill SK105 for ROLE013.,Intermediate,Coding,"Candidate should explain concepts, practical applications, advantages, limitations, and industry use cases of SK105.","SK105, fundamentals, implementation, best practices",Mid-size
Q00410,ROLE013,SK106,Explain the fundamentals of skill SK106 for ROLE013.,Advanced,HR,"Candidate should explain concepts, practical applications, advantages, limitations, and industry use cases of SK106.","SK106, fundamentals, implementation, best practices",MNC
Q00411,ROLE013,SK107,Explain the fundamentals of skill SK107 for ROLE013.,Beginner,Scenario,"Candidate should explain concepts, practical applications, advantages, limitations, and industry use cases of SK107.","SK107, fundamentals, implementation, best practices",FAANG
Q00412,ROLE013,SK108,Explain the fundamentals of skill SK108 for ROLE013.,Intermediate,Technical,"Candidate should explain concepts, practical applications, advantages, limitations, and industry use cases of SK108.","SK108, fundamentals, implementation, best practices",Startup
Q00413,ROLE013,SK109,Explain the fundamentals of skill SK109 for ROLE013.,Advanced,Coding,"Candidate should explain concepts, practical applications, advantages, limitations, and industry use cases of SK109.","SK109, fundamentals, implementation, best practices",Mid-size
Q00414,ROLE013,SK110,Explain the fundamentals of skill SK110 for ROLE013.,Beginner,HR,"Candidate should explain concepts, practical applications, advantages, limitations, and industry use cases of SK110.","SK110, fundamentals, implementation, best practices",MNC
Q00415,ROLE013,SK111,Explain the fundamentals of skill SK111 for ROLE013.,Intermediate,Scenario,"Candidate should explain concepts, practical applications, advantages, limitations, and industry use cases of SK111.","SK111, fundamentals, implementation, best practices",FAANG
Q00416,ROLE013,SK112,Explain the fundamentals of skill SK112 for ROLE013.,Advanced,Technical,"Candidate should explain concepts, practical applications, advantages, limitations, and industry use cases of SK112.","SK112, fundamentals, implementation, best practices",Startup
Q00417,ROLE013,SK113,Explain the fundamentals of skill SK113 for ROLE013.,Beginner,Coding,"Candidate should explain concepts, practical applications, advantages, limitations, and industry use cases of SK113.","SK113, fundamentals, implementation, best practices",Mid-size
Q00418,ROLE013,SK114,Explain the fundamentals of skill SK114 for ROLE013.,Intermediate,HR,"Candidate should explain concepts, practical applications, advantages, limitations, and industry use cases of SK114.","SK114, fundamentals, implementation, best practices",MNC
Q00419,ROLE013,SK115,Explain the fundamentals of skill SK115 for ROLE013.,Advanced,Scenario,"Candidate should explain concepts, practical applications, advantages, limitations, and industry use cases of SK115.","SK115, fundamentals, implementation, best practices",FAANG
Q00420,ROLE013,SK116,Explain the fundamentals of skill SK116 for ROLE013.,Beginner,Technical,"Candidate should explain concepts, practical applications, advantages, limitations, and industry use cases of SK116.","SK116, fundamentals, implementation, best practices",Startup
Q00421,ROLE013,SK117,Explain the fundamentals of skill SK117 for ROLE013.,Intermediate,Coding,"Candidate should explain concepts, practical applications, advantages, limitations, and industry use cases of SK117.","SK117, fundamentals, implementation, best practices",Mid-size
Q00422,ROLE013,SK118,Explain the fundamentals of skill SK118 for ROLE013.,Advanced,HR,"Candidate should explain concepts, practical applications, advantages, limitations, and industry use cases of SK118.","SK118, fundamentals, implementation, best practices",MNC
Q00423,ROLE013,SK119,Explain the fundamentals of skill SK119 for ROLE013.,Beginner,Scenario,"Candidate should explain concepts, practical applications, advantages, limitations, and industry use cases of SK119.","SK119, fundamentals, implementation, best practices",FAANG
Q00424,ROLE013,SK120,Explain the fundamentals of skill SK120 for ROLE013.,Intermediate,Technical,"Candidate should explain concepts, practical applications, advantages, limitations, and industry use cases of SK120.","SK120, fundamentals, implementation, best practices",Startup
Q00425,ROLE013,SK121,Explain the fundamentals of skill SK121 for ROLE013.,Advanced,Coding,"Candidate should explain concepts, practical applications, advantages, limitations, and industry use cases of SK121.","SK121, fundamentals, implementation, best practices",Mid-size
Q00426,ROLE013,SK122,Explain the fundamentals of skill SK122 for ROLE013.,Beginner,HR,"Candidate should explain concepts, practical applications, advantages, limitations, and industry use cases of SK122.","SK122, fundamentals, implementation, best practices",MNC
Q00427,ROLE013,SK123,Explain the fundamentals of skill SK123 for ROLE013.,Intermediate,Scenario,"Candidate should explain concepts, practical applications, advantages, limitations, and industry use cases of SK123.","SK123, fundamentals, implementation, best practices",FAANG
Q00428,ROLE013,SK124,Explain the fundamentals of skill SK124 for ROLE013.,Advanced,Technical,"Candidate should explain concepts, practical applications, advantages, limitations, and industry use cases of SK124.","SK124, fundamentals, implementation, best practices",Startup
Q00429,ROLE013,SK125,Explain the fundamentals of skill SK125 for ROLE013.,Beginner,Coding,"Candidate should explain concepts, practical applications, advantages, limitations, and industry use cases of SK125.","SK125, fundamentals, implementation, best practices",Mid-size
Q00430,ROLE014,SK100,Explain the fundamentals of skill SK100 for ROLE014.,Intermediate,Coding,"Candidate should explain concepts, practical applications, advantages, limitations, and industry use cases of SK100.","SK100, fundamentals, implementation, best practices",Mid-size
Q00431,ROLE014,SK101,Explain the fundamentals of skill SK101 for ROLE014.,Advanced,HR,"Candidate should explain concepts, practical applications, advantages, limitations, and industry use cases of SK101.","SK101, fundamentals, implementation, best practices",MNC
Q00432,ROLE014,SK102,Explain the fundamentals of skill SK102 for ROLE014.,Beginner,Scenario,"Candidate should explain concepts, practical applications, advantages, limitations, and industry use cases of SK102.","SK102, fundamentals, implementation, best practices",FAANG
Q00433,ROLE014,SK103,Explain the fundamentals of skill SK103 for ROLE014.,Intermediate,Technical,"Candidate should explain concepts, practical applications, advantages, limitations, and industry use cases of SK103.","SK103, fundamentals, implementation, best practices",Startup
Q00434,ROLE014,SK104,Explain the fundamentals of skill SK104 for ROLE014.,Advanced,Coding,"Candidate should explain concepts, practical applications, advantages, limitations, and industry use cases of SK104.","SK104, fundamentals, implementation, best practices",Mid-size
Q00435,ROLE014,SK105,Explain the fundamentals of skill SK105 for ROLE014.,Beginner,HR,"Candidate should explain concepts, practical applications, advantages, limitations, and industry use cases of SK105.","SK105, fundamentals, implementation, best practices",MNC
Q00436,ROLE014,SK106,Explain the fundamentals of skill SK106 for ROLE014.,Intermediate,Scenario,"Candidate should explain concepts, practical applications, advantages, limitations, and industry use cases of SK106.","SK106, fundamentals, implementation, best practices",FAANG
Q00437,ROLE014,SK107,Explain the fundamentals of skill SK107 for ROLE014.,Advanced,Technical,"Candidate should explain concepts, practical applications, advantages, limitations, and industry use cases of SK107.","SK107, fundamentals, implementation, best practices",Startup
Q00438,ROLE014,SK108,Explain the fundamentals of skill SK108 for ROLE014.,Beginner,Coding,"Candidate should explain concepts, practical applications, advantages, limitations, and industry use cases of SK108.","SK108, fundamentals, implementation, best practices",Mid-size
Q00439,ROLE014,SK109,Explain the fundamentals of skill SK109 for ROLE014.,Intermediate,HR,"Candidate should explain concepts, practical applications, advantages, limitations, and industry use cases of SK109.","SK109, fundamentals, implementation, best practices",MNC
Q00440,ROLE014,SK110,Explain the fundamentals of skill SK110 for ROLE014.,Advanced,Scenario,"Candidate should explain concepts, practical applications, advantages, limitations, and industry use cases of SK110.","SK110, fundamentals, implementation, best practices",FAANG
Q00441,ROLE014,SK111,Explain the fundamentals of skill SK111 for ROLE014.,Beginner,Technical,"Candidate should explain concepts, practical applications, advantages, limitations, and industry use cases of SK111.","SK111, fundamentals, implementation, best practices",Startup
Q00442,ROLE014,SK112,Explain the fundamentals of skill SK112 for ROLE014.,Intermediate,Coding,"Candidate should explain concepts, practical applications, advantages, limitations, and industry use cases of SK112.","SK112, fundamentals, implementation, best practices",Mid-size
Q00443,ROLE014,SK113,Explain the fundamentals of skill SK113 for ROLE014.,Advanced,HR,"Candidate should explain concepts, practical applications, advantages, limitations, and industry use cases of SK113.","SK113, fundamentals, implementation, best practices",MNC
Q00444,ROLE014,SK114,Explain the fundamentals of skill SK114 for ROLE014.,Beginner,Scenario,"Candidate should explain concepts, practical applications, advantages, limitations, and industry use cases of SK114.","SK114, fundamentals, implementation, best practices",FAANG
Q00445,ROLE014,SK115,Explain the fundamentals of skill SK115 for ROLE014.,Intermediate,Technical,"Candidate should explain concepts, practical applications, advantages, limitations, and industry use cases of SK115.","SK115, fundamentals, implementation, best practices",Startup
Q00446,ROLE014,SK116,Explain the fundamentals of skill SK116 for ROLE014.,Advanced,Coding,"Candidate should explain concepts, practical applications, advantages, limitations, and industry use cases of SK116.","SK116, fundamentals, implementation, best practices",Mid-size
Q00447,ROLE014,SK117,Explain the fundamentals of skill SK117 for ROLE014.,Beginner,HR,"Candidate should explain concepts, practical applications, advantages, limitations, and industry use cases of SK117.","SK117, fundamentals, implementation, best practices",MNC
Q00448,ROLE014,SK118,Explain the fundamentals of skill SK118 for ROLE014.,Intermediate,Scenario,"Candidate should explain concepts, practical applications, advantages, limitations, and industry use cases of SK118.","SK118, fundamentals, implementation, best practices",FAANG
Q00449,ROLE014,SK119,Explain the fundamentals of skill SK119 for ROLE014.,Advanced,Technical,"Candidate should explain concepts, practical applications, advantages, limitations, and industry use cases of SK119.","SK119, fundamentals, implementation, best practices",Startup
Q00450,ROLE014,SK120,Explain the fundamentals of skill SK120 for ROLE014.,Beginner,Coding,"Candidate should explain concepts, practical applications, advantages, limitations, and industry use cases of SK120.","SK120, fundamentals, implementation, best practices",Mid-size
Q00451,ROLE014,SK121,Explain the fundamentals of skill SK121 for ROLE014.,Intermediate,HR,"Candidate should explain concepts, practical applications, advantages, limitations, and industry use cases of SK121.","SK121, fundamentals, implementation, best practices",MNC
Q00452,ROLE014,SK122,Explain the fundamentals of skill SK122 for ROLE014.,Advanced,Scenario,"Candidate should explain concepts, practical applications, advantages, limitations, and industry use cases of SK122.","SK122, fundamentals, implementation, best practices",FAANG
Q00453,ROLE014,SK123,Explain the fundamentals of skill SK123 for ROLE014.,Beginner,Technical,"Candidate should explain concepts, practical applications, advantages, limitations, and industry use cases of SK123.","SK123, fundamentals, implementation, best practices",Startup
Q00454,ROLE014,SK124,Explain the fundamentals of skill SK124 for ROLE014.,Intermediate,Coding,"Candidate should explain concepts, practical applications, advantages, limitations, and industry use cases of SK124.","SK124, fundamentals, implementation, best practices",Mid-size
Q00455,ROLE014,SK125,Explain the fundamentals of skill SK125 for ROLE014.,Advanced,HR,"Candidate should explain concepts, practical applications, advantages, limitations, and industry use cases of SK125.","SK125, fundamentals, implementation, best practices",MNC
Q00456,ROLE014,SK126,Explain the fundamentals of skill SK126 for ROLE014.,Beginner,Scenario,"Candidate should explain concepts, practical applications, advantages, limitations, and industry use cases of SK126.","SK126, fundamentals, implementation, best practices",FAANG
Q00457,ROLE014,SK127,Explain the fundamentals of skill SK127 for ROLE014.,Intermediate,Technical,"Candidate should explain concepts, practical applications, advantages, limitations, and industry use cases of SK127.","SK127, fundamentals, implementation, best practices",Startup
Q00458,ROLE014,SK128,Explain the fundamentals of skill SK128 for ROLE014.,Advanced,Coding,"Candidate should explain concepts, practical applications, advantages, limitations, and industry use cases of SK128.","SK128, fundamentals, implementation, best practices",Mid-size
Q00459,ROLE014,SK129,Explain the fundamentals of skill SK129 for ROLE014.,Beginner,HR,"Candidate should explain concepts, practical applications, advantages, limitations, and industry use cases of SK129.","SK129, fundamentals, implementation, best practices",MNC
Q00460,ROLE014,SK130,Explain the fundamentals of skill SK130 for ROLE014.,Intermediate,Scenario,"Candidate should explain concepts, practical applications, advantages, limitations, and industry use cases of SK130.","SK130, fundamentals, implementation, best practices",FAANG
Q00461,ROLE014,SK131,Explain the fundamentals of skill SK131 for ROLE014.,Advanced,Technical,"Candidate should explain concepts, practical applications, advantages, limitations, and industry use cases of SK131.","SK131, fundamentals, implementation, best practices",Startup
Q00462,ROLE014,SK132,Explain the fundamentals of skill SK132 for ROLE014.,Beginner,Coding,"Candidate should explain concepts, practical applications, advantages, limitations, and industry use cases of SK132.","SK132, fundamentals, implementation, best practices",Mid-size
Q00463,ROLE015,SK107,Explain the fundamentals of skill SK107 for ROLE015.,Intermediate,Coding,"Candidate should explain concepts, practical applications, advantages, limitations, and industry use cases of SK107.","SK107, fundamentals, implementation, best practices",Mid-size
Q00464,ROLE015,SK108,Explain the fundamentals of skill SK108 for ROLE015.,Advanced,HR,"Candidate should explain concepts, practical applications, advantages, limitations, and industry use cases of SK108.","SK108, fundamentals, implementation, best practices",MNC
Q00465,ROLE015,SK109,Explain the fundamentals of skill SK109 for ROLE015.,Beginner,Scenario,"Candidate should explain concepts, practical applications, advantages, limitations, and industry use cases of SK109.","SK109, fundamentals, implementation, best practices",FAANG
Q00466,ROLE015,SK110,Explain the fundamentals of skill SK110 for ROLE015.,Intermediate,Technical,"Candidate should explain concepts, practical applications, advantages, limitations, and industry use cases of SK110.","SK110, fundamentals, implementation, best practices",Startup
Q00467,ROLE015,SK111,Explain the fundamentals of skill SK111 for ROLE015.,Advanced,Coding,"Candidate should explain concepts, practical applications, advantages, limitations, and industry use cases of SK111.","SK111, fundamentals, implementation, best practices",Mid-size
Q00468,ROLE015,SK112,Explain the fundamentals of skill SK112 for ROLE015.,Beginner,HR,"Candidate should explain concepts, practical applications, advantages, limitations, and industry use cases of SK112.","SK112, fundamentals, implementation, best practices",MNC
Q00469,ROLE015,SK113,Explain the fundamentals of skill SK113 for ROLE015.,Intermediate,Scenario,"Candidate should explain concepts, practical applications, advantages, limitations, and industry use cases of SK113.","SK113, fundamentals, implementation, best practices",FAANG
Q00470,ROLE015,SK114,Explain the fundamentals of skill SK114 for ROLE015.,Advanced,Technical,"Candidate should explain concepts, practical applications, advantages, limitations, and industry use cases of SK114.","SK114, fundamentals, implementation, best practices",Startup
Q00471,ROLE015,SK115,Explain the fundamentals of skill SK115 for ROLE015.,Beginner,Coding,"Candidate should explain concepts, practical applications, advantages, limitations, and industry use cases of SK115.","SK115, fundamentals, implementation, best practices",Mid-size
Q00472,ROLE015,SK116,Explain the fundamentals of skill SK116 for ROLE015.,Intermediate,HR,"Candidate should explain concepts, practical applications, advantages, limitations, and industry use cases of SK116.","SK116, fundamentals, implementation, best practices",MNC
Q00473,ROLE015,SK117,Explain the fundamentals of skill SK117 for ROLE015.,Advanced,Scenario,"Candidate should explain concepts, practical applications, advantages, limitations, and industry use cases of SK117.","SK117, fundamentals, implementation, best practices",FAANG
Q00474,ROLE015,SK118,Explain the fundamentals of skill SK118 for ROLE015.,Beginner,Technical,"Candidate should explain concepts, practical applications, advantages, limitations, and industry use cases of SK118.","SK118, fundamentals, implementation, best practices",Startup
Q00475,ROLE015,SK119,Explain the fundamentals of skill SK119 for ROLE015.,Intermediate,Coding,"Candidate should explain concepts, practical applications, advantages, limitations, and industry use cases of SK119.","SK119, fundamentals, implementation, best practices",Mid-size
Q00476,ROLE015,SK120,Explain the fundamentals of skill SK120 for ROLE015.,Advanced,HR,"Candidate should explain concepts, practical applications, advantages, limitations, and industry use cases of SK120.","SK120, fundamentals, implementation, best practices",MNC
Q00477,ROLE015,SK121,Explain the fundamentals of skill SK121 for ROLE015.,Beginner,Scenario,"Candidate should explain concepts, practical applications, advantages, limitations, and industry use cases of SK121.","SK121, fundamentals, implementation, best practices",FAANG
Q00478,ROLE015,SK122,Explain the fundamentals of skill SK122 for ROLE015.,Intermediate,Technical,"Candidate should explain concepts, practical applications, advantages, limitations, and industry use cases of SK122.","SK122, fundamentals, implementation, best practices",Startup
Q00479,ROLE015,SK123,Explain the fundamentals of skill SK123 for ROLE015.,Advanced,Coding,"Candidate should explain concepts, practical applications, advantages, limitations, and industry use cases of SK123.","SK123, fundamentals, implementation, best practices",Mid-size
Q00480,ROLE015,SK124,Explain the fundamentals of skill SK124 for ROLE015.,Beginner,HR,"Candidate should explain concepts, practical applications, advantages, limitations, and industry use cases of SK124.","SK124, fundamentals, implementation, best practices",MNC
Q00481,ROLE015,SK125,Explain the fundamentals of skill SK125 for ROLE015.,Intermediate,Scenario,"Candidate should explain concepts, practical applications, advantages, limitations, and industry use cases of SK125.","SK125, fundamentals, implementation, best practices",FAANG
Q00482,ROLE015,SK126,Explain the fundamentals of skill SK126 for ROLE015.,Advanced,Technical,"Candidate should explain concepts, practical applications, advantages, limitations, and industry use cases of SK126.","SK126, fundamentals, implementation, best practices",Startup
Q00483,ROLE015,SK127,Explain the fundamentals of skill SK127 for ROLE015.,Beginner,Coding,"Candidate should explain concepts, practical applications, advantages, limitations, and industry use cases of SK127.","SK127, fundamentals, implementation, best practices",Mid-size
Q00484,ROLE015,SK128,Explain the fundamentals of skill SK128 for ROLE015.,Intermediate,HR,"Candidate should explain concepts, practical applications, advantages, limitations, and industry use cases of SK128.","SK128, fundamentals, implementation, best practices",MNC
Q00485,ROLE015,SK129,Explain the fundamentals of skill SK129 for ROLE015.,Advanced,Scenario,"Candidate should explain concepts, practical applications, advantages, limitations, and industry use cases of SK129.","SK129, fundamentals, implementation, best practices",FAANG
Q00486,ROLE015,SK130,Explain the fundamentals of skill SK130 for ROLE015.,Beginner,Technical,"Candidate should explain concepts, practical applications, advantages, limitations, and industry use cases of SK130.","SK130, fundamentals, implementation, best practices",Startup
Q00487,ROLE015,SK131,Explain the fundamentals of skill SK131 for ROLE015.,Intermediate,Coding,"Candidate should explain concepts, practical applications, advantages, limitations, and industry use cases of SK131.","SK131, fundamentals, implementation, best practices",Mid-size
Q00488,ROLE015,SK132,Explain the fundamentals of skill SK132 for ROLE015.,Advanced,HR,"Candidate should explain concepts, practical applications, advantages, limitations, and industry use cases of SK132.","SK132, fundamentals, implementation, best practices",MNC
Q00489,ROLE015,SK133,Explain the fundamentals of skill SK133 for ROLE015.,Beginner,Scenario,"Candidate should explain concepts, practical applications, advantages, limitations, and industry use cases of SK133.","SK133, fundamentals, implementation, best practices",FAANG
Q00490,ROLE015,SK134,Explain the fundamentals of skill SK134 for ROLE015.,Intermediate,Technical,"Candidate should explain concepts, practical applications, advantages, limitations, and industry use cases of SK134.","SK134, fundamentals, implementation, best practices",Startup
Q00491,ROLE015,SK135,Explain the fundamentals of skill SK135 for ROLE015.,Advanced,Coding,"Candidate should explain concepts, practical applications, advantages, limitations, and industry use cases of SK135.","SK135, fundamentals, implementation, best practices",Mid-size
Q00492,ROLE015,SK136,Explain the fundamentals of skill SK136 for ROLE015.,Beginner,HR,"Candidate should explain concepts, practical applications, advantages, limitations, and industry use cases of SK136.","SK136, fundamentals, implementation, best practices",MNC
Q00493,ROLE015,SK137,Explain the fundamentals of skill SK137 for ROLE015.,Intermediate,Scenario,"Candidate should explain concepts, practical applications, advantages, limitations, and industry use cases of SK137.","SK137, fundamentals, implementation, best practices",FAANG
Q00494,ROLE015,SK138,Explain the fundamentals of skill SK138 for ROLE015.,Advanced,Technical,"Candidate should explain concepts, practical applications, advantages, limitations, and industry use cases of SK138.","SK138, fundamentals, implementation, best practices",Startup
Q00495,ROLE015,SK139,Explain the fundamentals of skill SK139 for ROLE015.,Beginner,Coding,"Candidate should explain concepts, practical applications, advantages, limitations, and industry use cases of SK139.","SK139, fundamentals, implementation, best practices",Mid-size
Q00496,ROLE016,SK114,Explain the fundamentals of skill SK114 for ROLE016.,Intermediate,Coding,"Candidate should explain concepts, practical applications, advantages, limitations, and industry use cases of SK114.","SK114, fundamentals, implementation, best practices",Mid-size
Q00497,ROLE016,SK115,Explain the fundamentals of skill SK115 for ROLE016.,Advanced,HR,"Candidate should explain concepts, practical applications, advantages, limitations, and industry use cases of SK115.","SK115, fundamentals, implementation, best practices",MNC
Q00498,ROLE016,SK116,Explain the fundamentals of skill SK116 for ROLE016.,Beginner,Scenario,"Candidate should explain concepts, practical applications, advantages, limitations, and industry use cases of SK116.","SK116, fundamentals, implementation, best practices",FAANG
Q00499,ROLE016,SK117,Explain the fundamentals of skill SK117 for ROLE016.,Intermediate,Technical,"Candidate should explain concepts, practical applications, advantages, limitations, and industry use cases of SK117.","SK117, fundamentals, implementation, best practices",Startup
Q00500,ROLE016,SK118,Explain the fundamentals of skill SK118 for ROLE016.,Advanced,Coding,"Candidate should explain concepts, practical applications, advantages, limitations, and industry use cases of SK118.","SK118, fundamentals, implementation, best practices",Mid-size
Q00501,ROLE016,SK119,Explain the fundamentals of skill SK119 for ROLE016.,Beginner,HR,"Candidate should explain concepts, practical applications, advantages, limitations, and industry use cases of SK119.","SK119, fundamentals, implementation, best practices",MNC
Q00502,ROLE016,SK120,Explain the fundamentals of skill SK120 for ROLE016.,Intermediate,Scenario,"Candidate should explain concepts, practical applications, advantages, limitations, and industry use cases of SK120.","SK120, fundamentals, implementation, best practices",FAANG
Q00503,ROLE016,SK121,Explain the fundamentals of skill SK121 for ROLE016.,Advanced,Technical,"Candidate should explain concepts, practical applications, advantages, limitations, and industry use cases of SK121.","SK121, fundamentals, implementation, best practices",Startup
Q00504,ROLE016,SK122,Explain the fundamentals of skill SK122 for ROLE016.,Beginner,Coding,"Candidate should explain concepts, practical applications, advantages, limitations, and industry use cases of SK122.","SK122, fundamentals, implementation, best practices",Mid-size
Q00505,ROLE016,SK123,Explain the fundamentals of skill SK123 for ROLE016.,Intermediate,HR,"Candidate should explain concepts, practical applications, advantages, limitations, and industry use cases of SK123.","SK123, fundamentals, implementation, best practices",MNC
Q00506,ROLE016,SK124,Explain the fundamentals of skill SK124 for ROLE016.,Advanced,Scenario,"Candidate should explain concepts, practical applications, advantages, limitations, and industry use cases of SK124.","SK124, fundamentals, implementation, best practices",FAANG
Q00507,ROLE016,SK125,Explain the fundamentals of skill SK125 for ROLE016.,Beginner,Technical,"Candidate should explain concepts, practical applications, advantages, limitations, and industry use cases of SK125.","SK125, fundamentals, implementation, best practices",Startup
Q00508,ROLE016,SK126,Explain the fundamentals of skill SK126 for ROLE016.,Intermediate,Coding,"Candidate should explain concepts, practical applications, advantages, limitations, and industry use cases of SK126.","SK126, fundamentals, implementation, best practices",Mid-size
Q00509,ROLE016,SK127,Explain the fundamentals of skill SK127 for ROLE016.,Advanced,HR,"Candidate should explain concepts, practical applications, advantages, limitations, and industry use cases of SK127.","SK127, fundamentals, implementation, best practices",MNC
Q00510,ROLE016,SK128,Explain the fundamentals of skill SK128 for ROLE016.,Beginner,Scenario,"Candidate should explain concepts, practical applications, advantages, limitations, and industry use cases of SK128.","SK128, fundamentals, implementation, best practices",FAANG
Q00511,ROLE016,SK129,Explain the fundamentals of skill SK129 for ROLE016.,Intermediate,Technical,"Candidate should explain concepts, practical applications, advantages, limitations, and industry use cases of SK129.","SK129, fundamentals, implementation, best practices",Startup
Q00512,ROLE016,SK130,Explain the fundamentals of skill SK130 for ROLE016.,Advanced,Coding,"Candidate should explain concepts, practical applications, advantages, limitations, and industry use cases of SK130.","SK130, fundamentals, implementation, best practices",Mid-size
Q00513,ROLE016,SK131,Explain the fundamentals of skill SK131 for ROLE016.,Beginner,HR,"Candidate should explain concepts, practical applications, advantages, limitations, and industry use cases of SK131.","SK131, fundamentals, implementation, best practices",MNC
Q00514,ROLE016,SK132,Explain the fundamentals of skill SK132 for ROLE016.,Intermediate,Scenario,"Candidate should explain concepts, practical applications, advantages, limitations, and industry use cases of SK132.","SK132, fundamentals, implementation, best practices",FAANG
Q00515,ROLE016,SK133,Explain the fundamentals of skill SK133 for ROLE016.,Advanced,Technical,"Candidate should explain concepts, practical applications, advantages, limitations, and industry use cases of SK133.","SK133, fundamentals, implementation, best practices",Startup
Q00516,ROLE016,SK134,Explain the fundamentals of skill SK134 for ROLE016.,Beginner,Coding,"Candidate should explain concepts, practical applications, advantages, limitations, and industry use cases of SK134.","SK134, fundamentals, implementation, best practices",Mid-size
Q00517,ROLE016,SK135,Explain the fundamentals of skill SK135 for ROLE016.,Intermediate,HR,"Candidate should explain concepts, practical applications, advantages, limitations, and industry use cases of SK135.","SK135, fundamentals, implementation, best practices",MNC
Q00518,ROLE016,SK136,Explain the fundamentals of skill SK136 for ROLE016.,Advanced,Scenario,"Candidate should explain concepts, practical applications, advantages, limitations, and industry use cases of SK136.","SK136, fundamentals, implementation, best practices",FAANG
Q00519,ROLE016,SK137,Explain the fundamentals of skill SK137 for ROLE016.,Beginner,Technical,"Candidate should explain concepts, practical applications, advantages, limitations, and industry use cases of SK137.","SK137, fundamentals, implementation, best practices",Startup
Q00520,ROLE016,SK138,Explain the fundamentals of skill SK138 for ROLE016.,Intermediate,Coding,"Candidate should explain concepts, practical applications, advantages, limitations, and industry use cases of SK138.","SK138, fundamentals, implementation, best practices",Mid-size
Q00521,ROLE016,SK139,Explain the fundamentals of skill SK139 for ROLE016.,Advanced,HR,"Candidate should explain concepts, practical applications, advantages, limitations, and industry use cases of SK139.","SK139, fundamentals, implementation, best practices",MNC
Q00522,ROLE016,SK140,Explain the fundamentals of skill SK140 for ROLE016.,Beginner,Scenario,"Candidate should explain concepts, practical applications, advantages, limitations, and industry use cases of SK140.","SK140, fundamentals, implementation, best practices",FAANG
Q00523,ROLE016,SK141,Explain the fundamentals of skill SK141 for ROLE016.,Intermediate,Technical,"Candidate should explain concepts, practical applications, advantages, limitations, and industry use cases of SK141.","SK141, fundamentals, implementation, best practices",Startup
Q00524,ROLE016,SK142,Explain the fundamentals of skill SK142 for ROLE016.,Advanced,Coding,"Candidate should explain concepts, practical applications, advantages, limitations, and industry use cases of SK142.","SK142, fundamentals, implementation, best practices",Mid-size
Q00525,ROLE016,SK143,Explain the fundamentals of skill SK143 for ROLE016.,Beginner,HR,"Candidate should explain concepts, practical applications, advantages, limitations, and industry use cases of SK143.","SK143, fundamentals, implementation, best practices",MNC
Q00526,ROLE016,SK144,Explain the fundamentals of skill SK144 for ROLE016.,Intermediate,Scenario,"Candidate should explain concepts, practical applications, advantages, limitations, and industry use cases of SK144.","SK144, fundamentals, implementation, best practices",FAANG
Q00527,ROLE016,SK145,Explain the fundamentals of skill SK145 for ROLE016.,Advanced,Technical,"Candidate should explain concepts, practical applications, advantages, limitations, and industry use cases of SK145.","SK145, fundamentals, implementation, best practices",Startup
Q00528,ROLE016,SK146,Explain the fundamentals of skill SK146 for ROLE016.,Beginner,Coding,"Candidate should explain concepts, practical applications, advantages, limitations, and industry use cases of SK146.","SK146, fundamentals, implementation, best practices",Mid-size
Q00529,ROLE017,SK121,Explain the fundamentals of skill SK121 for ROLE017.,Intermediate,Coding,"Candidate should explain concepts, practical applications, advantages, limitations, and industry use cases of SK121.","SK121, fundamentals, implementation, best practices",Mid-size
Q00530,ROLE017,SK122,Explain the fundamentals of skill SK122 for ROLE017.,Advanced,HR,"Candidate should explain concepts, practical applications, advantages, limitations, and industry use cases of SK122.","SK122, fundamentals, implementation, best practices",MNC
Q00531,ROLE017,SK123,Explain the fundamentals of skill SK123 for ROLE017.,Beginner,Scenario,"Candidate should explain concepts, practical applications, advantages, limitations, and industry use cases of SK123.","SK123, fundamentals, implementation, best practices",FAANG
Q00532,ROLE017,SK124,Explain the fundamentals of skill SK124 for ROLE017.,Intermediate,Technical,"Candidate should explain concepts, practical applications, advantages, limitations, and industry use cases of SK124.","SK124, fundamentals, implementation, best practices",Startup
Q00533,ROLE017,SK125,Explain the fundamentals of skill SK125 for ROLE017.,Advanced,Coding,"Candidate should explain concepts, practical applications, advantages, limitations, and industry use cases of SK125.","SK125, fundamentals, implementation, best practices",Mid-size
Q00534,ROLE017,SK126,Explain the fundamentals of skill SK126 for ROLE017.,Beginner,HR,"Candidate should explain concepts, practical applications, advantages, limitations, and industry use cases of SK126.","SK126, fundamentals, implementation, best practices",MNC
Q00535,ROLE017,SK127,Explain the fundamentals of skill SK127 for ROLE017.,Intermediate,Scenario,"Candidate should explain concepts, practical applications, advantages, limitations, and industry use cases of SK127.","SK127, fundamentals, implementation, best practices",FAANG
Q00536,ROLE017,SK128,Explain the fundamentals of skill SK128 for ROLE017.,Advanced,Technical,"Candidate should explain concepts, practical applications, advantages, limitations, and industry use cases of SK128.","SK128, fundamentals, implementation, best practices",Startup
Q00537,ROLE017,SK129,Explain the fundamentals of skill SK129 for ROLE017.,Beginner,Coding,"Candidate should explain concepts, practical applications, advantages, limitations, and industry use cases of SK129.","SK129, fundamentals, implementation, best practices",Mid-size
Q00538,ROLE017,SK130,Explain the fundamentals of skill SK130 for ROLE017.,Intermediate,HR,"Candidate should explain concepts, practical applications, advantages, limitations, and industry use cases of SK130.","SK130, fundamentals, implementation, best practices",MNC
Q00539,ROLE017,SK131,Explain the fundamentals of skill SK131 for ROLE017.,Advanced,Scenario,"Candidate should explain concepts, practical applications, advantages, limitations, and industry use cases of SK131.","SK131, fundamentals, implementation, best practices",FAANG
Q00540,ROLE017,SK132,Explain the fundamentals of skill SK132 for ROLE017.,Beginner,Technical,"Candidate should explain concepts, practical applications, advantages, limitations, and industry use cases of SK132.","SK132, fundamentals, implementation, best practices",Startup
Q00541,ROLE017,SK133,Explain the fundamentals of skill SK133 for ROLE017.,Intermediate,Coding,"Candidate should explain concepts, practical applications, advantages, limitations, and industry use cases of SK133.","SK133, fundamentals, implementation, best practices",Mid-size
Q00542,ROLE017,SK134,Explain the fundamentals of skill SK134 for ROLE017.,Advanced,HR,"Candidate should explain concepts, practical applications, advantages, limitations, and industry use cases of SK134.","SK134, fundamentals, implementation, best practices",MNC
Q00543,ROLE017,SK135,Explain the fundamentals of skill SK135 for ROLE017.,Beginner,Scenario,"Candidate should explain concepts, practical applications, advantages, limitations, and industry use cases of SK135.","SK135, fundamentals, implementation, best practices",FAANG
Q00544,ROLE017,SK136,Explain the fundamentals of skill SK136 for ROLE017.,Intermediate,Technical,"Candidate should explain concepts, practical applications, advantages, limitations, and industry use cases of SK136.","SK136, fundamentals, implementation, best practices",Startup
Q00545,ROLE017,SK137,Explain the fundamentals of skill SK137 for ROLE017.,Advanced,Coding,"Candidate should explain concepts, practical applications, advantages, limitations, and industry use cases of SK137.","SK137, fundamentals, implementation, best practices",Mid-size
Q00546,ROLE017,SK138,Explain the fundamentals of skill SK138 for ROLE017.,Beginner,HR,"Candidate should explain concepts, practical applications, advantages, limitations, and industry use cases of SK138.","SK138, fundamentals, implementation, best practices",MNC
Q00547,ROLE017,SK139,Explain the fundamentals of skill SK139 for ROLE017.,Intermediate,Scenario,"Candidate should explain concepts, practical applications, advantages, limitations, and industry use cases of SK139.","SK139, fundamentals, implementation, best practices",FAANG
Q00548,ROLE017,SK140,Explain the fundamentals of skill SK140 for ROLE017.,Advanced,Technical,"Candidate should explain concepts, practical applications, advantages, limitations, and industry use cases of SK140.","SK140, fundamentals, implementation, best practices",Startup
Q00549,ROLE017,SK141,Explain the fundamentals of skill SK141 for ROLE017.,Beginner,Coding,"Candidate should explain concepts, practical applications, advantages, limitations, and industry use cases of SK141.","SK141, fundamentals, implementation, best practices",Mid-size
Q00550,ROLE017,SK142,Explain the fundamentals of skill SK142 for ROLE017.,Intermediate,HR,"Candidate should explain concepts, practical applications, advantages, limitations, and industry use cases of SK142.","SK142, fundamentals, implementation, best practices",MNC
Q00551,ROLE017,SK143,Explain the fundamentals of skill SK143 for ROLE017.,Advanced,Scenario,"Candidate should explain concepts, practical applications, advantages, limitations, and industry use cases of SK143.","SK143, fundamentals, implementation, best practices",FAANG
Q00552,ROLE017,SK144,Explain the fundamentals of skill SK144 for ROLE017.,Beginner,Technical,"Candidate should explain concepts, practical applications, advantages, limitations, and industry use cases of SK144.","SK144, fundamentals, implementation, best practices",Startup
Q00553,ROLE017,SK145,Explain the fundamentals of skill SK145 for ROLE017.,Intermediate,Coding,"Candidate should explain concepts, practical applications, advantages, limitations, and industry use cases of SK145.","SK145, fundamentals, implementation, best practices",Mid-size
Q00554,ROLE017,SK146,Explain the fundamentals of skill SK146 for ROLE017.,Advanced,HR,"Candidate should explain concepts, practical applications, advantages, limitations, and industry use cases of SK146.","SK146, fundamentals, implementation, best practices",MNC
Q00555,ROLE017,SK147,Explain the fundamentals of skill SK147 for ROLE017.,Beginner,Scenario,"Candidate should explain concepts, practical applications, advantages, limitations, and industry use cases of SK147.","SK147, fundamentals, implementation, best practices",FAANG
Q00556,ROLE017,SK148,Explain the fundamentals of skill SK148 for ROLE017.,Intermediate,Technical,"Candidate should explain concepts, practical applications, advantages, limitations, and industry use cases of SK148.","SK148, fundamentals, implementation, best practices",Startup
Q00557,ROLE017,SK149,Explain the fundamentals of skill SK149 for ROLE017.,Advanced,Coding,"Candidate should explain concepts, practical applications, advantages, limitations, and industry use cases of SK149.","SK149, fundamentals, implementation, best practices",Mid-size
Q00558,ROLE017,SK150,Explain the fundamentals of skill SK150 for ROLE017.,Beginner,HR,"Candidate should explain concepts, practical applications, advantages, limitations, and industry use cases of SK150.","SK150, fundamentals, implementation, best practices",MNC
Q00559,ROLE017,SK151,Explain the fundamentals of skill SK151 for ROLE017.,Intermediate,Scenario,"Candidate should explain concepts, practical applications, advantages, limitations, and industry use cases of SK151.","SK151, fundamentals, implementation, best practices",FAANG
Q00560,ROLE017,SK152,Explain the fundamentals of skill SK152 for ROLE017.,Advanced,Technical,"Candidate should explain concepts, practical applications, advantages, limitations, and industry use cases of SK152.","SK152, fundamentals, implementation, best practices",Startup
Q00561,ROLE017,SK153,Explain the fundamentals of skill SK153 for ROLE017.,Beginner,Coding,"Candidate should explain concepts, practical applications, advantages, limitations, and industry use cases of SK153.","SK153, fundamentals, implementation, best practices",Mid-size
Q00562,ROLE018,SK128,Explain the fundamentals of skill SK128 for ROLE018.,Intermediate,Coding,"Candidate should explain concepts, practical applications, advantages, limitations, and industry use cases of SK128.","SK128, fundamentals, implementation, best practices",Mid-size
Q00563,ROLE018,SK129,Explain the fundamentals of skill SK129 for ROLE018.,Advanced,HR,"Candidate should explain concepts, practical applications, advantages, limitations, and industry use cases of SK129.","SK129, fundamentals, implementation, best practices",MNC
Q00564,ROLE018,SK130,Explain the fundamentals of skill SK130 for ROLE018.,Beginner,Scenario,"Candidate should explain concepts, practical applications, advantages, limitations, and industry use cases of SK130.","SK130, fundamentals, implementation, best practices",FAANG
Q00565,ROLE018,SK131,Explain the fundamentals of skill SK131 for ROLE018.,Intermediate,Technical,"Candidate should explain concepts, practical applications, advantages, limitations, and industry use cases of SK131.","SK131, fundamentals, implementation, best practices",Startup
Q00566,ROLE018,SK132,Explain the fundamentals of skill SK132 for ROLE018.,Advanced,Coding,"Candidate should explain concepts, practical applications, advantages, limitations, and industry use cases of SK132.","SK132, fundamentals, implementation, best practices",Mid-size
Q00567,ROLE018,SK133,Explain the fundamentals of skill SK133 for ROLE018.,Beginner,HR,"Candidate should explain concepts, practical applications, advantages, limitations, and industry use cases of SK133.","SK133, fundamentals, implementation, best practices",MNC
Q00568,ROLE018,SK134,Explain the fundamentals of skill SK134 for ROLE018.,Intermediate,Scenario,"Candidate should explain concepts, practical applications, advantages, limitations, and industry use cases of SK134.","SK134, fundamentals, implementation, best practices",FAANG
Q00569,ROLE018,SK135,Explain the fundamentals of skill SK135 for ROLE018.,Advanced,Technical,"Candidate should explain concepts, practical applications, advantages, limitations, and industry use cases of SK135.","SK135, fundamentals, implementation, best practices",Startup
Q00570,ROLE018,SK136,Explain the fundamentals of skill SK136 for ROLE018.,Beginner,Coding,"Candidate should explain concepts, practical applications, advantages, limitations, and industry use cases of SK136.","SK136, fundamentals, implementation, best practices",Mid-size
Q00571,ROLE018,SK137,Explain the fundamentals of skill SK137 for ROLE018.,Intermediate,HR,"Candidate should explain concepts, practical applications, advantages, limitations, and industry use cases of SK137.","SK137, fundamentals, implementation, best practices",MNC
Q00572,ROLE018,SK138,Explain the fundamentals of skill SK138 for ROLE018.,Advanced,Scenario,"Candidate should explain concepts, practical applications, advantages, limitations, and industry use cases of SK138.","SK138, fundamentals, implementation, best practices",FAANG
Q00573,ROLE018,SK139,Explain the fundamentals of skill SK139 for ROLE018.,Beginner,Technical,"Candidate should explain concepts, practical applications, advantages, limitations, and industry use cases of SK139.","SK139, fundamentals, implementation, best practices",Startup
Q00574,ROLE018,SK140,Explain the fundamentals of skill SK140 for ROLE018.,Intermediate,Coding,"Candidate should explain concepts, practical applications, advantages, limitations, and industry use cases of SK140.","SK140, fundamentals, implementation, best practices",Mid-size
Q00575,ROLE018,SK141,Explain the fundamentals of skill SK141 for ROLE018.,Advanced,HR,"Candidate should explain concepts, practical applications, advantages, limitations, and industry use cases of SK141.","SK141, fundamentals, implementation, best practices",MNC
Q00576,ROLE018,SK142,Explain the fundamentals of skill SK142 for ROLE018.,Beginner,Scenario,"Candidate should explain concepts, practical applications, advantages, limitations, and industry use cases of SK142.","SK142, fundamentals, implementation, best practices",FAANG
Q00577,ROLE018,SK143,Explain the fundamentals of skill SK143 for ROLE018.,Intermediate,Technical,"Candidate should explain concepts, practical applications, advantages, limitations, and industry use cases of SK143.","SK143, fundamentals, implementation, best practices",Startup
Q00578,ROLE018,SK144,Explain the fundamentals of skill SK144 for ROLE018.,Advanced,Coding,"Candidate should explain concepts, practical applications, advantages, limitations, and industry use cases of SK144.","SK144, fundamentals, implementation, best practices",Mid-size
Q00579,ROLE018,SK145,Explain the fundamentals of skill SK145 for ROLE018.,Beginner,HR,"Candidate should explain concepts, practical applications, advantages, limitations, and industry use cases of SK145.","SK145, fundamentals, implementation, best practices",MNC
Q00580,ROLE018,SK146,Explain the fundamentals of skill SK146 for ROLE018.,Intermediate,Scenario,"Candidate should explain concepts, practical applications, advantages, limitations, and industry use cases of SK146.","SK146, fundamentals, implementation, best practices",FAANG
Q00581,ROLE018,SK147,Explain the fundamentals of skill SK147 for ROLE018.,Advanced,Technical,"Candidate should explain concepts, practical applications, advantages, limitations, and industry use cases of SK147.","SK147, fundamentals, implementation, best practices",Startup
Q00582,ROLE018,SK148,Explain the fundamentals of skill SK148 for ROLE018.,Beginner,Coding,"Candidate should explain concepts, practical applications, advantages, limitations, and industry use cases of SK148.","SK148, fundamentals, implementation, best practices",Mid-size
Q00583,ROLE018,SK149,Explain the fundamentals of skill SK149 for ROLE018.,Intermediate,HR,"Candidate should explain concepts, practical applications, advantages, limitations, and industry use cases of SK149.","SK149, fundamentals, implementation, best practices",MNC
Q00584,ROLE018,SK150,Explain the fundamentals of skill SK150 for ROLE018.,Advanced,Scenario,"Candidate should explain concepts, practical applications, advantages, limitations, and industry use cases of SK150.","SK150, fundamentals, implementation, best practices",FAANG
Q00585,ROLE018,SK151,Explain the fundamentals of skill SK151 for ROLE018.,Beginner,Technical,"Candidate should explain concepts, practical applications, advantages, limitations, and industry use cases of SK151.","SK151, fundamentals, implementation, best practices",Startup
Q00586,ROLE018,SK152,Explain the fundamentals of skill SK152 for ROLE018.,Intermediate,Coding,"Candidate should explain concepts, practical applications, advantages, limitations, and industry use cases of SK152.","SK152, fundamentals, implementation, best practices",Mid-size
Q00587,ROLE018,SK153,Explain the fundamentals of skill SK153 for ROLE018.,Advanced,HR,"Candidate should explain concepts, practical applications, advantages, limitations, and industry use cases of SK153.","SK153, fundamentals, implementation, best practices",MNC
Q00588,ROLE018,SK154,Explain the fundamentals of skill SK154 for ROLE018.,Beginner,Scenario,"Candidate should explain concepts, practical applications, advantages, limitations, and industry use cases of SK154.","SK154, fundamentals, implementation, best practices",FAANG
Q00589,ROLE018,SK155,Explain the fundamentals of skill SK155 for ROLE018.,Intermediate,Technical,"Candidate should explain concepts, practical applications, advantages, limitations, and industry use cases of SK155.","SK155, fundamentals, implementation, best practices",Startup
Q00590,ROLE018,SK156,Explain the fundamentals of skill SK156 for ROLE018.,Advanced,Coding,"Candidate should explain concepts, practical applications, advantages, limitations, and industry use cases of SK156.","SK156, fundamentals, implementation, best practices",Mid-size
Q00591,ROLE018,SK157,Explain the fundamentals of skill SK157 for ROLE018.,Beginner,HR,"Candidate should explain concepts, practical applications, advantages, limitations, and industry use cases of SK157.","SK157, fundamentals, implementation, best practices",MNC
Q00592,ROLE018,SK158,Explain the fundamentals of skill SK158 for ROLE018.,Intermediate,Scenario,"Candidate should explain concepts, practical applications, advantages, limitations, and industry use cases of SK158.","SK158, fundamentals, implementation, best practices",FAANG
Q00593,ROLE018,SK159,Explain the fundamentals of skill SK159 for ROLE018.,Advanced,Technical,"Candidate should explain concepts, practical applications, advantages, limitations, and industry use cases of SK159.","SK159, fundamentals, implementation, best practices",Startup
Q00594,ROLE018,SK160,Explain the fundamentals of skill SK160 for ROLE018.,Beginner,Coding,"Candidate should explain concepts, practical applications, advantages, limitations, and industry use cases of SK160.","SK160, fundamentals, implementation, best practices",Mid-size
Q00595,ROLE019,SK135,Explain the fundamentals of skill SK135 for ROLE019.,Intermediate,Coding,"Candidate should explain concepts, practical applications, advantages, limitations, and industry use cases of SK135.","SK135, fundamentals, implementation, best practices",Mid-size
Q00596,ROLE019,SK136,Explain the fundamentals of skill SK136 for ROLE019.,Advanced,HR,"Candidate should explain concepts, practical applications, advantages, limitations, and industry use cases of SK136.","SK136, fundamentals, implementation, best practices",MNC
Q00597,ROLE019,SK137,Explain the fundamentals of skill SK137 for ROLE019.,Beginner,Scenario,"Candidate should explain concepts, practical applications, advantages, limitations, and industry use cases of SK137.","SK137, fundamentals, implementation, best practices",FAANG
Q00598,ROLE019,SK138,Explain the fundamentals of skill SK138 for ROLE019.,Intermediate,Technical,"Candidate should explain concepts, practical applications, advantages, limitations, and industry use cases of SK138.","SK138, fundamentals, implementation, best practices",Startup
Q00599,ROLE019,SK139,Explain the fundamentals of skill SK139 for ROLE019.,Advanced,Coding,"Candidate should explain concepts, practical applications, advantages, limitations, and industry use cases of SK139.","SK139, fundamentals, implementation, best practices",Mid-size
Q00600,ROLE019,SK140,Explain the fundamentals of skill SK140 for ROLE019.,Beginner,HR,"Candidate should explain concepts, practical applications, advantages, limitations, and industry use cases of SK140.","SK140, fundamentals, implementation, best practices",MNC
Q00601,ROLE019,SK141,Explain the fundamentals of skill SK141 for ROLE019.,Intermediate,Scenario,"Candidate should explain concepts, practical applications, advantages, limitations, and industry use cases of SK141.","SK141, fundamentals, implementation, best practices",FAANG
Q00602,ROLE019,SK142,Explain the fundamentals of skill SK142 for ROLE019.,Advanced,Technical,"Candidate should explain concepts, practical applications, advantages, limitations, and industry use cases of SK142.","SK142, fundamentals, implementation, best practices",Startup
Q00603,ROLE019,SK143,Explain the fundamentals of skill SK143 for ROLE019.,Beginner,Coding,"Candidate should explain concepts, practical applications, advantages, limitations, and industry use cases of SK143.","SK143, fundamentals, implementation, best practices",Mid-size
Q00604,ROLE019,SK144,Explain the fundamentals of skill SK144 for ROLE019.,Intermediate,HR,"Candidate should explain concepts, practical applications, advantages, limitations, and industry use cases of SK144.","SK144, fundamentals, implementation, best practices",MNC
Q00605,ROLE019,SK145,Explain the fundamentals of skill SK145 for ROLE019.,Advanced,Scenario,"Candidate should explain concepts, practical applications, advantages, limitations, and industry use cases of SK145.","SK145, fundamentals, implementation, best practices",FAANG
Q00606,ROLE019,SK146,Explain the fundamentals of skill SK146 for ROLE019.,Beginner,Technical,"Candidate should explain concepts, practical applications, advantages, limitations, and industry use cases of SK146.","SK146, fundamentals, implementation, best practices",Startup
Q00607,ROLE019,SK147,Explain the fundamentals of skill SK147 for ROLE019.,Intermediate,Coding,"Candidate should explain concepts, practical applications, advantages, limitations, and industry use cases of SK147.","SK147, fundamentals, implementation, best practices",Mid-size
Q00608,ROLE019,SK148,Explain the fundamentals of skill SK148 for ROLE019.,Advanced,HR,"Candidate should explain concepts, practical applications, advantages, limitations, and industry use cases of SK148.","SK148, fundamentals, implementation, best practices",MNC
Q00609,ROLE019,SK149,Explain the fundamentals of skill SK149 for ROLE019.,Beginner,Scenario,"Candidate should explain concepts, practical applications, advantages, limitations, and industry use cases of SK149.","SK149, fundamentals, implementation, best practices",FAANG
Q00610,ROLE019,SK150,Explain the fundamentals of skill SK150 for ROLE019.,Intermediate,Technical,"Candidate should explain concepts, practical applications, advantages, limitations, and industry use cases of SK150.","SK150, fundamentals, implementation, best practices",Startup
Q00611,ROLE019,SK151,Explain the fundamentals of skill SK151 for ROLE019.,Advanced,Coding,"Candidate should explain concepts, practical applications, advantages, limitations, and industry use cases of SK151.","SK151, fundamentals, implementation, best practices",Mid-size
Q00612,ROLE019,SK152,Explain the fundamentals of skill SK152 for ROLE019.,Beginner,HR,"Candidate should explain concepts, practical applications, advantages, limitations, and industry use cases of SK152.","SK152, fundamentals, implementation, best practices",MNC
Q00613,ROLE019,SK153,Explain the fundamentals of skill SK153 for ROLE019.,Intermediate,Scenario,"Candidate should explain concepts, practical applications, advantages, limitations, and industry use cases of SK153.","SK153, fundamentals, implementation, best practices",FAANG
Q00614,ROLE019,SK154,Explain the fundamentals of skill SK154 for ROLE019.,Advanced,Technical,"Candidate should explain concepts, practical applications, advantages, limitations, and industry use cases of SK154.","SK154, fundamentals, implementation, best practices",Startup
Q00615,ROLE019,SK155,Explain the fundamentals of skill SK155 for ROLE019.,Beginner,Coding,"Candidate should explain concepts, practical applications, advantages, limitations, and industry use cases of SK155.","SK155, fundamentals, implementation, best practices",Mid-size
Q00616,ROLE019,SK156,Explain the fundamentals of skill SK156 for ROLE019.,Intermediate,HR,"Candidate should explain concepts, practical applications, advantages, limitations, and industry use cases of SK156.","SK156, fundamentals, implementation, best practices",MNC
Q00617,ROLE019,SK157,Explain the fundamentals of skill SK157 for ROLE019.,Advanced,Scenario,"Candidate should explain concepts, practical applications, advantages, limitations, and industry use cases of SK157.","SK157, fundamentals, implementation, best practices",FAANG
Q00618,ROLE019,SK158,Explain the fundamentals of skill SK158 for ROLE019.,Beginner,Technical,"Candidate should explain concepts, practical applications, advantages, limitations, and industry use cases of SK158.","SK158, fundamentals, implementation, best practices",Startup
Q00619,ROLE019,SK159,Explain the fundamentals of skill SK159 for ROLE019.,Intermediate,Coding,"Candidate should explain concepts, practical applications, advantages, limitations, and industry use cases of SK159.","SK159, fundamentals, implementation, best practices",Mid-size
Q00620,ROLE019,SK160,Explain the fundamentals of skill SK160 for ROLE019.,Advanced,HR,"Candidate should explain concepts, practical applications, advantages, limitations, and industry use cases of SK160.","SK160, fundamentals, implementation, best practices",MNC
Q00621,ROLE019,SK161,Explain the fundamentals of skill SK161 for ROLE019.,Beginner,Scenario,"Candidate should explain concepts, practical applications, advantages, limitations, and industry use cases of SK161.","SK161, fundamentals, implementation, best practices",FAANG
Q00622,ROLE019,SK162,Explain the fundamentals of skill SK162 for ROLE019.,Intermediate,Technical,"Candidate should explain concepts, practical applications, advantages, limitations, and industry use cases of SK162.","SK162, fundamentals, implementation, best practices",Startup
Q00623,ROLE019,SK163,Explain the fundamentals of skill SK163 for ROLE019.,Advanced,Coding,"Candidate should explain concepts, practical applications, advantages, limitations, and industry use cases of SK163.","SK163, fundamentals, implementation, best practices",Mid-size
Q00624,ROLE019,SK164,Explain the fundamentals of skill SK164 for ROLE019.,Beginner,HR,"Candidate should explain concepts, practical applications, advantages, limitations, and industry use cases of SK164.","SK164, fundamentals, implementation, best practices",MNC
Q00625,ROLE019,SK165,Explain the fundamentals of skill SK165 for ROLE019.,Intermediate,Scenario,"Candidate should explain concepts, practical applications, advantages, limitations, and industry use cases of SK165.","SK165, fundamentals, implementation, best practices",FAANG
Q00626,ROLE019,SK166,Explain the fundamentals of skill SK166 for ROLE019.,Advanced,Technical,"Candidate should explain concepts, practical applications, advantages, limitations, and industry use cases of SK166.","SK166, fundamentals, implementation, best practices",Startup
Q00627,ROLE019,SK167,Explain the fundamentals of skill SK167 for ROLE019.,Beginner,Coding,"Candidate should explain concepts, practical applications, advantages, limitations, and industry use cases of SK167.","SK167, fundamentals, implementation, best practices",Mid-size
Q00628,ROLE020,SK142,Explain the fundamentals of skill SK142 for ROLE020.,Intermediate,Coding,"Candidate should explain concepts, practical applications, advantages, limitations, and industry use cases of SK142.","SK142, fundamentals, implementation, best practices",Mid-size
Q00629,ROLE020,SK143,Explain the fundamentals of skill SK143 for ROLE020.,Advanced,HR,"Candidate should explain concepts, practical applications, advantages, limitations, and industry use cases of SK143.","SK143, fundamentals, implementation, best practices",MNC
Q00630,ROLE020,SK144,Explain the fundamentals of skill SK144 for ROLE020.,Beginner,Scenario,"Candidate should explain concepts, practical applications, advantages, limitations, and industry use cases of SK144.","SK144, fundamentals, implementation, best practices",FAANG
Q00631,ROLE020,SK145,Explain the fundamentals of skill SK145 for ROLE020.,Intermediate,Technical,"Candidate should explain concepts, practical applications, advantages, limitations, and industry use cases of SK145.","SK145, fundamentals, implementation, best practices",Startup
Q00632,ROLE020,SK146,Explain the fundamentals of skill SK146 for ROLE020.,Advanced,Coding,"Candidate should explain concepts, practical applications, advantages, limitations, and industry use cases of SK146.","SK146, fundamentals, implementation, best practices",Mid-size
Q00633,ROLE020,SK147,Explain the fundamentals of skill SK147 for ROLE020.,Beginner,HR,"Candidate should explain concepts, practical applications, advantages, limitations, and industry use cases of SK147.","SK147, fundamentals, implementation, best practices",MNC
Q00634,ROLE020,SK148,Explain the fundamentals of skill SK148 for ROLE020.,Intermediate,Scenario,"Candidate should explain concepts, practical applications, advantages, limitations, and industry use cases of SK148.","SK148, fundamentals, implementation, best practices",FAANG
Q00635,ROLE020,SK149,Explain the fundamentals of skill SK149 for ROLE020.,Advanced,Technical,"Candidate should explain concepts, practical applications, advantages, limitations, and industry use cases of SK149.","SK149, fundamentals, implementation, best practices",Startup
Q00636,ROLE020,SK150,Explain the fundamentals of skill SK150 for ROLE020.,Beginner,Coding,"Candidate should explain concepts, practical applications, advantages, limitations, and industry use cases of SK150.","SK150, fundamentals, implementation, best practices",Mid-size
Q00637,ROLE020,SK151,Explain the fundamentals of skill SK151 for ROLE020.,Intermediate,HR,"Candidate should explain concepts, practical applications, advantages, limitations, and industry use cases of SK151.","SK151, fundamentals, implementation, best practices",MNC
Q00638,ROLE020,SK152,Explain the fundamentals of skill SK152 for ROLE020.,Advanced,Scenario,"Candidate should explain concepts, practical applications, advantages, limitations, and industry use cases of SK152.","SK152, fundamentals, implementation, best practices",FAANG
Q00639,ROLE020,SK153,Explain the fundamentals of skill SK153 for ROLE020.,Beginner,Technical,"Candidate should explain concepts, practical applications, advantages, limitations, and industry use cases of SK153.","SK153, fundamentals, implementation, best practices",Startup
Q00640,ROLE020,SK154,Explain the fundamentals of skill SK154 for ROLE020.,Intermediate,Coding,"Candidate should explain concepts, practical applications, advantages, limitations, and industry use cases of SK154.","SK154, fundamentals, implementation, best practices",Mid-size
Q00641,ROLE020,SK155,Explain the fundamentals of skill SK155 for ROLE020.,Advanced,HR,"Candidate should explain concepts, practical applications, advantages, limitations, and industry use cases of SK155.","SK155, fundamentals, implementation, best practices",MNC
Q00642,ROLE020,SK156,Explain the fundamentals of skill SK156 for ROLE020.,Beginner,Scenario,"Candidate should explain concepts, practical applications, advantages, limitations, and industry use cases of SK156.","SK156, fundamentals, implementation, best practices",FAANG
Q00643,ROLE020,SK157,Explain the fundamentals of skill SK157 for ROLE020.,Intermediate,Technical,"Candidate should explain concepts, practical applications, advantages, limitations, and industry use cases of SK157.","SK157, fundamentals, implementation, best practices",Startup
Q00644,ROLE020,SK158,Explain the fundamentals of skill SK158 for ROLE020.,Advanced,Coding,"Candidate should explain concepts, practical applications, advantages, limitations, and industry use cases of SK158.","SK158, fundamentals, implementation, best practices",Mid-size
Q00645,ROLE020,SK159,Explain the fundamentals of skill SK159 for ROLE020.,Beginner,HR,"Candidate should explain concepts, practical applications, advantages, limitations, and industry use cases of SK159.","SK159, fundamentals, implementation, best practices",MNC
Q00646,ROLE020,SK160,Explain the fundamentals of skill SK160 for ROLE020.,Intermediate,Scenario,"Candidate should explain concepts, practical applications, advantages, limitations, and industry use cases of SK160.","SK160, fundamentals, implementation, best practices",FAANG
Q00647,ROLE020,SK161,Explain the fundamentals of skill SK161 for ROLE020.,Advanced,Technical,"Candidate should explain concepts, practical applications, advantages, limitations, and industry use cases of SK161.","SK161, fundamentals, implementation, best practices",Startup
Q00648,ROLE020,SK162,Explain the fundamentals of skill SK162 for ROLE020.,Beginner,Coding,"Candidate should explain concepts, practical applications, advantages, limitations, and industry use cases of SK162.","SK162, fundamentals, implementation, best practices",Mid-size
Q00649,ROLE020,SK163,Explain the fundamentals of skill SK163 for ROLE020.,Intermediate,HR,"Candidate should explain concepts, practical applications, advantages, limitations, and industry use cases of SK163.","SK163, fundamentals, implementation, best practices",MNC
Q00650,ROLE020,SK164,Explain the fundamentals of skill SK164 for ROLE020.,Advanced,Scenario,"Candidate should explain concepts, practical applications, advantages, limitations, and industry use cases of SK164.","SK164, fundamentals, implementation, best practices",FAANG
Q00651,ROLE020,SK165,Explain the fundamentals of skill SK165 for ROLE020.,Beginner,Technical,"Candidate should explain concepts, practical applications, advantages, limitations, and industry use cases of SK165.","SK165, fundamentals, implementation, best practices",Startup
Q00652,ROLE020,SK166,Explain the fundamentals of skill SK166 for ROLE020.,Intermediate,Coding,"Candidate should explain concepts, practical applications, advantages, limitations, and industry use cases of SK166.","SK166, fundamentals, implementation, best practices",Mid-size
Q00653,ROLE020,SK167,Explain the fundamentals of skill SK167 for ROLE020.,Advanced,HR,"Candidate should explain concepts, practical applications, advantages, limitations, and industry use cases of SK167.","SK167, fundamentals, implementation, best practices",MNC
Q00654,ROLE020,SK168,Explain the fundamentals of skill SK168 for ROLE020.,Beginner,Scenario,"Candidate should explain concepts, practical applications, advantages, limitations, and industry use cases of SK168.","SK168, fundamentals, implementation, best practices",FAANG
Q00655,ROLE020,SK169,Explain the fundamentals of skill SK169 for ROLE020.,Intermediate,Technical,"Candidate should explain concepts, practical applications, advantages, limitations, and industry use cases of SK169.","SK169, fundamentals, implementation, best practices",Startup
Q00656,ROLE020,SK170,Explain the fundamentals of skill SK170 for ROLE020.,Advanced,Coding,"Candidate should explain concepts, practical applications, advantages, limitations, and industry use cases of SK170.","SK170, fundamentals, implementation, best practices",Mid-size
Q00657,ROLE020,SK171,Explain the fundamentals of skill SK171 for ROLE020.,Beginner,HR,"Candidate should explain concepts, practical applications, advantages, limitations, and industry use cases of SK171.","SK171, fundamentals, implementation, best practices",MNC
Q00658,ROLE020,SK172,Explain the fundamentals of skill SK172 for ROLE020.,Intermediate,Scenario,"Candidate should explain concepts, practical applications, advantages, limitations, and industry use cases of SK172.","SK172, fundamentals, implementation, best practices",FAANG
Q00659,ROLE020,SK173,Explain the fundamentals of skill SK173 for ROLE020.,Advanced,Technical,"Candidate should explain concepts, practical applications, advantages, limitations, and industry use cases of SK173.","SK173, fundamentals, implementation, best practices",Startup
Q00660,ROLE020,SK174,Explain the fundamentals of skill SK174 for ROLE020.,Beginner,Coding,"Candidate should explain concepts, practical applications, advantages, limitations, and industry use cases of SK174.","SK174, fundamentals, implementation, best practices",Mid-size
Q00661,ROLE021,SK149,Explain the fundamentals of skill SK149 for ROLE021.,Intermediate,Coding,"Candidate should explain concepts, practical applications, advantages, limitations, and industry use cases of SK149.","SK149, fundamentals, implementation, best practices",Mid-size
Q00662,ROLE021,SK150,Explain the fundamentals of skill SK150 for ROLE021.,Advanced,HR,"Candidate should explain concepts, practical applications, advantages, limitations, and industry use cases of SK150.","SK150, fundamentals, implementation, best practices",MNC
Q00663,ROLE021,SK151,Explain the fundamentals of skill SK151 for ROLE021.,Beginner,Scenario,"Candidate should explain concepts, practical applications, advantages, limitations, and industry use cases of SK151.","SK151, fundamentals, implementation, best practices",FAANG
Q00664,ROLE021,SK152,Explain the fundamentals of skill SK152 for ROLE021.,Intermediate,Technical,"Candidate should explain concepts, practical applications, advantages, limitations, and industry use cases of SK152.","SK152, fundamentals, implementation, best practices",Startup
Q00665,ROLE021,SK153,Explain the fundamentals of skill SK153 for ROLE021.,Advanced,Coding,"Candidate should explain concepts, practical applications, advantages, limitations, and industry use cases of SK153.","SK153, fundamentals, implementation, best practices",Mid-size
Q00666,ROLE021,SK154,Explain the fundamentals of skill SK154 for ROLE021.,Beginner,HR,"Candidate should explain concepts, practical applications, advantages, limitations, and industry use cases of SK154.","SK154, fundamentals, implementation, best practices",MNC
Q00667,ROLE021,SK155,Explain the fundamentals of skill SK155 for ROLE021.,Intermediate,Scenario,"Candidate should explain concepts, practical applications, advantages, limitations, and industry use cases of SK155.","SK155, fundamentals, implementation, best practices",FAANG
Q00668,ROLE021,SK156,Explain the fundamentals of skill SK156 for ROLE021.,Advanced,Technical,"Candidate should explain concepts, practical applications, advantages, limitations, and industry use cases of SK156.","SK156, fundamentals, implementation, best practices",Startup
Q00669,ROLE021,SK157,Explain the fundamentals of skill SK157 for ROLE021.,Beginner,Coding,"Candidate should explain concepts, practical applications, advantages, limitations, and industry use cases of SK157.","SK157, fundamentals, implementation, best practices",Mid-size
Q00670,ROLE021,SK158,Explain the fundamentals of skill SK158 for ROLE021.,Intermediate,HR,"Candidate should explain concepts, practical applications, advantages, limitations, and industry use cases of SK158.","SK158, fundamentals, implementation, best practices",MNC
Q00671,ROLE021,SK159,Explain the fundamentals of skill SK159 for ROLE021.,Advanced,Scenario,"Candidate should explain concepts, practical applications, advantages, limitations, and industry use cases of SK159.","SK159, fundamentals, implementation, best practices",FAANG
Q00672,ROLE021,SK160,Explain the fundamentals of skill SK160 for ROLE021.,Beginner,Technical,"Candidate should explain concepts, practical applications, advantages, limitations, and industry use cases of SK160.","SK160, fundamentals, implementation, best practices",Startup
Q00673,ROLE021,SK161,Explain the fundamentals of skill SK161 for ROLE021.,Intermediate,Coding,"Candidate should explain concepts, practical applications, advantages, limitations, and industry use cases of SK161.","SK161, fundamentals, implementation, best practices",Mid-size
Q00674,ROLE021,SK162,Explain the fundamentals of skill SK162 for ROLE021.,Advanced,HR,"Candidate should explain concepts, practical applications, advantages, limitations, and industry use cases of SK162.","SK162, fundamentals, implementation, best practices",MNC
Q00675,ROLE021,SK163,Explain the fundamentals of skill SK163 for ROLE021.,Beginner,Scenario,"Candidate should explain concepts, practical applications, advantages, limitations, and industry use cases of SK163.","SK163, fundamentals, implementation, best practices",FAANG
Q00676,ROLE021,SK164,Explain the fundamentals of skill SK164 for ROLE021.,Intermediate,Technical,"Candidate should explain concepts, practical applications, advantages, limitations, and industry use cases of SK164.","SK164, fundamentals, implementation, best practices",Startup
Q00677,ROLE021,SK165,Explain the fundamentals of skill SK165 for ROLE021.,Advanced,Coding,"Candidate should explain concepts, practical applications, advantages, limitations, and industry use cases of SK165.","SK165, fundamentals, implementation, best practices",Mid-size
Q00678,ROLE021,SK166,Explain the fundamentals of skill SK166 for ROLE021.,Beginner,HR,"Candidate should explain concepts, practical applications, advantages, limitations, and industry use cases of SK166.","SK166, fundamentals, implementation, best practices",MNC
Q00679,ROLE021,SK167,Explain the fundamentals of skill SK167 for ROLE021.,Intermediate,Scenario,"Candidate should explain concepts, practical applications, advantages, limitations, and industry use cases of SK167.","SK167, fundamentals, implementation, best practices",FAANG
Q00680,ROLE021,SK168,Explain the fundamentals of skill SK168 for ROLE021.,Advanced,Technical,"Candidate should explain concepts, practical applications, advantages, limitations, and industry use cases of SK168.","SK168, fundamentals, implementation, best practices",Startup
Q00681,ROLE021,SK169,Explain the fundamentals of skill SK169 for ROLE021.,Beginner,Coding,"Candidate should explain concepts, practical applications, advantages, limitations, and industry use cases of SK169.","SK169, fundamentals, implementation, best practices",Mid-size
Q00682,ROLE021,SK170,Explain the fundamentals of skill SK170 for ROLE021.,Intermediate,HR,"Candidate should explain concepts, practical applications, advantages, limitations, and industry use cases of SK170.","SK170, fundamentals, implementation, best practices",MNC
Q00683,ROLE021,SK171,Explain the fundamentals of skill SK171 for ROLE021.,Advanced,Scenario,"Candidate should explain concepts, practical applications, advantages, limitations, and industry use cases of SK171.","SK171, fundamentals, implementation, best practices",FAANG
Q00684,ROLE021,SK172,Explain the fundamentals of skill SK172 for ROLE021.,Beginner,Technical,"Candidate should explain concepts, practical applications, advantages, limitations, and industry use cases of SK172.","SK172, fundamentals, implementation, best practices",Startup
Q00685,ROLE021,SK173,Explain the fundamentals of skill SK173 for ROLE021.,Intermediate,Coding,"Candidate should explain concepts, practical applications, advantages, limitations, and industry use cases of SK173.","SK173, fundamentals, implementation, best practices",Mid-size
Q00686,ROLE021,SK174,Explain the fundamentals of skill SK174 for ROLE021.,Advanced,HR,"Candidate should explain concepts, practical applications, advantages, limitations, and industry use cases of SK174.","SK174, fundamentals, implementation, best practices",MNC
Q00687,ROLE021,SK175,Explain the fundamentals of skill SK175 for ROLE021.,Beginner,Scenario,"Candidate should explain concepts, practical applications, advantages, limitations, and industry use cases of SK175.","SK175, fundamentals, implementation, best practices",FAANG
Q00688,ROLE021,SK176,Explain the fundamentals of skill SK176 for ROLE021.,Intermediate,Technical,"Candidate should explain concepts, practical applications, advantages, limitations, and industry use cases of SK176.","SK176, fundamentals, implementation, best practices",Startup
Q00689,ROLE021,SK177,Explain the fundamentals of skill SK177 for ROLE021.,Advanced,Coding,"Candidate should explain concepts, practical applications, advantages, limitations, and industry use cases of SK177.","SK177, fundamentals, implementation, best practices",Mid-size
Q00690,ROLE021,SK178,Explain the fundamentals of skill SK178 for ROLE021.,Beginner,HR,"Candidate should explain concepts, practical applications, advantages, limitations, and industry use cases of SK178.","SK178, fundamentals, implementation, best practices",MNC
Q00691,ROLE021,SK179,Explain the fundamentals of skill SK179 for ROLE021.,Intermediate,Scenario,"Candidate should explain concepts, practical applications, advantages, limitations, and industry use cases of SK179.","SK179, fundamentals, implementation, best practices",FAANG
Q00692,ROLE021,SK180,Explain the fundamentals of skill SK180 for ROLE021.,Advanced,Technical,"Candidate should explain concepts, practical applications, advantages, limitations, and industry use cases of SK180.","SK180, fundamentals, implementation, best practices",Startup
Q00693,ROLE021,SK181,Explain the fundamentals of skill SK181 for ROLE021.,Beginner,Coding,"Candidate should explain concepts, practical applications, advantages, limitations, and industry use cases of SK181.","SK181, fundamentals, implementation, best practices",Mid-size
Q00694,ROLE022,SK156,Explain the fundamentals of skill SK156 for ROLE022.,Intermediate,Coding,"Candidate should explain concepts, practical applications, advantages, limitations, and industry use cases of SK156.","SK156, fundamentals, implementation, best practices",Mid-size
Q00695,ROLE022,SK157,Explain the fundamentals of skill SK157 for ROLE022.,Advanced,HR,"Candidate should explain concepts, practical applications, advantages, limitations, and industry use cases of SK157.","SK157, fundamentals, implementation, best practices",MNC
Q00696,ROLE022,SK158,Explain the fundamentals of skill SK158 for ROLE022.,Beginner,Scenario,"Candidate should explain concepts, practical applications, advantages, limitations, and industry use cases of SK158.","SK158, fundamentals, implementation, best practices",FAANG
Q00697,ROLE022,SK159,Explain the fundamentals of skill SK159 for ROLE022.,Intermediate,Technical,"Candidate should explain concepts, practical applications, advantages, limitations, and industry use cases of SK159.","SK159, fundamentals, implementation, best practices",Startup
Q00698,ROLE022,SK160,Explain the fundamentals of skill SK160 for ROLE022.,Advanced,Coding,"Candidate should explain concepts, practical applications, advantages, limitations, and industry use cases of SK160.","SK160, fundamentals, implementation, best practices",Mid-size
Q00699,ROLE022,SK161,Explain the fundamentals of skill SK161 for ROLE022.,Beginner,HR,"Candidate should explain concepts, practical applications, advantages, limitations, and industry use cases of SK161.","SK161, fundamentals, implementation, best practices",MNC
Q00700,ROLE022,SK162,Explain the fundamentals of skill SK162 for ROLE022.,Intermediate,Scenario,"Candidate should explain concepts, practical applications, advantages, limitations, and industry use cases of SK162.","SK162, fundamentals, implementation, best practices",FAANG
Q00701,ROLE022,SK163,Explain the fundamentals of skill SK163 for ROLE022.,Advanced,Technical,"Candidate should explain concepts, practical applications, advantages, limitations, and industry use cases of SK163.","SK163, fundamentals, implementation, best practices",Startup
Q00702,ROLE022,SK164,Explain the fundamentals of skill SK164 for ROLE022.,Beginner,Coding,"Candidate should explain concepts, practical applications, advantages, limitations, and industry use cases of SK164.","SK164, fundamentals, implementation, best practices",Mid-size
Q00703,ROLE022,SK165,Explain the fundamentals of skill SK165 for ROLE022.,Intermediate,HR,"Candidate should explain concepts, practical applications, advantages, limitations, and industry use cases of SK165.","SK165, fundamentals, implementation, best practices",MNC
Q00704,ROLE022,SK166,Explain the fundamentals of skill SK166 for ROLE022.,Advanced,Scenario,"Candidate should explain concepts, practical applications, advantages, limitations, and industry use cases of SK166.","SK166, fundamentals, implementation, best practices",FAANG
Q00705,ROLE022,SK167,Explain the fundamentals of skill SK167 for ROLE022.,Beginner,Technical,"Candidate should explain concepts, practical applications, advantages, limitations, and industry use cases of SK167.","SK167, fundamentals, implementation, best practices",Startup
Q00706,ROLE022,SK168,Explain the fundamentals of skill SK168 for ROLE022.,Intermediate,Coding,"Candidate should explain concepts, practical applications, advantages, limitations, and industry use cases of SK168.","SK168, fundamentals, implementation, best practices",Mid-size
Q00707,ROLE022,SK169,Explain the fundamentals of skill SK169 for ROLE022.,Advanced,HR,"Candidate should explain concepts, practical applications, advantages, limitations, and industry use cases of SK169.","SK169, fundamentals, implementation, best practices",MNC
Q00708,ROLE022,SK170,Explain the fundamentals of skill SK170 for ROLE022.,Beginner,Scenario,"Candidate should explain concepts, practical applications, advantages, limitations, and industry use cases of SK170.","SK170, fundamentals, implementation, best practices",FAANG
Q00709,ROLE022,SK171,Explain the fundamentals of skill SK171 for ROLE022.,Intermediate,Technical,"Candidate should explain concepts, practical applications, advantages, limitations, and industry use cases of SK171.","SK171, fundamentals, implementation, best practices",Startup
Q00710,ROLE022,SK172,Explain the fundamentals of skill SK172 for ROLE022.,Advanced,Coding,"Candidate should explain concepts, practical applications, advantages, limitations, and industry use cases of SK172.","SK172, fundamentals, implementation, best practices",Mid-size
Q00711,ROLE022,SK173,Explain the fundamentals of skill SK173 for ROLE022.,Beginner,HR,"Candidate should explain concepts, practical applications, advantages, limitations, and industry use cases of SK173.","SK173, fundamentals, implementation, best practices",MNC
Q00712,ROLE022,SK174,Explain the fundamentals of skill SK174 for ROLE022.,Intermediate,Scenario,"Candidate should explain concepts, practical applications, advantages, limitations, and industry use cases of SK174.","SK174, fundamentals, implementation, best practices",FAANG
Q00713,ROLE022,SK175,Explain the fundamentals of skill SK175 for ROLE022.,Advanced,Technical,"Candidate should explain concepts, practical applications, advantages, limitations, and industry use cases of SK175.","SK175, fundamentals, implementation, best practices",Startup
Q00714,ROLE022,SK176,Explain the fundamentals of skill SK176 for ROLE022.,Beginner,Coding,"Candidate should explain concepts, practical applications, advantages, limitations, and industry use cases of SK176.","SK176, fundamentals, implementation, best practices",Mid-size
Q00715,ROLE022,SK177,Explain the fundamentals of skill SK177 for ROLE022.,Intermediate,HR,"Candidate should explain concepts, practical applications, advantages, limitations, and industry use cases of SK177.","SK177, fundamentals, implementation, best practices",MNC
Q00716,ROLE022,SK178,Explain the fundamentals of skill SK178 for ROLE022.,Advanced,Scenario,"Candidate should explain concepts, practical applications, advantages, limitations, and industry use cases of SK178.","SK178, fundamentals, implementation, best practices",FAANG
Q00717,ROLE022,SK179,Explain the fundamentals of skill SK179 for ROLE022.,Beginner,Technical,"Candidate should explain concepts, practical applications, advantages, limitations, and industry use cases of SK179.","SK179, fundamentals, implementation, best practices",Startup
Q00718,ROLE022,SK180,Explain the fundamentals of skill SK180 for ROLE022.,Intermediate,Coding,"Candidate should explain concepts, practical applications, advantages, limitations, and industry use cases of SK180.","SK180, fundamentals, implementation, best practices",Mid-size
Q00719,ROLE022,SK181,Explain the fundamentals of skill SK181 for ROLE022.,Advanced,HR,"Candidate should explain concepts, practical applications, advantages, limitations, and industry use cases of SK181.","SK181, fundamentals, implementation, best practices",MNC
Q00720,ROLE022,SK182,Explain the fundamentals of skill SK182 for ROLE022.,Beginner,Scenario,"Candidate should explain concepts, practical applications, advantages, limitations, and industry use cases of SK182.","SK182, fundamentals, implementation, best practices",FAANG
Q00721,ROLE022,SK183,Explain the fundamentals of skill SK183 for ROLE022.,Intermediate,Technical,"Candidate should explain concepts, practical applications, advantages, limitations, and industry use cases of SK183.","SK183, fundamentals, implementation, best practices",Startup
Q00722,ROLE022,SK184,Explain the fundamentals of skill SK184 for ROLE022.,Advanced,Coding,"Candidate should explain concepts, practical applications, advantages, limitations, and industry use cases of SK184.","SK184, fundamentals, implementation, best practices",Mid-size
Q00723,ROLE022,SK185,Explain the fundamentals of skill SK185 for ROLE022.,Beginner,HR,"Candidate should explain concepts, practical applications, advantages, limitations, and industry use cases of SK185.","SK185, fundamentals, implementation, best practices",MNC
Q00724,ROLE022,SK186,Explain the fundamentals of skill SK186 for ROLE022.,Intermediate,Scenario,"Candidate should explain concepts, practical applications, advantages, limitations, and industry use cases of SK186.","SK186, fundamentals, implementation, best practices",FAANG
Q00725,ROLE022,SK187,Explain the fundamentals of skill SK187 for ROLE022.,Advanced,Technical,"Candidate should explain concepts, practical applications, advantages, limitations, and industry use cases of SK187.","SK187, fundamentals, implementation, best practices",Startup
Q00726,ROLE022,SK188,Explain the fundamentals of skill SK188 for ROLE022.,Beginner,Coding,"Candidate should explain concepts, practical applications, advantages, limitations, and industry use cases of SK188.","SK188, fundamentals, implementation, best practices",Mid-size
Q00727,ROLE023,SK163,Explain the fundamentals of skill SK163 for ROLE023.,Intermediate,Coding,"Candidate should explain concepts, practical applications, advantages, limitations, and industry use cases of SK163.","SK163, fundamentals, implementation, best practices",Mid-size
Q00728,ROLE023,SK164,Explain the fundamentals of skill SK164 for ROLE023.,Advanced,HR,"Candidate should explain concepts, practical applications, advantages, limitations, and industry use cases of SK164.","SK164, fundamentals, implementation, best practices",MNC
Q00729,ROLE023,SK165,Explain the fundamentals of skill SK165 for ROLE023.,Beginner,Scenario,"Candidate should explain concepts, practical applications, advantages, limitations, and industry use cases of SK165.","SK165, fundamentals, implementation, best practices",FAANG
Q00730,ROLE023,SK166,Explain the fundamentals of skill SK166 for ROLE023.,Intermediate,Technical,"Candidate should explain concepts, practical applications, advantages, limitations, and industry use cases of SK166.","SK166, fundamentals, implementation, best practices",Startup
Q00731,ROLE023,SK167,Explain the fundamentals of skill SK167 for ROLE023.,Advanced,Coding,"Candidate should explain concepts, practical applications, advantages, limitations, and industry use cases of SK167.","SK167, fundamentals, implementation, best practices",Mid-size
Q00732,ROLE023,SK168,Explain the fundamentals of skill SK168 for ROLE023.,Beginner,HR,"Candidate should explain concepts, practical applications, advantages, limitations, and industry use cases of SK168.","SK168, fundamentals, implementation, best practices",MNC
Q00733,ROLE023,SK169,Explain the fundamentals of skill SK169 for ROLE023.,Intermediate,Scenario,"Candidate should explain concepts, practical applications, advantages, limitations, and industry use cases of SK169.","SK169, fundamentals, implementation, best practices",FAANG
Q00734,ROLE023,SK170,Explain the fundamentals of skill SK170 for ROLE023.,Advanced,Technical,"Candidate should explain concepts, practical applications, advantages, limitations, and industry use cases of SK170.","SK170, fundamentals, implementation, best practices",Startup
Q00735,ROLE023,SK171,Explain the fundamentals of skill SK171 for ROLE023.,Beginner,Coding,"Candidate should explain concepts, practical applications, advantages, limitations, and industry use cases of SK171.","SK171, fundamentals, implementation, best practices",Mid-size
Q00736,ROLE023,SK172,Explain the fundamentals of skill SK172 for ROLE023.,Intermediate,HR,"Candidate should explain concepts, practical applications, advantages, limitations, and industry use cases of SK172.","SK172, fundamentals, implementation, best practices",MNC
Q00737,ROLE023,SK173,Explain the fundamentals of skill SK173 for ROLE023.,Advanced,Scenario,"Candidate should explain concepts, practical applications, advantages, limitations, and industry use cases of SK173.","SK173, fundamentals, implementation, best practices",FAANG
Q00738,ROLE023,SK174,Explain the fundamentals of skill SK174 for ROLE023.,Beginner,Technical,"Candidate should explain concepts, practical applications, advantages, limitations, and industry use cases of SK174.","SK174, fundamentals, implementation, best practices",Startup
Q00739,ROLE023,SK175,Explain the fundamentals of skill SK175 for ROLE023.,Intermediate,Coding,"Candidate should explain concepts, practical applications, advantages, limitations, and industry use cases of SK175.","SK175, fundamentals, implementation, best practices",Mid-size
Q00740,ROLE023,SK176,Explain the fundamentals of skill SK176 for ROLE023.,Advanced,HR,"Candidate should explain concepts, practical applications, advantages, limitations, and industry use cases of SK176.","SK176, fundamentals, implementation, best practices",MNC
Q00741,ROLE023,SK177,Explain the fundamentals of skill SK177 for ROLE023.,Beginner,Scenario,"Candidate should explain concepts, practical applications, advantages, limitations, and industry use cases of SK177.","SK177, fundamentals, implementation, best practices",FAANG
Q00742,ROLE023,SK178,Explain the fundamentals of skill SK178 for ROLE023.,Intermediate,Technical,"Candidate should explain concepts, practical applications, advantages, limitations, and industry use cases of SK178.","SK178, fundamentals, implementation, best practices",Startup
Q00743,ROLE023,SK179,Explain the fundamentals of skill SK179 for ROLE023.,Advanced,Coding,"Candidate should explain concepts, practical applications, advantages, limitations, and industry use cases of SK179.","SK179, fundamentals, implementation, best practices",Mid-size
Q00744,ROLE023,SK180,Explain the fundamentals of skill SK180 for ROLE023.,Beginner,HR,"Candidate should explain concepts, practical applications, advantages, limitations, and industry use cases of SK180.","SK180, fundamentals, implementation, best practices",MNC
Q00745,ROLE023,SK181,Explain the fundamentals of skill SK181 for ROLE023.,Intermediate,Scenario,"Candidate should explain concepts, practical applications, advantages, limitations, and industry use cases of SK181.","SK181, fundamentals, implementation, best practices",FAANG
Q00746,ROLE023,SK182,Explain the fundamentals of skill SK182 for ROLE023.,Advanced,Technical,"Candidate should explain concepts, practical applications, advantages, limitations, and industry use cases of SK182.","SK182, fundamentals, implementation, best practices",Startup
Q00747,ROLE023,SK183,Explain the fundamentals of skill SK183 for ROLE023.,Beginner,Coding,"Candidate should explain concepts, practical applications, advantages, limitations, and industry use cases of SK183.","SK183, fundamentals, implementation, best practices",Mid-size
Q00748,ROLE023,SK184,Explain the fundamentals of skill SK184 for ROLE023.,Intermediate,HR,"Candidate should explain concepts, practical applications, advantages, limitations, and industry use cases of SK184.","SK184, fundamentals, implementation, best practices",MNC
Q00749,ROLE023,SK185,Explain the fundamentals of skill SK185 for ROLE023.,Advanced,Scenario,"Candidate should explain concepts, practical applications, advantages, limitations, and industry use cases of SK185.","SK185, fundamentals, implementation, best practices",FAANG
Q00750,ROLE023,SK186,Explain the fundamentals of skill SK186 for ROLE023.,Beginner,Technical,"Candidate should explain concepts, practical applications, advantages, limitations, and industry use cases of SK186.","SK186, fundamentals, implementation, best practices",Startup
Q00751,ROLE023,SK187,Explain the fundamentals of skill SK187 for ROLE023.,Intermediate,Coding,"Candidate should explain concepts, practical applications, advantages, limitations, and industry use cases of SK187.","SK187, fundamentals, implementation, best practices",Mid-size
Q00752,ROLE023,SK188,Explain the fundamentals of skill SK188 for ROLE023.,Advanced,HR,"Candidate should explain concepts, practical applications, advantages, limitations, and industry use cases of SK188.","SK188, fundamentals, implementation, best practices",MNC
Q00753,ROLE023,SK189,Explain the fundamentals of skill SK189 for ROLE023.,Beginner,Scenario,"Candidate should explain concepts, practical applications, advantages, limitations, and industry use cases of SK189.","SK189, fundamentals, implementation, best practices",FAANG
Q00754,ROLE023,SK190,Explain the fundamentals of skill SK190 for ROLE023.,Intermediate,Technical,"Candidate should explain concepts, practical applications, advantages, limitations, and industry use cases of SK190.","SK190, fundamentals, implementation, best practices",Startup
Q00755,ROLE023,SK191,Explain the fundamentals of skill SK191 for ROLE023.,Advanced,Coding,"Candidate should explain concepts, practical applications, advantages, limitations, and industry use cases of SK191.","SK191, fundamentals, implementation, best practices",Mid-size
Q00756,ROLE023,SK192,Explain the fundamentals of skill SK192 for ROLE023.,Beginner,HR,"Candidate should explain concepts, practical applications, advantages, limitations, and industry use cases of SK192.","SK192, fundamentals, implementation, best practices",MNC
Q00757,ROLE023,SK193,Explain the fundamentals of skill SK193 for ROLE023.,Intermediate,Scenario,"Candidate should explain concepts, practical applications, advantages, limitations, and industry use cases of SK193.","SK193, fundamentals, implementation, best practices",FAANG
Q00758,ROLE023,SK194,Explain the fundamentals of skill SK194 for ROLE023.,Advanced,Technical,"Candidate should explain concepts, practical applications, advantages, limitations, and industry use cases of SK194.","SK194, fundamentals, implementation, best practices",Startup
Q00759,ROLE023,SK195,Explain the fundamentals of skill SK195 for ROLE023.,Beginner,Coding,"Candidate should explain concepts, practical applications, advantages, limitations, and industry use cases of SK195.","SK195, fundamentals, implementation, best practices",Mid-size
Q00760,ROLE024,SK170,Explain the fundamentals of skill SK170 for ROLE024.,Intermediate,Coding,"Candidate should explain concepts, practical applications, advantages, limitations, and industry use cases of SK170.","SK170, fundamentals, implementation, best practices",Mid-size
Q00761,ROLE024,SK171,Explain the fundamentals of skill SK171 for ROLE024.,Advanced,HR,"Candidate should explain concepts, practical applications, advantages, limitations, and industry use cases of SK171.","SK171, fundamentals, implementation, best practices",MNC
Q00762,ROLE024,SK172,Explain the fundamentals of skill SK172 for ROLE024.,Beginner,Scenario,"Candidate should explain concepts, practical applications, advantages, limitations, and industry use cases of SK172.","SK172, fundamentals, implementation, best practices",FAANG
Q00763,ROLE024,SK173,Explain the fundamentals of skill SK173 for ROLE024.,Intermediate,Technical,"Candidate should explain concepts, practical applications, advantages, limitations, and industry use cases of SK173.","SK173, fundamentals, implementation, best practices",Startup
Q00764,ROLE024,SK174,Explain the fundamentals of skill SK174 for ROLE024.,Advanced,Coding,"Candidate should explain concepts, practical applications, advantages, limitations, and industry use cases of SK174.","SK174, fundamentals, implementation, best practices",Mid-size
Q00765,ROLE024,SK175,Explain the fundamentals of skill SK175 for ROLE024.,Beginner,HR,"Candidate should explain concepts, practical applications, advantages, limitations, and industry use cases of SK175.","SK175, fundamentals, implementation, best practices",MNC
Q00766,ROLE024,SK176,Explain the fundamentals of skill SK176 for ROLE024.,Intermediate,Scenario,"Candidate should explain concepts, practical applications, advantages, limitations, and industry use cases of SK176.","SK176, fundamentals, implementation, best practices",FAANG
Q00767,ROLE024,SK177,Explain the fundamentals of skill SK177 for ROLE024.,Advanced,Technical,"Candidate should explain concepts, practical applications, advantages, limitations, and industry use cases of SK177.","SK177, fundamentals, implementation, best practices",Startup
Q00768,ROLE024,SK178,Explain the fundamentals of skill SK178 for ROLE024.,Beginner,Coding,"Candidate should explain concepts, practical applications, advantages, limitations, and industry use cases of SK178.","SK178, fundamentals, implementation, best practices",Mid-size
Q00769,ROLE024,SK179,Explain the fundamentals of skill SK179 for ROLE024.,Intermediate,HR,"Candidate should explain concepts, practical applications, advantages, limitations, and industry use cases of SK179.","SK179, fundamentals, implementation, best practices",MNC
Q00770,ROLE024,SK180,Explain the fundamentals of skill SK180 for ROLE024.,Advanced,Scenario,"Candidate should explain concepts, practical applications, advantages, limitations, and industry use cases of SK180.","SK180, fundamentals, implementation, best practices",FAANG
Q00771,ROLE024,SK181,Explain the fundamentals of skill SK181 for ROLE024.,Beginner,Technical,"Candidate should explain concepts, practical applications, advantages, limitations, and industry use cases of SK181.","SK181, fundamentals, implementation, best practices",Startup
Q00772,ROLE024,SK182,Explain the fundamentals of skill SK182 for ROLE024.,Intermediate,Coding,"Candidate should explain concepts, practical applications, advantages, limitations, and industry use cases of SK182.","SK182, fundamentals, implementation, best practices",Mid-size
Q00773,ROLE024,SK183,Explain the fundamentals of skill SK183 for ROLE024.,Advanced,HR,"Candidate should explain concepts, practical applications, advantages, limitations, and industry use cases of SK183.","SK183, fundamentals, implementation, best practices",MNC
Q00774,ROLE024,SK184,Explain the fundamentals of skill SK184 for ROLE024.,Beginner,Scenario,"Candidate should explain concepts, practical applications, advantages, limitations, and industry use cases of SK184.","SK184, fundamentals, implementation, best practices",FAANG
Q00775,ROLE024,SK185,Explain the fundamentals of skill SK185 for ROLE024.,Intermediate,Technical,"Candidate should explain concepts, practical applications, advantages, limitations, and industry use cases of SK185.","SK185, fundamentals, implementation, best practices",Startup
Q00776,ROLE024,SK186,Explain the fundamentals of skill SK186 for ROLE024.,Advanced,Coding,"Candidate should explain concepts, practical applications, advantages, limitations, and industry use cases of SK186.","SK186, fundamentals, implementation, best practices",Mid-size
Q00777,ROLE024,SK187,Explain the fundamentals of skill SK187 for ROLE024.,Beginner,HR,"Candidate should explain concepts, practical applications, advantages, limitations, and industry use cases of SK187.","SK187, fundamentals, implementation, best practices",MNC
Q00778,ROLE024,SK188,Explain the fundamentals of skill SK188 for ROLE024.,Intermediate,Scenario,"Candidate should explain concepts, practical applications, advantages, limitations, and industry use cases of SK188.","SK188, fundamentals, implementation, best practices",FAANG
Q00779,ROLE024,SK189,Explain the fundamentals of skill SK189 for ROLE024.,Advanced,Technical,"Candidate should explain concepts, practical applications, advantages, limitations, and industry use cases of SK189.","SK189, fundamentals, implementation, best practices",Startup
Q00780,ROLE024,SK190,Explain the fundamentals of skill SK190 for ROLE024.,Beginner,Coding,"Candidate should explain concepts, practical applications, advantages, limitations, and industry use cases of SK190.","SK190, fundamentals, implementation, best practices",Mid-size
Q00781,ROLE024,SK191,Explain the fundamentals of skill SK191 for ROLE024.,Intermediate,HR,"Candidate should explain concepts, practical applications, advantages, limitations, and industry use cases of SK191.","SK191, fundamentals, implementation, best practices",MNC
Q00782,ROLE024,SK192,Explain the fundamentals of skill SK192 for ROLE024.,Advanced,Scenario,"Candidate should explain concepts, practical applications, advantages, limitations, and industry use cases of SK192.","SK192, fundamentals, implementation, best practices",FAANG
Q00783,ROLE024,SK193,Explain the fundamentals of skill SK193 for ROLE024.,Beginner,Technical,"Candidate should explain concepts, practical applications, advantages, limitations, and industry use cases of SK193.","SK193, fundamentals, implementation, best practices",Startup
Q00784,ROLE024,SK194,Explain the fundamentals of skill SK194 for ROLE024.,Intermediate,Coding,"Candidate should explain concepts, practical applications, advantages, limitations, and industry use cases of SK194.","SK194, fundamentals, implementation, best practices",Mid-size
Q00785,ROLE024,SK195,Explain the fundamentals of skill SK195 for ROLE024.,Advanced,HR,"Candidate should explain concepts, practical applications, advantages, limitations, and industry use cases of SK195.","SK195, fundamentals, implementation, best practices",MNC
Q00786,ROLE024,SK196,Explain the fundamentals of skill SK196 for ROLE024.,Beginner,Scenario,"Candidate should explain concepts, practical applications, advantages, limitations, and industry use cases of SK196.","SK196, fundamentals, implementation, best practices",FAANG
Q00787,ROLE024,SK197,Explain the fundamentals of skill SK197 for ROLE024.,Intermediate,Technical,"Candidate should explain concepts, practical applications, advantages, limitations, and industry use cases of SK197.","SK197, fundamentals, implementation, best practices",Startup
Q00788,ROLE024,SK198,Explain the fundamentals of skill SK198 for ROLE024.,Advanced,Coding,"Candidate should explain concepts, practical applications, advantages, limitations, and industry use cases of SK198.","SK198, fundamentals, implementation, best practices",Mid-size
Q00789,ROLE024,SK199,Explain the fundamentals of skill SK199 for ROLE024.,Beginner,HR,"Candidate should explain concepts, practical applications, advantages, limitations, and industry use cases of SK199.","SK199, fundamentals, implementation, best practices",MNC
Q00790,ROLE024,SK200,Explain the fundamentals of skill SK200 for ROLE024.,Intermediate,Scenario,"Candidate should explain concepts, practical applications, advantages, limitations, and industry use cases of SK200.","SK200, fundamentals, implementation, best practices",FAANG
Q00791,ROLE024,SK201,Explain the fundamentals of skill SK201 for ROLE024.,Advanced,Technical,"Candidate should explain concepts, practical applications, advantages, limitations, and industry use cases of SK201.","SK201, fundamentals, implementation, best practices",Startup
Q00792,ROLE024,SK202,Explain the fundamentals of skill SK202 for ROLE024.,Beginner,Coding,"Candidate should explain concepts, practical applications, advantages, limitations, and industry use cases of SK202.","SK202, fundamentals, implementation, best practices",Mid-size
Q00793,ROLE025,SK177,Explain the fundamentals of skill SK177 for ROLE025.,Intermediate,Coding,"Candidate should explain concepts, practical applications, advantages, limitations, and industry use cases of SK177.","SK177, fundamentals, implementation, best practices",Mid-size
Q00794,ROLE025,SK178,Explain the fundamentals of skill SK178 for ROLE025.,Advanced,HR,"Candidate should explain concepts, practical applications, advantages, limitations, and industry use cases of SK178.","SK178, fundamentals, implementation, best practices",MNC
Q00795,ROLE025,SK179,Explain the fundamentals of skill SK179 for ROLE025.,Beginner,Scenario,"Candidate should explain concepts, practical applications, advantages, limitations, and industry use cases of SK179.","SK179, fundamentals, implementation, best practices",FAANG
Q00796,ROLE025,SK180,Explain the fundamentals of skill SK180 for ROLE025.,Intermediate,Technical,"Candidate should explain concepts, practical applications, advantages, limitations, and industry use cases of SK180.","SK180, fundamentals, implementation, best practices",Startup
Q00797,ROLE025,SK181,Explain the fundamentals of skill SK181 for ROLE025.,Advanced,Coding,"Candidate should explain concepts, practical applications, advantages, limitations, and industry use cases of SK181.","SK181, fundamentals, implementation, best practices",Mid-size
Q00798,ROLE025,SK182,Explain the fundamentals of skill SK182 for ROLE025.,Beginner,HR,"Candidate should explain concepts, practical applications, advantages, limitations, and industry use cases of SK182.","SK182, fundamentals, implementation, best practices",MNC
Q00799,ROLE025,SK183,Explain the fundamentals of skill SK183 for ROLE025.,Intermediate,Scenario,"Candidate should explain concepts, practical applications, advantages, limitations, and industry use cases of SK183.","SK183, fundamentals, implementation, best practices",FAANG
Q00800,ROLE025,SK184,Explain the fundamentals of skill SK184 for ROLE025.,Advanced,Technical,"Candidate should explain concepts, practical applications, advantages, limitations, and industry use cases of SK184.","SK184, fundamentals, implementation, best practices",Startup
Q00801,ROLE025,SK185,Explain the fundamentals of skill SK185 for ROLE025.,Beginner,Coding,"Candidate should explain concepts, practical applications, advantages, limitations, and industry use cases of SK185.","SK185, fundamentals, implementation, best practices",Mid-size
Q00802,ROLE025,SK186,Explain the fundamentals of skill SK186 for ROLE025.,Intermediate,HR,"Candidate should explain concepts, practical applications, advantages, limitations, and industry use cases of SK186.","SK186, fundamentals, implementation, best practices",MNC
Q00803,ROLE025,SK187,Explain the fundamentals of skill SK187 for ROLE025.,Advanced,Scenario,"Candidate should explain concepts, practical applications, advantages, limitations, and industry use cases of SK187.","SK187, fundamentals, implementation, best practices",FAANG
Q00804,ROLE025,SK188,Explain the fundamentals of skill SK188 for ROLE025.,Beginner,Technical,"Candidate should explain concepts, practical applications, advantages, limitations, and industry use cases of SK188.","SK188, fundamentals, implementation, best practices",Startup
Q00805,ROLE025,SK189,Explain the fundamentals of skill SK189 for ROLE025.,Intermediate,Coding,"Candidate should explain concepts, practical applications, advantages, limitations, and industry use cases of SK189.","SK189, fundamentals, implementation, best practices",Mid-size
Q00806,ROLE025,SK190,Explain the fundamentals of skill SK190 for ROLE025.,Advanced,HR,"Candidate should explain concepts, practical applications, advantages, limitations, and industry use cases of SK190.","SK190, fundamentals, implementation, best practices",MNC
Q00807,ROLE025,SK191,Explain the fundamentals of skill SK191 for ROLE025.,Beginner,Scenario,"Candidate should explain concepts, practical applications, advantages, limitations, and industry use cases of SK191.","SK191, fundamentals, implementation, best practices",FAANG
Q00808,ROLE025,SK192,Explain the fundamentals of skill SK192 for ROLE025.,Intermediate,Technical,"Candidate should explain concepts, practical applications, advantages, limitations, and industry use cases of SK192.","SK192, fundamentals, implementation, best practices",Startup
Q00809,ROLE025,SK193,Explain the fundamentals of skill SK193 for ROLE025.,Advanced,Coding,"Candidate should explain concepts, practical applications, advantages, limitations, and industry use cases of SK193.","SK193, fundamentals, implementation, best practices",Mid-size
Q00810,ROLE025,SK194,Explain the fundamentals of skill SK194 for ROLE025.,Beginner,HR,"Candidate should explain concepts, practical applications, advantages, limitations, and industry use cases of SK194.","SK194, fundamentals, implementation, best practices",MNC
Q00811,ROLE025,SK195,Explain the fundamentals of skill SK195 for ROLE025.,Intermediate,Scenario,"Candidate should explain concepts, practical applications, advantages, limitations, and industry use cases of SK195.","SK195, fundamentals, implementation, best practices",FAANG
Q00812,ROLE025,SK196,Explain the fundamentals of skill SK196 for ROLE025.,Advanced,Technical,"Candidate should explain concepts, practical applications, advantages, limitations, and industry use cases of SK196.","SK196, fundamentals, implementation, best practices",Startup
Q00813,ROLE025,SK197,Explain the fundamentals of skill SK197 for ROLE025.,Beginner,Coding,"Candidate should explain concepts, practical applications, advantages, limitations, and industry use cases of SK197.","SK197, fundamentals, implementation, best practices",Mid-size
Q00814,ROLE025,SK198,Explain the fundamentals of skill SK198 for ROLE025.,Intermediate,HR,"Candidate should explain concepts, practical applications, advantages, limitations, and industry use cases of SK198.","SK198, fundamentals, implementation, best practices",MNC
Q00815,ROLE025,SK199,Explain the fundamentals of skill SK199 for ROLE025.,Advanced,Scenario,"Candidate should explain concepts, practical applications, advantages, limitations, and industry use cases of SK199.","SK199, fundamentals, implementation, best practices",FAANG
Q00816,ROLE025,SK200,Explain the fundamentals of skill SK200 for ROLE025.,Beginner,Technical,"Candidate should explain concepts, practical applications, advantages, limitations, and industry use cases of SK200.","SK200, fundamentals, implementation, best practices",Startup
Q00817,ROLE025,SK201,Explain the fundamentals of skill SK201 for ROLE025.,Intermediate,Coding,"Candidate should explain concepts, practical applications, advantages, limitations, and industry use cases of SK201.","SK201, fundamentals, implementation, best practices",Mid-size
Q00818,ROLE025,SK202,Explain the fundamentals of skill SK202 for ROLE025.,Advanced,HR,"Candidate should explain concepts, practical applications, advantages, limitations, and industry use cases of SK202.","SK202, fundamentals, implementation, best practices",MNC
Q00819,ROLE025,SK203,Explain the fundamentals of skill SK203 for ROLE025.,Beginner,Scenario,"Candidate should explain concepts, practical applications, advantages, limitations, and industry use cases of SK203.","SK203, fundamentals, implementation, best practices",FAANG
Q00820,ROLE025,SK204,Explain the fundamentals of skill SK204 for ROLE025.,Intermediate,Technical,"Candidate should explain concepts, practical applications, advantages, limitations, and industry use cases of SK204.","SK204, fundamentals, implementation, best practices",Startup
Q00821,ROLE025,SK205,Explain the fundamentals of skill SK205 for ROLE025.,Advanced,Coding,"Candidate should explain concepts, practical applications, advantages, limitations, and industry use cases of SK205.","SK205, fundamentals, implementation, best practices",Mid-size
Q00822,ROLE025,SK206,Explain the fundamentals of skill SK206 for ROLE025.,Beginner,HR,"Candidate should explain concepts, practical applications, advantages, limitations, and industry use cases of SK206.","SK206, fundamentals, implementation, best practices",MNC
Q00823,ROLE025,SK207,Explain the fundamentals of skill SK207 for ROLE025.,Intermediate,Scenario,"Candidate should explain concepts, practical applications, advantages, limitations, and industry use cases of SK207.","SK207, fundamentals, implementation, best practices",FAANG
Q00824,ROLE025,SK208,Explain the fundamentals of skill SK208 for ROLE025.,Advanced,Technical,"Candidate should explain concepts, practical applications, advantages, limitations, and industry use cases of SK208.","SK208, fundamentals, implementation, best practices",Startup
Q00825,ROLE025,SK209,Explain the fundamentals of skill SK209 for ROLE025.,Beginner,Coding,"Candidate should explain concepts, practical applications, advantages, limitations, and industry use cases of SK209.","SK209, fundamentals, implementation, best practices",Mid-size
Q00826,ROLE026,SK184,Explain the fundamentals of skill SK184 for ROLE026.,Intermediate,Coding,"Candidate should explain concepts, practical applications, advantages, limitations, and industry use cases of SK184.","SK184, fundamentals, implementation, best practices",Mid-size
Q00827,ROLE026,SK185,Explain the fundamentals of skill SK185 for ROLE026.,Advanced,HR,"Candidate should explain concepts, practical applications, advantages, limitations, and industry use cases of SK185.","SK185, fundamentals, implementation, best practices",MNC
Q00828,ROLE026,SK186,Explain the fundamentals of skill SK186 for ROLE026.,Beginner,Scenario,"Candidate should explain concepts, practical applications, advantages, limitations, and industry use cases of SK186.","SK186, fundamentals, implementation, best practices",FAANG
Q00829,ROLE026,SK187,Explain the fundamentals of skill SK187 for ROLE026.,Intermediate,Technical,"Candidate should explain concepts, practical applications, advantages, limitations, and industry use cases of SK187.","SK187, fundamentals, implementation, best practices",Startup
Q00830,ROLE026,SK188,Explain the fundamentals of skill SK188 for ROLE026.,Advanced,Coding,"Candidate should explain concepts, practical applications, advantages, limitations, and industry use cases of SK188.","SK188, fundamentals, implementation, best practices",Mid-size
Q00831,ROLE026,SK189,Explain the fundamentals of skill SK189 for ROLE026.,Beginner,HR,"Candidate should explain concepts, practical applications, advantages, limitations, and industry use cases of SK189.","SK189, fundamentals, implementation, best practices",MNC
Q00832,ROLE026,SK190,Explain the fundamentals of skill SK190 for ROLE026.,Intermediate,Scenario,"Candidate should explain concepts, practical applications, advantages, limitations, and industry use cases of SK190.","SK190, fundamentals, implementation, best practices",FAANG
Q00833,ROLE026,SK191,Explain the fundamentals of skill SK191 for ROLE026.,Advanced,Technical,"Candidate should explain concepts, practical applications, advantages, limitations, and industry use cases of SK191.","SK191, fundamentals, implementation, best practices",Startup
Q00834,ROLE026,SK192,Explain the fundamentals of skill SK192 for ROLE026.,Beginner,Coding,"Candidate should explain concepts, practical applications, advantages, limitations, and industry use cases of SK192.","SK192, fundamentals, implementation, best practices",Mid-size
Q00835,ROLE026,SK193,Explain the fundamentals of skill SK193 for ROLE026.,Intermediate,HR,"Candidate should explain concepts, practical applications, advantages, limitations, and industry use cases of SK193.","SK193, fundamentals, implementation, best practices",MNC
Q00836,ROLE026,SK194,Explain the fundamentals of skill SK194 for ROLE026.,Advanced,Scenario,"Candidate should explain concepts, practical applications, advantages, limitations, and industry use cases of SK194.","SK194, fundamentals, implementation, best practices",FAANG
Q00837,ROLE026,SK195,Explain the fundamentals of skill SK195 for ROLE026.,Beginner,Technical,"Candidate should explain concepts, practical applications, advantages, limitations, and industry use cases of SK195.","SK195, fundamentals, implementation, best practices",Startup
Q00838,ROLE026,SK196,Explain the fundamentals of skill SK196 for ROLE026.,Intermediate,Coding,"Candidate should explain concepts, practical applications, advantages, limitations, and industry use cases of SK196.","SK196, fundamentals, implementation, best practices",Mid-size
Q00839,ROLE026,SK197,Explain the fundamentals of skill SK197 for ROLE026.,Advanced,HR,"Candidate should explain concepts, practical applications, advantages, limitations, and industry use cases of SK197.","SK197, fundamentals, implementation, best practices",MNC
Q00840,ROLE026,SK198,Explain the fundamentals of skill SK198 for ROLE026.,Beginner,Scenario,"Candidate should explain concepts, practical applications, advantages, limitations, and industry use cases of SK198.","SK198, fundamentals, implementation, best practices",FAANG
Q00841,ROLE026,SK199,Explain the fundamentals of skill SK199 for ROLE026.,Intermediate,Technical,"Candidate should explain concepts, practical applications, advantages, limitations, and industry use cases of SK199.","SK199, fundamentals, implementation, best practices",Startup
Q00842,ROLE026,SK200,Explain the fundamentals of skill SK200 for ROLE026.,Advanced,Coding,"Candidate should explain concepts, practical applications, advantages, limitations, and industry use cases of SK200.","SK200, fundamentals, implementation, best practices",Mid-size
Q00843,ROLE026,SK201,Explain the fundamentals of skill SK201 for ROLE026.,Beginner,HR,"Candidate should explain concepts, practical applications, advantages, limitations, and industry use cases of SK201.","SK201, fundamentals, implementation, best practices",MNC
Q00844,ROLE026,SK202,Explain the fundamentals of skill SK202 for ROLE026.,Intermediate,Scenario,"Candidate should explain concepts, practical applications, advantages, limitations, and industry use cases of SK202.","SK202, fundamentals, implementation, best practices",FAANG
Q00845,ROLE026,SK203,Explain the fundamentals of skill SK203 for ROLE026.,Advanced,Technical,"Candidate should explain concepts, practical applications, advantages, limitations, and industry use cases of SK203.","SK203, fundamentals, implementation, best practices",Startup
Q00846,ROLE026,SK204,Explain the fundamentals of skill SK204 for ROLE026.,Beginner,Coding,"Candidate should explain concepts, practical applications, advantages, limitations, and industry use cases of SK204.","SK204, fundamentals, implementation, best practices",Mid-size
Q00847,ROLE026,SK205,Explain the fundamentals of skill SK205 for ROLE026.,Intermediate,HR,"Candidate should explain concepts, practical applications, advantages, limitations, and industry use cases of SK205.","SK205, fundamentals, implementation, best practices",MNC
Q00848,ROLE026,SK206,Explain the fundamentals of skill SK206 for ROLE026.,Advanced,Scenario,"Candidate should explain concepts, practical applications, advantages, limitations, and industry use cases of SK206.","SK206, fundamentals, implementation, best practices",FAANG
Q00849,ROLE026,SK207,Explain the fundamentals of skill SK207 for ROLE026.,Beginner,Technical,"Candidate should explain concepts, practical applications, advantages, limitations, and industry use cases of SK207.","SK207, fundamentals, implementation, best practices",Startup
Q00850,ROLE026,SK208,Explain the fundamentals of skill SK208 for ROLE026.,Intermediate,Coding,"Candidate should explain concepts, practical applications, advantages, limitations, and industry use cases of SK208.","SK208, fundamentals, implementation, best practices",Mid-size
Q00851,ROLE026,SK209,Explain the fundamentals of skill SK209 for ROLE026.,Advanced,HR,"Candidate should explain concepts, practical applications, advantages, limitations, and industry use cases of SK209.","SK209, fundamentals, implementation, best practices",MNC
Q00852,ROLE026,SK210,Explain the fundamentals of skill SK210 for ROLE026.,Beginner,Scenario,"Candidate should explain concepts, practical applications, advantages, limitations, and industry use cases of SK210.","SK210, fundamentals, implementation, best practices",FAANG
Q00853,ROLE026,SK211,Explain the fundamentals of skill SK211 for ROLE026.,Intermediate,Technical,"Candidate should explain concepts, practical applications, advantages, limitations, and industry use cases of SK211.","SK211, fundamentals, implementation, best practices",Startup
Q00854,ROLE026,SK212,Explain the fundamentals of skill SK212 for ROLE026.,Advanced,Coding,"Candidate should explain concepts, practical applications, advantages, limitations, and industry use cases of SK212.","SK212, fundamentals, implementation, best practices",Mid-size
Q00855,ROLE026,SK213,Explain the fundamentals of skill SK213 for ROLE026.,Beginner,HR,"Candidate should explain concepts, practical applications, advantages, limitations, and industry use cases of SK213.","SK213, fundamentals, implementation, best practices",MNC
Q00856,ROLE026,SK214,Explain the fundamentals of skill SK214 for ROLE026.,Intermediate,Scenario,"Candidate should explain concepts, practical applications, advantages, limitations, and industry use cases of SK214.","SK214, fundamentals, implementation, best practices",FAANG
Q00857,ROLE026,SK215,Explain the fundamentals of skill SK215 for ROLE026.,Advanced,Technical,"Candidate should explain concepts, practical applications, advantages, limitations, and industry use cases of SK215.","SK215, fundamentals, implementation, best practices",Startup
Q00858,ROLE026,SK216,Explain the fundamentals of skill SK216 for ROLE026.,Beginner,Coding,"Candidate should explain concepts, practical applications, advantages, limitations, and industry use cases of SK216.","SK216, fundamentals, implementation, best practices",Mid-size
Q00859,ROLE027,SK191,Explain the fundamentals of skill SK191 for ROLE027.,Intermediate,Coding,"Candidate should explain concepts, practical applications, advantages, limitations, and industry use cases of SK191.","SK191, fundamentals, implementation, best practices",Mid-size
Q00860,ROLE027,SK192,Explain the fundamentals of skill SK192 for ROLE027.,Advanced,HR,"Candidate should explain concepts, practical applications, advantages, limitations, and industry use cases of SK192.","SK192, fundamentals, implementation, best practices",MNC
Q00861,ROLE027,SK193,Explain the fundamentals of skill SK193 for ROLE027.,Beginner,Scenario,"Candidate should explain concepts, practical applications, advantages, limitations, and industry use cases of SK193.","SK193, fundamentals, implementation, best practices",FAANG
Q00862,ROLE027,SK194,Explain the fundamentals of skill SK194 for ROLE027.,Intermediate,Technical,"Candidate should explain concepts, practical applications, advantages, limitations, and industry use cases of SK194.","SK194, fundamentals, implementation, best practices",Startup
Q00863,ROLE027,SK195,Explain the fundamentals of skill SK195 for ROLE027.,Advanced,Coding,"Candidate should explain concepts, practical applications, advantages, limitations, and industry use cases of SK195.","SK195, fundamentals, implementation, best practices",Mid-size
Q00864,ROLE027,SK196,Explain the fundamentals of skill SK196 for ROLE027.,Beginner,HR,"Candidate should explain concepts, practical applications, advantages, limitations, and industry use cases of SK196.","SK196, fundamentals, implementation, best practices",MNC
Q00865,ROLE027,SK197,Explain the fundamentals of skill SK197 for ROLE027.,Intermediate,Scenario,"Candidate should explain concepts, practical applications, advantages, limitations, and industry use cases of SK197.","SK197, fundamentals, implementation, best practices",FAANG
Q00866,ROLE027,SK198,Explain the fundamentals of skill SK198 for ROLE027.,Advanced,Technical,"Candidate should explain concepts, practical applications, advantages, limitations, and industry use cases of SK198.","SK198, fundamentals, implementation, best practices",Startup
Q00867,ROLE027,SK199,Explain the fundamentals of skill SK199 for ROLE027.,Beginner,Coding,"Candidate should explain concepts, practical applications, advantages, limitations, and industry use cases of SK199.","SK199, fundamentals, implementation, best practices",Mid-size
Q00868,ROLE027,SK200,Explain the fundamentals of skill SK200 for ROLE027.,Intermediate,HR,"Candidate should explain concepts, practical applications, advantages, limitations, and industry use cases of SK200.","SK200, fundamentals, implementation, best practices",MNC
Q00869,ROLE027,SK201,Explain the fundamentals of skill SK201 for ROLE027.,Advanced,Scenario,"Candidate should explain concepts, practical applications, advantages, limitations, and industry use cases of SK201.","SK201, fundamentals, implementation, best practices",FAANG
Q00870,ROLE027,SK202,Explain the fundamentals of skill SK202 for ROLE027.,Beginner,Technical,"Candidate should explain concepts, practical applications, advantages, limitations, and industry use cases of SK202.","SK202, fundamentals, implementation, best practices",Startup
Q00871,ROLE027,SK203,Explain the fundamentals of skill SK203 for ROLE027.,Intermediate,Coding,"Candidate should explain concepts, practical applications, advantages, limitations, and industry use cases of SK203.","SK203, fundamentals, implementation, best practices",Mid-size
Q00872,ROLE027,SK204,Explain the fundamentals of skill SK204 for ROLE027.,Advanced,HR,"Candidate should explain concepts, practical applications, advantages, limitations, and industry use cases of SK204.","SK204, fundamentals, implementation, best practices",MNC
Q00873,ROLE027,SK205,Explain the fundamentals of skill SK205 for ROLE027.,Beginner,Scenario,"Candidate should explain concepts, practical applications, advantages, limitations, and industry use cases of SK205.","SK205, fundamentals, implementation, best practices",FAANG
Q00874,ROLE027,SK206,Explain the fundamentals of skill SK206 for ROLE027.,Intermediate,Technical,"Candidate should explain concepts, practical applications, advantages, limitations, and industry use cases of SK206.","SK206, fundamentals, implementation, best practices",Startup
Q00875,ROLE027,SK207,Explain the fundamentals of skill SK207 for ROLE027.,Advanced,Coding,"Candidate should explain concepts, practical applications, advantages, limitations, and industry use cases of SK207.","SK207, fundamentals, implementation, best practices",Mid-size
Q00876,ROLE027,SK208,Explain the fundamentals of skill SK208 for ROLE027.,Beginner,HR,"Candidate should explain concepts, practical applications, advantages, limitations, and industry use cases of SK208.","SK208, fundamentals, implementation, best practices",MNC
Q00877,ROLE027,SK209,Explain the fundamentals of skill SK209 for ROLE027.,Intermediate,Scenario,"Candidate should explain concepts, practical applications, advantages, limitations, and industry use cases of SK209.","SK209, fundamentals, implementation, best practices",FAANG
Q00878,ROLE027,SK210,Explain the fundamentals of skill SK210 for ROLE027.,Advanced,Technical,"Candidate should explain concepts, practical applications, advantages, limitations, and industry use cases of SK210.","SK210, fundamentals, implementation, best practices",Startup
Q00879,ROLE027,SK211,Explain the fundamentals of skill SK211 for ROLE027.,Beginner,Coding,"Candidate should explain concepts, practical applications, advantages, limitations, and industry use cases of SK211.","SK211, fundamentals, implementation, best practices",Mid-size
Q00880,ROLE027,SK212,Explain the fundamentals of skill SK212 for ROLE027.,Intermediate,HR,"Candidate should explain concepts, practical applications, advantages, limitations, and industry use cases of SK212.","SK212, fundamentals, implementation, best practices",MNC
Q00881,ROLE027,SK213,Explain the fundamentals of skill SK213 for ROLE027.,Advanced,Scenario,"Candidate should explain concepts, practical applications, advantages, limitations, and industry use cases of SK213.","SK213, fundamentals, implementation, best practices",FAANG
Q00882,ROLE027,SK214,Explain the fundamentals of skill SK214 for ROLE027.,Beginner,Technical,"Candidate should explain concepts, practical applications, advantages, limitations, and industry use cases of SK214.","SK214, fundamentals, implementation, best practices",Startup
Q00883,ROLE027,SK215,Explain the fundamentals of skill SK215 for ROLE027.,Intermediate,Coding,"Candidate should explain concepts, practical applications, advantages, limitations, and industry use cases of SK215.","SK215, fundamentals, implementation, best practices",Mid-size
Q00884,ROLE027,SK216,Explain the fundamentals of skill SK216 for ROLE027.,Advanced,HR,"Candidate should explain concepts, practical applications, advantages, limitations, and industry use cases of SK216.","SK216, fundamentals, implementation, best practices",MNC
Q00885,ROLE027,SK217,Explain the fundamentals of skill SK217 for ROLE027.,Beginner,Scenario,"Candidate should explain concepts, practical applications, advantages, limitations, and industry use cases of SK217.","SK217, fundamentals, implementation, best practices",FAANG
Q00886,ROLE027,SK218,Explain the fundamentals of skill SK218 for ROLE027.,Intermediate,Technical,"Candidate should explain concepts, practical applications, advantages, limitations, and industry use cases of SK218.","SK218, fundamentals, implementation, best practices",Startup
Q00887,ROLE027,SK219,Explain the fundamentals of skill SK219 for ROLE027.,Advanced,Coding,"Candidate should explain concepts, practical applications, advantages, limitations, and industry use cases of SK219.","SK219, fundamentals, implementation, best practices",Mid-size
Q00888,ROLE027,SK220,Explain the fundamentals of skill SK220 for ROLE027.,Beginner,HR,"Candidate should explain concepts, practical applications, advantages, limitations, and industry use cases of SK220.","SK220, fundamentals, implementation, best practices",MNC
Q00889,ROLE027,SK221,Explain the fundamentals of skill SK221 for ROLE027.,Intermediate,Scenario,"Candidate should explain concepts, practical applications, advantages, limitations, and industry use cases of SK221.","SK221, fundamentals, implementation, best practices",FAANG
Q00890,ROLE027,SK222,Explain the fundamentals of skill SK222 for ROLE027.,Advanced,Technical,"Candidate should explain concepts, practical applications, advantages, limitations, and industry use cases of SK222.","SK222, fundamentals, implementation, best practices",Startup
Q00891,ROLE027,SK223,Explain the fundamentals of skill SK223 for ROLE027.,Beginner,Coding,"Candidate should explain concepts, practical applications, advantages, limitations, and industry use cases of SK223.","SK223, fundamentals, implementation, best practices",Mid-size
Q00892,ROLE028,SK198,Explain the fundamentals of skill SK198 for ROLE028.,Intermediate,Coding,"Candidate should explain concepts, practical applications, advantages, limitations, and industry use cases of SK198.","SK198, fundamentals, implementation, best practices",Mid-size
Q00893,ROLE028,SK199,Explain the fundamentals of skill SK199 for ROLE028.,Advanced,HR,"Candidate should explain concepts, practical applications, advantages, limitations, and industry use cases of SK199.","SK199, fundamentals, implementation, best practices",MNC
Q00894,ROLE028,SK200,Explain the fundamentals of skill SK200 for ROLE028.,Beginner,Scenario,"Candidate should explain concepts, practical applications, advantages, limitations, and industry use cases of SK200.","SK200, fundamentals, implementation, best practices",FAANG
Q00895,ROLE028,SK201,Explain the fundamentals of skill SK201 for ROLE028.,Intermediate,Technical,"Candidate should explain concepts, practical applications, advantages, limitations, and industry use cases of SK201.","SK201, fundamentals, implementation, best practices",Startup
Q00896,ROLE028,SK202,Explain the fundamentals of skill SK202 for ROLE028.,Advanced,Coding,"Candidate should explain concepts, practical applications, advantages, limitations, and industry use cases of SK202.","SK202, fundamentals, implementation, best practices",Mid-size
Q00897,ROLE028,SK203,Explain the fundamentals of skill SK203 for ROLE028.,Beginner,HR,"Candidate should explain concepts, practical applications, advantages, limitations, and industry use cases of SK203.","SK203, fundamentals, implementation, best practices",MNC
Q00898,ROLE028,SK204,Explain the fundamentals of skill SK204 for ROLE028.,Intermediate,Scenario,"Candidate should explain concepts, practical applications, advantages, limitations, and industry use cases of SK204.","SK204, fundamentals, implementation, best practices",FAANG
Q00899,ROLE028,SK205,Explain the fundamentals of skill SK205 for ROLE028.,Advanced,Technical,"Candidate should explain concepts, practical applications, advantages, limitations, and industry use cases of SK205.","SK205, fundamentals, implementation, best practices",Startup
Q00900,ROLE028,SK206,Explain the fundamentals of skill SK206 for ROLE028.,Beginner,Coding,"Candidate should explain concepts, practical applications, advantages, limitations, and industry use cases of SK206.","SK206, fundamentals, implementation, best practices",Mid-size
Q00901,ROLE028,SK207,Explain the fundamentals of skill SK207 for ROLE028.,Intermediate,HR,"Candidate should explain concepts, practical applications, advantages, limitations, and industry use cases of SK207.","SK207, fundamentals, implementation, best practices",MNC
Q00902,ROLE028,SK208,Explain the fundamentals of skill SK208 for ROLE028.,Advanced,Scenario,"Candidate should explain concepts, practical applications, advantages, limitations, and industry use cases of SK208.","SK208, fundamentals, implementation, best practices",FAANG
Q00903,ROLE028,SK209,Explain the fundamentals of skill SK209 for ROLE028.,Beginner,Technical,"Candidate should explain concepts, practical applications, advantages, limitations, and industry use cases of SK209.","SK209, fundamentals, implementation, best practices",Startup
Q00904,ROLE028,SK210,Explain the fundamentals of skill SK210 for ROLE028.,Intermediate,Coding,"Candidate should explain concepts, practical applications, advantages, limitations, and industry use cases of SK210.","SK210, fundamentals, implementation, best practices",Mid-size
Q00905,ROLE028,SK211,Explain the fundamentals of skill SK211 for ROLE028.,Advanced,HR,"Candidate should explain concepts, practical applications, advantages, limitations, and industry use cases of SK211.","SK211, fundamentals, implementation, best practices",MNC
Q00906,ROLE028,SK212,Explain the fundamentals of skill SK212 for ROLE028.,Beginner,Scenario,"Candidate should explain concepts, practical applications, advantages, limitations, and industry use cases of SK212.","SK212, fundamentals, implementation, best practices",FAANG
Q00907,ROLE028,SK213,Explain the fundamentals of skill SK213 for ROLE028.,Intermediate,Technical,"Candidate should explain concepts, practical applications, advantages, limitations, and industry use cases of SK213.","SK213, fundamentals, implementation, best practices",Startup
Q00908,ROLE028,SK214,Explain the fundamentals of skill SK214 for ROLE028.,Advanced,Coding,"Candidate should explain concepts, practical applications, advantages, limitations, and industry use cases of SK214.","SK214, fundamentals, implementation, best practices",Mid-size
Q00909,ROLE028,SK215,Explain the fundamentals of skill SK215 for ROLE028.,Beginner,HR,"Candidate should explain concepts, practical applications, advantages, limitations, and industry use cases of SK215.","SK215, fundamentals, implementation, best practices",MNC
Q00910,ROLE028,SK216,Explain the fundamentals of skill SK216 for ROLE028.,Intermediate,Scenario,"Candidate should explain concepts, practical applications, advantages, limitations, and industry use cases of SK216.","SK216, fundamentals, implementation, best practices",FAANG
Q00911,ROLE028,SK217,Explain the fundamentals of skill SK217 for ROLE028.,Advanced,Technical,"Candidate should explain concepts, practical applications, advantages, limitations, and industry use cases of SK217.","SK217, fundamentals, implementation, best practices",Startup
Q00912,ROLE028,SK218,Explain the fundamentals of skill SK218 for ROLE028.,Beginner,Coding,"Candidate should explain concepts, practical applications, advantages, limitations, and industry use cases of SK218.","SK218, fundamentals, implementation, best practices",Mid-size
Q00913,ROLE028,SK219,Explain the fundamentals of skill SK219 for ROLE028.,Intermediate,HR,"Candidate should explain concepts, practical applications, advantages, limitations, and industry use cases of SK219.","SK219, fundamentals, implementation, best practices",MNC
Q00914,ROLE028,SK220,Explain the fundamentals of skill SK220 for ROLE028.,Advanced,Scenario,"Candidate should explain concepts, practical applications, advantages, limitations, and industry use cases of SK220.","SK220, fundamentals, implementation, best practices",FAANG
Q00915,ROLE028,SK221,Explain the fundamentals of skill SK221 for ROLE028.,Beginner,Technical,"Candidate should explain concepts, practical applications, advantages, limitations, and industry use cases of SK221.","SK221, fundamentals, implementation, best practices",Startup
Q00916,ROLE028,SK222,Explain the fundamentals of skill SK222 for ROLE028.,Intermediate,Coding,"Candidate should explain concepts, practical applications, advantages, limitations, and industry use cases of SK222.","SK222, fundamentals, implementation, best practices",Mid-size
Q00917,ROLE028,SK223,Explain the fundamentals of skill SK223 for ROLE028.,Advanced,HR,"Candidate should explain concepts, practical applications, advantages, limitations, and industry use cases of SK223.","SK223, fundamentals, implementation, best practices",MNC
Q00918,ROLE028,SK224,Explain the fundamentals of skill SK224 for ROLE028.,Beginner,Scenario,"Candidate should explain concepts, practical applications, advantages, limitations, and industry use cases of SK224.","SK224, fundamentals, implementation, best practices",FAANG
Q00919,ROLE028,SK225,Explain the fundamentals of skill SK225 for ROLE028.,Intermediate,Technical,"Candidate should explain concepts, practical applications, advantages, limitations, and industry use cases of SK225.","SK225, fundamentals, implementation, best practices",Startup
Q00920,ROLE028,SK226,Explain the fundamentals of skill SK226 for ROLE028.,Advanced,Coding,"Candidate should explain concepts, practical applications, advantages, limitations, and industry use cases of SK226.","SK226, fundamentals, implementation, best practices",Mid-size
Q00921,ROLE028,SK227,Explain the fundamentals of skill SK227 for ROLE028.,Beginner,HR,"Candidate should explain concepts, practical applications, advantages, limitations, and industry use cases of SK227.","SK227, fundamentals, implementation, best practices",MNC
Q00922,ROLE028,SK228,Explain the fundamentals of skill SK228 for ROLE028.,Intermediate,Scenario,"Candidate should explain concepts, practical applications, advantages, limitations, and industry use cases of SK228.","SK228, fundamentals, implementation, best practices",FAANG
Q00923,ROLE028,SK229,Explain the fundamentals of skill SK229 for ROLE028.,Advanced,Technical,"Candidate should explain concepts, practical applications, advantages, limitations, and industry use cases of SK229.","SK229, fundamentals, implementation, best practices",Startup
Q00924,ROLE028,SK230,Explain the fundamentals of skill SK230 for ROLE028.,Beginner,Coding,"Candidate should explain concepts, practical applications, advantages, limitations, and industry use cases of SK230.","SK230, fundamentals, implementation, best practices",Mid-size
Q00925,ROLE029,SK205,Explain the fundamentals of skill SK205 for ROLE029.,Intermediate,Coding,"Candidate should explain concepts, practical applications, advantages, limitations, and industry use cases of SK205.","SK205, fundamentals, implementation, best practices",Mid-size
Q00926,ROLE029,SK206,Explain the fundamentals of skill SK206 for ROLE029.,Advanced,HR,"Candidate should explain concepts, practical applications, advantages, limitations, and industry use cases of SK206.","SK206, fundamentals, implementation, best practices",MNC
Q00927,ROLE029,SK207,Explain the fundamentals of skill SK207 for ROLE029.,Beginner,Scenario,"Candidate should explain concepts, practical applications, advantages, limitations, and industry use cases of SK207.","SK207, fundamentals, implementation, best practices",FAANG
Q00928,ROLE029,SK208,Explain the fundamentals of skill SK208 for ROLE029.,Intermediate,Technical,"Candidate should explain concepts, practical applications, advantages, limitations, and industry use cases of SK208.","SK208, fundamentals, implementation, best practices",Startup
Q00929,ROLE029,SK209,Explain the fundamentals of skill SK209 for ROLE029.,Advanced,Coding,"Candidate should explain concepts, practical applications, advantages, limitations, and industry use cases of SK209.","SK209, fundamentals, implementation, best practices",Mid-size
Q00930,ROLE029,SK210,Explain the fundamentals of skill SK210 for ROLE029.,Beginner,HR,"Candidate should explain concepts, practical applications, advantages, limitations, and industry use cases of SK210.","SK210, fundamentals, implementation, best practices",MNC
Q00931,ROLE029,SK211,Explain the fundamentals of skill SK211 for ROLE029.,Intermediate,Scenario,"Candidate should explain concepts, practical applications, advantages, limitations, and industry use cases of SK211.","SK211, fundamentals, implementation, best practices",FAANG
Q00932,ROLE029,SK212,Explain the fundamentals of skill SK212 for ROLE029.,Advanced,Technical,"Candidate should explain concepts, practical applications, advantages, limitations, and industry use cases of SK212.","SK212, fundamentals, implementation, best practices",Startup
Q00933,ROLE029,SK213,Explain the fundamentals of skill SK213 for ROLE029.,Beginner,Coding,"Candidate should explain concepts, practical applications, advantages, limitations, and industry use cases of SK213.","SK213, fundamentals, implementation, best practices",Mid-size
Q00934,ROLE029,SK214,Explain the fundamentals of skill SK214 for ROLE029.,Intermediate,HR,"Candidate should explain concepts, practical applications, advantages, limitations, and industry use cases of SK214.","SK214, fundamentals, implementation, best practices",MNC
Q00935,ROLE029,SK215,Explain the fundamentals of skill SK215 for ROLE029.,Advanced,Scenario,"Candidate should explain concepts, practical applications, advantages, limitations, and industry use cases of SK215.","SK215, fundamentals, implementation, best practices",FAANG
Q00936,ROLE029,SK216,Explain the fundamentals of skill SK216 for ROLE029.,Beginner,Technical,"Candidate should explain concepts, practical applications, advantages, limitations, and industry use cases of SK216.","SK216, fundamentals, implementation, best practices",Startup
Q00937,ROLE029,SK217,Explain the fundamentals of skill SK217 for ROLE029.,Intermediate,Coding,"Candidate should explain concepts, practical applications, advantages, limitations, and industry use cases of SK217.","SK217, fundamentals, implementation, best practices",Mid-size
Q00938,ROLE029,SK218,Explain the fundamentals of skill SK218 for ROLE029.,Advanced,HR,"Candidate should explain concepts, practical applications, advantages, limitations, and industry use cases of SK218.","SK218, fundamentals, implementation, best practices",MNC
Q00939,ROLE029,SK219,Explain the fundamentals of skill SK219 for ROLE029.,Beginner,Scenario,"Candidate should explain concepts, practical applications, advantages, limitations, and industry use cases of SK219.","SK219, fundamentals, implementation, best practices",FAANG
Q00940,ROLE029,SK220,Explain the fundamentals of skill SK220 for ROLE029.,Intermediate,Technical,"Candidate should explain concepts, practical applications, advantages, limitations, and industry use cases of SK220.","SK220, fundamentals, implementation, best practices",Startup
Q00941,ROLE029,SK221,Explain the fundamentals of skill SK221 for ROLE029.,Advanced,Coding,"Candidate should explain concepts, practical applications, advantages, limitations, and industry use cases of SK221.","SK221, fundamentals, implementation, best practices",Mid-size
Q00942,ROLE029,SK222,Explain the fundamentals of skill SK222 for ROLE029.,Beginner,HR,"Candidate should explain concepts, practical applications, advantages, limitations, and industry use cases of SK222.","SK222, fundamentals, implementation, best practices",MNC
Q00943,ROLE029,SK223,Explain the fundamentals of skill SK223 for ROLE029.,Intermediate,Scenario,"Candidate should explain concepts, practical applications, advantages, limitations, and industry use cases of SK223.","SK223, fundamentals, implementation, best practices",FAANG
Q00944,ROLE029,SK224,Explain the fundamentals of skill SK224 for ROLE029.,Advanced,Technical,"Candidate should explain concepts, practical applications, advantages, limitations, and industry use cases of SK224.","SK224, fundamentals, implementation, best practices",Startup
Q00945,ROLE029,SK225,Explain the fundamentals of skill SK225 for ROLE029.,Beginner,Coding,"Candidate should explain concepts, practical applications, advantages, limitations, and industry use cases of SK225.","SK225, fundamentals, implementation, best practices",Mid-size
Q00946,ROLE029,SK226,Explain the fundamentals of skill SK226 for ROLE029.,Intermediate,HR,"Candidate should explain concepts, practical applications, advantages, limitations, and industry use cases of SK226.","SK226, fundamentals, implementation, best practices",MNC
Q00947,ROLE029,SK227,Explain the fundamentals of skill SK227 for ROLE029.,Advanced,Scenario,"Candidate should explain concepts, practical applications, advantages, limitations, and industry use cases of SK227.","SK227, fundamentals, implementation, best practices",FAANG
Q00948,ROLE029,SK228,Explain the fundamentals of skill SK228 for ROLE029.,Beginner,Technical,"Candidate should explain concepts, practical applications, advantages, limitations, and industry use cases of SK228.","SK228, fundamentals, implementation, best practices",Startup
Q00949,ROLE029,SK229,Explain the fundamentals of skill SK229 for ROLE029.,Intermediate,Coding,"Candidate should explain concepts, practical applications, advantages, limitations, and industry use cases of SK229.","SK229, fundamentals, implementation, best practices",Mid-size
Q00950,ROLE029,SK230,Explain the fundamentals of skill SK230 for ROLE029.,Advanced,HR,"Candidate should explain concepts, practical applications, advantages, limitations, and industry use cases of SK230.","SK230, fundamentals, implementation, best practices",MNC
Q00951,ROLE029,SK231,Explain the fundamentals of skill SK231 for ROLE029.,Beginner,Scenario,"Candidate should explain concepts, practical applications, advantages, limitations, and industry use cases of SK231.","SK231, fundamentals, implementation, best practices",FAANG
Q00952,ROLE029,SK232,Explain the fundamentals of skill SK232 for ROLE029.,Intermediate,Technical,"Candidate should explain concepts, practical applications, advantages, limitations, and industry use cases of SK232.","SK232, fundamentals, implementation, best practices",Startup
Q00953,ROLE029,SK233,Explain the fundamentals of skill SK233 for ROLE029.,Advanced,Coding,"Candidate should explain concepts, practical applications, advantages, limitations, and industry use cases of SK233.","SK233, fundamentals, implementation, best practices",Mid-size
Q00954,ROLE029,SK234,Explain the fundamentals of skill SK234 for ROLE029.,Beginner,HR,"Candidate should explain concepts, practical applications, advantages, limitations, and industry use cases of SK234.","SK234, fundamentals, implementation, best practices",MNC
Q00955,ROLE029,SK235,Explain the fundamentals of skill SK235 for ROLE029.,Intermediate,Scenario,"Candidate should explain concepts, practical applications, advantages, limitations, and industry use cases of SK235.","SK235, fundamentals, implementation, best practices",FAANG
Q00956,ROLE029,SK236,Explain the fundamentals of skill SK236 for ROLE029.,Advanced,Technical,"Candidate should explain concepts, practical applications, advantages, limitations, and industry use cases of SK236.","SK236, fundamentals, implementation, best practices",Startup
Q00957,ROLE029,SK237,Explain the fundamentals of skill SK237 for ROLE029.,Beginner,Coding,"Candidate should explain concepts, practical applications, advantages, limitations, and industry use cases of SK237.","SK237, fundamentals, implementation, best practices",Mid-size
Q00958,ROLE030,SK212,Explain the fundamentals of skill SK212 for ROLE030.,Intermediate,Coding,"Candidate should explain concepts, practical applications, advantages, limitations, and industry use cases of SK212.","SK212, fundamentals, implementation, best practices",Mid-size
Q00959,ROLE030,SK213,Explain the fundamentals of skill SK213 for ROLE030.,Advanced,HR,"Candidate should explain concepts, practical applications, advantages, limitations, and industry use cases of SK213.","SK213, fundamentals, implementation, best practices",MNC
Q00960,ROLE030,SK214,Explain the fundamentals of skill SK214 for ROLE030.,Beginner,Scenario,"Candidate should explain concepts, practical applications, advantages, limitations, and industry use cases of SK214.","SK214, fundamentals, implementation, best practices",FAANG
Q00961,ROLE030,SK215,Explain the fundamentals of skill SK215 for ROLE030.,Intermediate,Technical,"Candidate should explain concepts, practical applications, advantages, limitations, and industry use cases of SK215.","SK215, fundamentals, implementation, best practices",Startup
Q00962,ROLE030,SK216,Explain the fundamentals of skill SK216 for ROLE030.,Advanced,Coding,"Candidate should explain concepts, practical applications, advantages, limitations, and industry use cases of SK216.","SK216, fundamentals, implementation, best practices",Mid-size
Q00963,ROLE030,SK217,Explain the fundamentals of skill SK217 for ROLE030.,Beginner,HR,"Candidate should explain concepts, practical applications, advantages, limitations, and industry use cases of SK217.","SK217, fundamentals, implementation, best practices",MNC
Q00964,ROLE030,SK218,Explain the fundamentals of skill SK218 for ROLE030.,Intermediate,Scenario,"Candidate should explain concepts, practical applications, advantages, limitations, and industry use cases of SK218.","SK218, fundamentals, implementation, best practices",FAANG
Q00965,ROLE030,SK219,Explain the fundamentals of skill SK219 for ROLE030.,Advanced,Technical,"Candidate should explain concepts, practical applications, advantages, limitations, and industry use cases of SK219.","SK219, fundamentals, implementation, best practices",Startup
Q00966,ROLE030,SK220,Explain the fundamentals of skill SK220 for ROLE030.,Beginner,Coding,"Candidate should explain concepts, practical applications, advantages, limitations, and industry use cases of SK220.","SK220, fundamentals, implementation, best practices",Mid-size
Q00967,ROLE030,SK221,Explain the fundamentals of skill SK221 for ROLE030.,Intermediate,HR,"Candidate should explain concepts, practical applications, advantages, limitations, and industry use cases of SK221.","SK221, fundamentals, implementation, best practices",MNC
Q00968,ROLE030,SK222,Explain the fundamentals of skill SK222 for ROLE030.,Advanced,Scenario,"Candidate should explain concepts, practical applications, advantages, limitations, and industry use cases of SK222.","SK222, fundamentals, implementation, best practices",FAANG
Q00969,ROLE030,SK223,Explain the fundamentals of skill SK223 for ROLE030.,Beginner,Technical,"Candidate should explain concepts, practical applications, advantages, limitations, and industry use cases of SK223.","SK223, fundamentals, implementation, best practices",Startup
Q00970,ROLE030,SK224,Explain the fundamentals of skill SK224 for ROLE030.,Intermediate,Coding,"Candidate should explain concepts, practical applications, advantages, limitations, and industry use cases of SK224.","SK224, fundamentals, implementation, best practices",Mid-size
Q00971,ROLE030,SK225,Explain the fundamentals of skill SK225 for ROLE030.,Advanced,HR,"Candidate should explain concepts, practical applications, advantages, limitations, and industry use cases of SK225.","SK225, fundamentals, implementation, best practices",MNC
Q00972,ROLE030,SK226,Explain the fundamentals of skill SK226 for ROLE030.,Beginner,Scenario,"Candidate should explain concepts, practical applications, advantages, limitations, and industry use cases of SK226.","SK226, fundamentals, implementation, best practices",FAANG
Q00973,ROLE030,SK227,Explain the fundamentals of skill SK227 for ROLE030.,Intermediate,Technical,"Candidate should explain concepts, practical applications, advantages, limitations, and industry use cases of SK227.","SK227, fundamentals, implementation, best practices",Startup
Q00974,ROLE030,SK228,Explain the fundamentals of skill SK228 for ROLE030.,Advanced,Coding,"Candidate should explain concepts, practical applications, advantages, limitations, and industry use cases of SK228.","SK228, fundamentals, implementation, best practices",Mid-size
Q00975,ROLE030,SK229,Explain the fundamentals of skill SK229 for ROLE030.,Beginner,HR,"Candidate should explain concepts, practical applications, advantages, limitations, and industry use cases of SK229.","SK229, fundamentals, implementation, best practices",MNC
Q00976,ROLE030,SK230,Explain the fundamentals of skill SK230 for ROLE030.,Intermediate,Scenario,"Candidate should explain concepts, practical applications, advantages, limitations, and industry use cases of SK230.","SK230, fundamentals, implementation, best practices",FAANG
Q00977,ROLE030,SK231,Explain the fundamentals of skill SK231 for ROLE030.,Advanced,Technical,"Candidate should explain concepts, practical applications, advantages, limitations, and industry use cases of SK231.","SK231, fundamentals, implementation, best practices",Startup
Q00978,ROLE030,SK232,Explain the fundamentals of skill SK232 for ROLE030.,Beginner,Coding,"Candidate should explain concepts, practical applications, advantages, limitations, and industry use cases of SK232.","SK232, fundamentals, implementation, best practices",Mid-size
Q00979,ROLE030,SK233,Explain the fundamentals of skill SK233 for ROLE030.,Intermediate,HR,"Candidate should explain concepts, practical applications, advantages, limitations, and industry use cases of SK233.","SK233, fundamentals, implementation, best practices",MNC
Q00980,ROLE030,SK234,Explain the fundamentals of skill SK234 for ROLE030.,Advanced,Scenario,"Candidate should explain concepts, practical applications, advantages, limitations, and industry use cases of SK234.","SK234, fundamentals, implementation, best practices",FAANG
Q00981,ROLE030,SK235,Explain the fundamentals of skill SK235 for ROLE030.,Beginner,Technical,"Candidate should explain concepts, practical applications, advantages, limitations, and industry use cases of SK235.","SK235, fundamentals, implementation, best practices",Startup
Q00982,ROLE030,SK236,Explain the fundamentals of skill SK236 for ROLE030.,Intermediate,Coding,"Candidate should explain concepts, practical applications, advantages, limitations, and industry use cases of SK236.","SK236, fundamentals, implementation, best practices",Mid-size
Q00983,ROLE030,SK237,Explain the fundamentals of skill SK237 for ROLE030.,Advanced,HR,"Candidate should explain concepts, practical applications, advantages, limitations, and industry use cases of SK237.","SK237, fundamentals, implementation, best practices",MNC
Q00984,ROLE030,SK238,Explain the fundamentals of skill SK238 for ROLE030.,Beginner,Scenario,"Candidate should explain concepts, practical applications, advantages, limitations, and industry use cases of SK238.","SK238, fundamentals, implementation, best practices",FAANG
Q00985,ROLE030,SK239,Explain the fundamentals of skill SK239 for ROLE030.,Intermediate,Technical,"Candidate should explain concepts, practical applications, advantages, limitations, and industry use cases of SK239.","SK239, fundamentals, implementation, best practices",Startup
Q00986,ROLE030,SK240,Explain the fundamentals of skill SK240 for ROLE030.,Advanced,Coding,"Candidate should explain concepts, practical applications, advantages, limitations, and industry use cases of SK240.","SK240, fundamentals, implementation, best practices",Mid-size
Q00987,ROLE030,SK241,Explain the fundamentals of skill SK241 for ROLE030.,Beginner,HR,"Candidate should explain concepts, practical applications, advantages, limitations, and industry use cases of SK241.","SK241, fundamentals, implementation, best practices",MNC
Q00988,ROLE030,SK242,Explain the fundamentals of skill SK242 for ROLE030.,Intermediate,Scenario,"Candidate should explain concepts, practical applications, advantages, limitations, and industry use cases of SK242.","SK242, fundamentals, implementation, best practices",FAANG
Q00989,ROLE030,SK243,Explain the fundamentals of skill SK243 for ROLE030.,Advanced,Technical,"Candidate should explain concepts, practical applications, advantages, limitations, and industry use cases of SK243.","SK243, fundamentals, implementation, best practices",Startup
Q00990,ROLE030,SK244,Explain the fundamentals of skill SK244 for ROLE030.,Beginner,Coding,"Candidate should explain concepts, practical applications, advantages, limitations, and industry use cases of SK244.","SK244, fundamentals, implementation, best practices",Mid-size
Q00991,ROLE031,SK219,Explain the fundamentals of skill SK219 for ROLE031.,Intermediate,Coding,"Candidate should explain concepts, practical applications, advantages, limitations, and industry use cases of SK219.","SK219, fundamentals, implementation, best practices",Mid-size
Q00992,ROLE031,SK220,Explain the fundamentals of skill SK220 for ROLE031.,Advanced,HR,"Candidate should explain concepts, practical applications, advantages, limitations, and industry use cases of SK220.","SK220, fundamentals, implementation, best practices",MNC
Q00993,ROLE031,SK221,Explain the fundamentals of skill SK221 for ROLE031.,Beginner,Scenario,"Candidate should explain concepts, practical applications, advantages, limitations, and industry use cases of SK221.","SK221, fundamentals, implementation, best practices",FAANG
Q00994,ROLE031,SK222,Explain the fundamentals of skill SK222 for ROLE031.,Intermediate,Technical,"Candidate should explain concepts, practical applications, advantages, limitations, and industry use cases of SK222.","SK222, fundamentals, implementation, best practices",Startup
Q00995,ROLE031,SK223,Explain the fundamentals of skill SK223 for ROLE031.,Advanced,Coding,"Candidate should explain concepts, practical applications, advantages, limitations, and industry use cases of SK223.","SK223, fundamentals, implementation, best practices",Mid-size
Q00996,ROLE031,SK224,Explain the fundamentals of skill SK224 for ROLE031.,Beginner,HR,"Candidate should explain concepts, practical applications, advantages, limitations, and industry use cases of SK224.","SK224, fundamentals, implementation, best practices",MNC
Q00997,ROLE031,SK225,Explain the fundamentals of skill SK225 for ROLE031.,Intermediate,Scenario,"Candidate should explain concepts, practical applications, advantages, limitations, and industry use cases of SK225.","SK225, fundamentals, implementation, best practices",FAANG
Q00998,ROLE031,SK226,Explain the fundamentals of skill SK226 for ROLE031.,Advanced,Technical,"Candidate should explain concepts, practical applications, advantages, limitations, and industry use cases of SK226.","SK226, fundamentals, implementation, best practices",Startup
Q00999,ROLE031,SK227,Explain the fundamentals of skill SK227 for ROLE031.,Beginner,Coding,"Candidate should explain concepts, practical applications, advantages, limitations, and industry use cases of SK227.","SK227, fundamentals, implementation, best practices",Mid-size
Q01000,ROLE031,SK228,Explain the fundamentals of skill SK228 for ROLE031.,Intermediate,HR,"Candidate should explain concepts, practical applications, advantages, limitations, and industry use cases of SK228.","SK228, fundamentals, implementation, best practices",MNC
Q01001,ROLE031,SK229,Explain the fundamentals of skill SK229 for ROLE031.,Advanced,Scenario,"Candidate should explain concepts, practical applications, advantages, limitations, and industry use cases of SK229.","SK229, fundamentals, implementation, best practices",FAANG
Q01002,ROLE031,SK230,Explain the fundamentals of skill SK230 for ROLE031.,Beginner,Technical,"Candidate should explain concepts, practical applications, advantages, limitations, and industry use cases of SK230.","SK230, fundamentals, implementation, best practices",Startup
Q01003,ROLE031,SK231,Explain the fundamentals of skill SK231 for ROLE031.,Intermediate,Coding,"Candidate should explain concepts, practical applications, advantages, limitations, and industry use cases of SK231.","SK231, fundamentals, implementation, best practices",Mid-size
Q01004,ROLE031,SK232,Explain the fundamentals of skill SK232 for ROLE031.,Advanced,HR,"Candidate should explain concepts, practical applications, advantages, limitations, and industry use cases of SK232.","SK232, fundamentals, implementation, best practices",MNC
Q01005,ROLE031,SK233,Explain the fundamentals of skill SK233 for ROLE031.,Beginner,Scenario,"Candidate should explain concepts, practical applications, advantages, limitations, and industry use cases of SK233.","SK233, fundamentals, implementation, best practices",FAANG
Q01006,ROLE031,SK234,Explain the fundamentals of skill SK234 for ROLE031.,Intermediate,Technical,"Candidate should explain concepts, practical applications, advantages, limitations, and industry use cases of SK234.","SK234, fundamentals, implementation, best practices",Startup
Q01007,ROLE031,SK235,Explain the fundamentals of skill SK235 for ROLE031.,Advanced,Coding,"Candidate should explain concepts, practical applications, advantages, limitations, and industry use cases of SK235.","SK235, fundamentals, implementation, best practices",Mid-size
Q01008,ROLE031,SK236,Explain the fundamentals of skill SK236 for ROLE031.,Beginner,HR,"Candidate should explain concepts, practical applications, advantages, limitations, and industry use cases of SK236.","SK236, fundamentals, implementation, best practices",MNC
Q01009,ROLE031,SK237,Explain the fundamentals of skill SK237 for ROLE031.,Intermediate,Scenario,"Candidate should explain concepts, practical applications, advantages, limitations, and industry use cases of SK237.","SK237, fundamentals, implementation, best practices",FAANG
Q01010,ROLE031,SK238,Explain the fundamentals of skill SK238 for ROLE031.,Advanced,Technical,"Candidate should explain concepts, practical applications, advantages, limitations, and industry use cases of SK238.","SK238, fundamentals, implementation, best practices",Startup
Q01011,ROLE031,SK239,Explain the fundamentals of skill SK239 for ROLE031.,Beginner,Coding,"Candidate should explain concepts, practical applications, advantages, limitations, and industry use cases of SK239.","SK239, fundamentals, implementation, best practices",Mid-size
Q01012,ROLE031,SK240,Explain the fundamentals of skill SK240 for ROLE031.,Intermediate,HR,"Candidate should explain concepts, practical applications, advantages, limitations, and industry use cases of SK240.","SK240, fundamentals, implementation, best practices",MNC
Q01013,ROLE031,SK241,Explain the fundamentals of skill SK241 for ROLE031.,Advanced,Scenario,"Candidate should explain concepts, practical applications, advantages, limitations, and industry use cases of SK241.","SK241, fundamentals, implementation, best practices",FAANG
Q01014,ROLE031,SK242,Explain the fundamentals of skill SK242 for ROLE031.,Beginner,Technical,"Candidate should explain concepts, practical applications, advantages, limitations, and industry use cases of SK242.","SK242, fundamentals, implementation, best practices",Startup
Q01015,ROLE031,SK243,Explain the fundamentals of skill SK243 for ROLE031.,Intermediate,Coding,"Candidate should explain concepts, practical applications, advantages, limitations, and industry use cases of SK243.","SK243, fundamentals, implementation, best practices",Mid-size
Q01016,ROLE031,SK244,Explain the fundamentals of skill SK244 for ROLE031.,Advanced,HR,"Candidate should explain concepts, practical applications, advantages, limitations, and industry use cases of SK244.","SK244, fundamentals, implementation, best practices",MNC
Q01017,ROLE031,SK245,Explain the fundamentals of skill SK245 for ROLE031.,Beginner,Scenario,"Candidate should explain concepts, practical applications, advantages, limitations, and industry use cases of SK245.","SK245, fundamentals, implementation, best practices",FAANG
Q01018,ROLE031,SK246,Explain the fundamentals of skill SK246 for ROLE031.,Intermediate,Technical,"Candidate should explain concepts, practical applications, advantages, limitations, and industry use cases of SK246.","SK246, fundamentals, implementation, best practices",Startup
Q01019,ROLE031,SK247,Explain the fundamentals of skill SK247 for ROLE031.,Advanced,Coding,"Candidate should explain concepts, practical applications, advantages, limitations, and industry use cases of SK247.","SK247, fundamentals, implementation, best practices",Mid-size
Q01020,ROLE031,SK248,Explain the fundamentals of skill SK248 for ROLE031.,Beginner,HR,"Candidate should explain concepts, practical applications, advantages, limitations, and industry use cases of SK248.","SK248, fundamentals, implementation, best practices",MNC
Q01021,ROLE031,SK249,Explain the fundamentals of skill SK249 for ROLE031.,Intermediate,Scenario,"Candidate should explain concepts, practical applications, advantages, limitations, and industry use cases of SK249.","SK249, fundamentals, implementation, best practices",FAANG
Q01022,ROLE031,SK250,Explain the fundamentals of skill SK250 for ROLE031.,Advanced,Technical,"Candidate should explain concepts, practical applications, advantages, limitations, and industry use cases of SK250.","SK250, fundamentals, implementation, best practices",Startup
Q01023,ROLE031,SK251,Explain the fundamentals of skill SK251 for ROLE031.,Beginner,Coding,"Candidate should explain concepts, practical applications, advantages, limitations, and industry use cases of SK251.","SK251, fundamentals, implementation, best practices",Mid-size
Q01024,ROLE032,SK226,Explain the fundamentals of skill SK226 for ROLE032.,Intermediate,Coding,"Candidate should explain concepts, practical applications, advantages, limitations, and industry use cases of SK226.","SK226, fundamentals, implementation, best practices",Mid-size
Q01025,ROLE032,SK227,Explain the fundamentals of skill SK227 for ROLE032.,Advanced,HR,"Candidate should explain concepts, practical applications, advantages, limitations, and industry use cases of SK227.","SK227, fundamentals, implementation, best practices",MNC
Q01026,ROLE032,SK228,Explain the fundamentals of skill SK228 for ROLE032.,Beginner,Scenario,"Candidate should explain concepts, practical applications, advantages, limitations, and industry use cases of SK228.","SK228, fundamentals, implementation, best practices",FAANG
Q01027,ROLE032,SK229,Explain the fundamentals of skill SK229 for ROLE032.,Intermediate,Technical,"Candidate should explain concepts, practical applications, advantages, limitations, and industry use cases of SK229.","SK229, fundamentals, implementation, best practices",Startup
Q01028,ROLE032,SK230,Explain the fundamentals of skill SK230 for ROLE032.,Advanced,Coding,"Candidate should explain concepts, practical applications, advantages, limitations, and industry use cases of SK230.","SK230, fundamentals, implementation, best practices",Mid-size
Q01029,ROLE032,SK231,Explain the fundamentals of skill SK231 for ROLE032.,Beginner,HR,"Candidate should explain concepts, practical applications, advantages, limitations, and industry use cases of SK231.","SK231, fundamentals, implementation, best practices",MNC
Q01030,ROLE032,SK232,Explain the fundamentals of skill SK232 for ROLE032.,Intermediate,Scenario,"Candidate should explain concepts, practical applications, advantages, limitations, and industry use cases of SK232.","SK232, fundamentals, implementation, best practices",FAANG
Q01031,ROLE032,SK233,Explain the fundamentals of skill SK233 for ROLE032.,Advanced,Technical,"Candidate should explain concepts, practical applications, advantages, limitations, and industry use cases of SK233.","SK233, fundamentals, implementation, best practices",Startup
Q01032,ROLE032,SK234,Explain the fundamentals of skill SK234 for ROLE032.,Beginner,Coding,"Candidate should explain concepts, practical applications, advantages, limitations, and industry use cases of SK234.","SK234, fundamentals, implementation, best practices",Mid-size
Q01033,ROLE032,SK235,Explain the fundamentals of skill SK235 for ROLE032.,Intermediate,HR,"Candidate should explain concepts, practical applications, advantages, limitations, and industry use cases of SK235.","SK235, fundamentals, implementation, best practices",MNC
Q01034,ROLE032,SK236,Explain the fundamentals of skill SK236 for ROLE032.,Advanced,Scenario,"Candidate should explain concepts, practical applications, advantages, limitations, and industry use cases of SK236.","SK236, fundamentals, implementation, best practices",FAANG
Q01035,ROLE032,SK237,Explain the fundamentals of skill SK237 for ROLE032.,Beginner,Technical,"Candidate should explain concepts, practical applications, advantages, limitations, and industry use cases of SK237.","SK237, fundamentals, implementation, best practices",Startup
Q01036,ROLE032,SK238,Explain the fundamentals of skill SK238 for ROLE032.,Intermediate,Coding,"Candidate should explain concepts, practical applications, advantages, limitations, and industry use cases of SK238.","SK238, fundamentals, implementation, best practices",Mid-size
Q01037,ROLE032,SK239,Explain the fundamentals of skill SK239 for ROLE032.,Advanced,HR,"Candidate should explain concepts, practical applications, advantages, limitations, and industry use cases of SK239.","SK239, fundamentals, implementation, best practices",MNC
Q01038,ROLE032,SK240,Explain the fundamentals of skill SK240 for ROLE032.,Beginner,Scenario,"Candidate should explain concepts, practical applications, advantages, limitations, and industry use cases of SK240.","SK240, fundamentals, implementation, best practices",FAANG
Q01039,ROLE032,SK241,Explain the fundamentals of skill SK241 for ROLE032.,Intermediate,Technical,"Candidate should explain concepts, practical applications, advantages, limitations, and industry use cases of SK241.","SK241, fundamentals, implementation, best practices",Startup
Q01040,ROLE032,SK242,Explain the fundamentals of skill SK242 for ROLE032.,Advanced,Coding,"Candidate should explain concepts, practical applications, advantages, limitations, and industry use cases of SK242.","SK242, fundamentals, implementation, best practices",Mid-size
Q01041,ROLE032,SK243,Explain the fundamentals of skill SK243 for ROLE032.,Beginner,HR,"Candidate should explain concepts, practical applications, advantages, limitations, and industry use cases of SK243.","SK243, fundamentals, implementation, best practices",MNC
Q01042,ROLE032,SK244,Explain the fundamentals of skill SK244 for ROLE032.,Intermediate,Scenario,"Candidate should explain concepts, practical applications, advantages, limitations, and industry use cases of SK244.","SK244, fundamentals, implementation, best practices",FAANG
Q01043,ROLE032,SK245,Explain the fundamentals of skill SK245 for ROLE032.,Advanced,Technical,"Candidate should explain concepts, practical applications, advantages, limitations, and industry use cases of SK245.","SK245, fundamentals, implementation, best practices",Startup
Q01044,ROLE032,SK246,Explain the fundamentals of skill SK246 for ROLE032.,Beginner,Coding,"Candidate should explain concepts, practical applications, advantages, limitations, and industry use cases of SK246.","SK246, fundamentals, implementation, best practices",Mid-size
Q01045,ROLE032,SK247,Explain the fundamentals of skill SK247 for ROLE032.,Intermediate,HR,"Candidate should explain concepts, practical applications, advantages, limitations, and industry use cases of SK247.","SK247, fundamentals, implementation, best practices",MNC
Q01046,ROLE032,SK248,Explain the fundamentals of skill SK248 for ROLE032.,Advanced,Scenario,"Candidate should explain concepts, practical applications, advantages, limitations, and industry use cases of SK248.","SK248, fundamentals, implementation, best practices",FAANG
Q01047,ROLE032,SK249,Explain the fundamentals of skill SK249 for ROLE032.,Beginner,Technical,"Candidate should explain concepts, practical applications, advantages, limitations, and industry use cases of SK249.","SK249, fundamentals, implementation, best practices",Startup
Q01048,ROLE032,SK250,Explain the fundamentals of skill SK250 for ROLE032.,Intermediate,Coding,"Candidate should explain concepts, practical applications, advantages, limitations, and industry use cases of SK250.","SK250, fundamentals, implementation, best practices",Mid-size
Q01049,ROLE032,SK251,Explain the fundamentals of skill SK251 for ROLE032.,Advanced,HR,"Candidate should explain concepts, practical applications, advantages, limitations, and industry use cases of SK251.","SK251, fundamentals, implementation, best practices",MNC
Q01050,ROLE032,SK252,Explain the fundamentals of skill SK252 for ROLE032.,Beginner,Scenario,"Candidate should explain concepts, practical applications, advantages, limitations, and industry use cases of SK252.","SK252, fundamentals, implementation, best practices",FAANG
Q01051,ROLE032,SK253,Explain the fundamentals of skill SK253 for ROLE032.,Intermediate,Technical,"Candidate should explain concepts, practical applications, advantages, limitations, and industry use cases of SK253.","SK253, fundamentals, implementation, best practices",Startup
Q01052,ROLE032,SK254,Explain the fundamentals of skill SK254 for ROLE032.,Advanced,Coding,"Candidate should explain concepts, practical applications, advantages, limitations, and industry use cases of SK254.","SK254, fundamentals, implementation, best practices",Mid-size
Q01053,ROLE032,SK255,Explain the fundamentals of skill SK255 for ROLE032.,Beginner,HR,"Candidate should explain concepts, practical applications, advantages, limitations, and industry use cases of SK255.","SK255, fundamentals, implementation, best practices",MNC
Q01054,ROLE032,SK256,Explain the fundamentals of skill SK256 for ROLE032.,Intermediate,Scenario,"Candidate should explain concepts, practical applications, advantages, limitations, and industry use cases of SK256.","SK256, fundamentals, implementation, best practices",FAANG
Q01055,ROLE032,SK257,Explain the fundamentals of skill SK257 for ROLE032.,Advanced,Technical,"Candidate should explain concepts, practical applications, advantages, limitations, and industry use cases of SK257.","SK257, fundamentals, implementation, best practices",Startup
Q01056,ROLE032,SK258,Explain the fundamentals of skill SK258 for ROLE032.,Beginner,Coding,"Candidate should explain concepts, practical applications, advantages, limitations, and industry use cases of SK258.","SK258, fundamentals, implementation, best practices",Mid-size
Q01057,ROLE033,SK233,Explain the fundamentals of skill SK233 for ROLE033.,Intermediate,Coding,"Candidate should explain concepts, practical applications, advantages, limitations, and industry use cases of SK233.","SK233, fundamentals, implementation, best practices",Mid-size
Q01058,ROLE033,SK234,Explain the fundamentals of skill SK234 for ROLE033.,Advanced,HR,"Candidate should explain concepts, practical applications, advantages, limitations, and industry use cases of SK234.","SK234, fundamentals, implementation, best practices",MNC
Q01059,ROLE033,SK235,Explain the fundamentals of skill SK235 for ROLE033.,Beginner,Scenario,"Candidate should explain concepts, practical applications, advantages, limitations, and industry use cases of SK235.","SK235, fundamentals, implementation, best practices",FAANG
Q01060,ROLE033,SK236,Explain the fundamentals of skill SK236 for ROLE033.,Intermediate,Technical,"Candidate should explain concepts, practical applications, advantages, limitations, and industry use cases of SK236.","SK236, fundamentals, implementation, best practices",Startup
Q01061,ROLE033,SK237,Explain the fundamentals of skill SK237 for ROLE033.,Advanced,Coding,"Candidate should explain concepts, practical applications, advantages, limitations, and industry use cases of SK237.","SK237, fundamentals, implementation, best practices",Mid-size
Q01062,ROLE033,SK238,Explain the fundamentals of skill SK238 for ROLE033.,Beginner,HR,"Candidate should explain concepts, practical applications, advantages, limitations, and industry use cases of SK238.","SK238, fundamentals, implementation, best practices",MNC
Q01063,ROLE033,SK239,Explain the fundamentals of skill SK239 for ROLE033.,Intermediate,Scenario,"Candidate should explain concepts, practical applications, advantages, limitations, and industry use cases of SK239.","SK239, fundamentals, implementation, best practices",FAANG
Q01064,ROLE033,SK240,Explain the fundamentals of skill SK240 for ROLE033.,Advanced,Technical,"Candidate should explain concepts, practical applications, advantages, limitations, and industry use cases of SK240.","SK240, fundamentals, implementation, best practices",Startup
Q01065,ROLE033,SK241,Explain the fundamentals of skill SK241 for ROLE033.,Beginner,Coding,"Candidate should explain concepts, practical applications, advantages, limitations, and industry use cases of SK241.","SK241, fundamentals, implementation, best practices",Mid-size
Q01066,ROLE033,SK242,Explain the fundamentals of skill SK242 for ROLE033.,Intermediate,HR,"Candidate should explain concepts, practical applications, advantages, limitations, and industry use cases of SK242.","SK242, fundamentals, implementation, best practices",MNC
Q01067,ROLE033,SK243,Explain the fundamentals of skill SK243 for ROLE033.,Advanced,Scenario,"Candidate should explain concepts, practical applications, advantages, limitations, and industry use cases of SK243.","SK243, fundamentals, implementation, best practices",FAANG
Q01068,ROLE033,SK244,Explain the fundamentals of skill SK244 for ROLE033.,Beginner,Technical,"Candidate should explain concepts, practical applications, advantages, limitations, and industry use cases of SK244.","SK244, fundamentals, implementation, best practices",Startup
Q01069,ROLE033,SK245,Explain the fundamentals of skill SK245 for ROLE033.,Intermediate,Coding,"Candidate should explain concepts, practical applications, advantages, limitations, and industry use cases of SK245.","SK245, fundamentals, implementation, best practices",Mid-size
Q01070,ROLE033,SK246,Explain the fundamentals of skill SK246 for ROLE033.,Advanced,HR,"Candidate should explain concepts, practical applications, advantages, limitations, and industry use cases of SK246.","SK246, fundamentals, implementation, best practices",MNC
Q01071,ROLE033,SK247,Explain the fundamentals of skill SK247 for ROLE033.,Beginner,Scenario,"Candidate should explain concepts, practical applications, advantages, limitations, and industry use cases of SK247.","SK247, fundamentals, implementation, best practices",FAANG
Q01072,ROLE033,SK248,Explain the fundamentals of skill SK248 for ROLE033.,Intermediate,Technical,"Candidate should explain concepts, practical applications, advantages, limitations, and industry use cases of SK248.","SK248, fundamentals, implementation, best practices",Startup
Q01073,ROLE033,SK249,Explain the fundamentals of skill SK249 for ROLE033.,Advanced,Coding,"Candidate should explain concepts, practical applications, advantages, limitations, and industry use cases of SK249.","SK249, fundamentals, implementation, best practices",Mid-size
Q01074,ROLE033,SK250,Explain the fundamentals of skill SK250 for ROLE033.,Beginner,HR,"Candidate should explain concepts, practical applications, advantages, limitations, and industry use cases of SK250.","SK250, fundamentals, implementation, best practices",MNC
Q01075,ROLE033,SK251,Explain the fundamentals of skill SK251 for ROLE033.,Intermediate,Scenario,"Candidate should explain concepts, practical applications, advantages, limitations, and industry use cases of SK251.","SK251, fundamentals, implementation, best practices",FAANG
Q01076,ROLE033,SK252,Explain the fundamentals of skill SK252 for ROLE033.,Advanced,Technical,"Candidate should explain concepts, practical applications, advantages, limitations, and industry use cases of SK252.","SK252, fundamentals, implementation, best practices",Startup
Q01077,ROLE033,SK253,Explain the fundamentals of skill SK253 for ROLE033.,Beginner,Coding,"Candidate should explain concepts, practical applications, advantages, limitations, and industry use cases of SK253.","SK253, fundamentals, implementation, best practices",Mid-size
Q01078,ROLE033,SK254,Explain the fundamentals of skill SK254 for ROLE033.,Intermediate,HR,"Candidate should explain concepts, practical applications, advantages, limitations, and industry use cases of SK254.","SK254, fundamentals, implementation, best practices",MNC
Q01079,ROLE033,SK255,Explain the fundamentals of skill SK255 for ROLE033.,Advanced,Scenario,"Candidate should explain concepts, practical applications, advantages, limitations, and industry use cases of SK255.","SK255, fundamentals, implementation, best practices",FAANG
Q01080,ROLE033,SK256,Explain the fundamentals of skill SK256 for ROLE033.,Beginner,Technical,"Candidate should explain concepts, practical applications, advantages, limitations, and industry use cases of SK256.","SK256, fundamentals, implementation, best practices",Startup
Q01081,ROLE033,SK257,Explain the fundamentals of skill SK257 for ROLE033.,Intermediate,Coding,"Candidate should explain concepts, practical applications, advantages, limitations, and industry use cases of SK257.","SK257, fundamentals, implementation, best practices",Mid-size
Q01082,ROLE033,SK258,Explain the fundamentals of skill SK258 for ROLE033.,Advanced,HR,"Candidate should explain concepts, practical applications, advantages, limitations, and industry use cases of SK258.","SK258, fundamentals, implementation, best practices",MNC
Q01083,ROLE033,SK259,Explain the fundamentals of skill SK259 for ROLE033.,Beginner,Scenario,"Candidate should explain concepts, practical applications, advantages, limitations, and industry use cases of SK259.","SK259, fundamentals, implementation, best practices",FAANG
Q01084,ROLE033,SK260,Explain the fundamentals of skill SK260 for ROLE033.,Intermediate,Technical,"Candidate should explain concepts, practical applications, advantages, limitations, and industry use cases of SK260.","SK260, fundamentals, implementation, best practices",Startup
Q01085,ROLE033,SK261,Explain the fundamentals of skill SK261 for ROLE033.,Advanced,Coding,"Candidate should explain concepts, practical applications, advantages, limitations, and industry use cases of SK261.","SK261, fundamentals, implementation, best practices",Mid-size
Q01086,ROLE033,SK262,Explain the fundamentals of skill SK262 for ROLE033.,Beginner,HR,"Candidate should explain concepts, practical applications, advantages, limitations, and industry use cases of SK262.","SK262, fundamentals, implementation, best practices",MNC
Q01087,ROLE033,SK263,Explain the fundamentals of skill SK263 for ROLE033.,Intermediate,Scenario,"Candidate should explain concepts, practical applications, advantages, limitations, and industry use cases of SK263.","SK263, fundamentals, implementation, best practices",FAANG
Q01088,ROLE033,SK264,Explain the fundamentals of skill SK264 for ROLE033.,Advanced,Technical,"Candidate should explain concepts, practical applications, advantages, limitations, and industry use cases of SK264.","SK264, fundamentals, implementation, best practices",Startup
Q01089,ROLE033,SK265,Explain the fundamentals of skill SK265 for ROLE033.,Beginner,Coding,"Candidate should explain concepts, practical applications, advantages, limitations, and industry use cases of SK265.","SK265, fundamentals, implementation, best practices",Mid-size
Q01090,ROLE034,SK240,Explain the fundamentals of skill SK240 for ROLE034.,Intermediate,Coding,"Candidate should explain concepts, practical applications, advantages, limitations, and industry use cases of SK240.","SK240, fundamentals, implementation, best practices",Mid-size
Q01091,ROLE034,SK241,Explain the fundamentals of skill SK241 for ROLE034.,Advanced,HR,"Candidate should explain concepts, practical applications, advantages, limitations, and industry use cases of SK241.","SK241, fundamentals, implementation, best practices",MNC
Q01092,ROLE034,SK242,Explain the fundamentals of skill SK242 for ROLE034.,Beginner,Scenario,"Candidate should explain concepts, practical applications, advantages, limitations, and industry use cases of SK242.","SK242, fundamentals, implementation, best practices",FAANG
Q01093,ROLE034,SK243,Explain the fundamentals of skill SK243 for ROLE034.,Intermediate,Technical,"Candidate should explain concepts, practical applications, advantages, limitations, and industry use cases of SK243.","SK243, fundamentals, implementation, best practices",Startup
Q01094,ROLE034,SK244,Explain the fundamentals of skill SK244 for ROLE034.,Advanced,Coding,"Candidate should explain concepts, practical applications, advantages, limitations, and industry use cases of SK244.","SK244, fundamentals, implementation, best practices",Mid-size
Q01095,ROLE034,SK245,Explain the fundamentals of skill SK245 for ROLE034.,Beginner,HR,"Candidate should explain concepts, practical applications, advantages, limitations, and industry use cases of SK245.","SK245, fundamentals, implementation, best practices",MNC
Q01096,ROLE034,SK246,Explain the fundamentals of skill SK246 for ROLE034.,Intermediate,Scenario,"Candidate should explain concepts, practical applications, advantages, limitations, and industry use cases of SK246.","SK246, fundamentals, implementation, best practices",FAANG
Q01097,ROLE034,SK247,Explain the fundamentals of skill SK247 for ROLE034.,Advanced,Technical,"Candidate should explain concepts, practical applications, advantages, limitations, and industry use cases of SK247.","SK247, fundamentals, implementation, best practices",Startup
Q01098,ROLE034,SK248,Explain the fundamentals of skill SK248 for ROLE034.,Beginner,Coding,"Candidate should explain concepts, practical applications, advantages, limitations, and industry use cases of SK248.","SK248, fundamentals, implementation, best practices",Mid-size
Q01099,ROLE034,SK249,Explain the fundamentals of skill SK249 for ROLE034.,Intermediate,HR,"Candidate should explain concepts, practical applications, advantages, limitations, and industry use cases of SK249.","SK249, fundamentals, implementation, best practices",MNC
Q01100,ROLE034,SK250,Explain the fundamentals of skill SK250 for ROLE034.,Advanced,Scenario,"Candidate should explain concepts, practical applications, advantages, limitations, and industry use cases of SK250.","SK250, fundamentals, implementation, best practices",FAANG
Q01101,ROLE034,SK251,Explain the fundamentals of skill SK251 for ROLE034.,Beginner,Technical,"Candidate should explain concepts, practical applications, advantages, limitations, and industry use cases of SK251.","SK251, fundamentals, implementation, best practices",Startup
Q01102,ROLE034,SK252,Explain the fundamentals of skill SK252 for ROLE034.,Intermediate,Coding,"Candidate should explain concepts, practical applications, advantages, limitations, and industry use cases of SK252.","SK252, fundamentals, implementation, best practices",Mid-size
Q01103,ROLE034,SK253,Explain the fundamentals of skill SK253 for ROLE034.,Advanced,HR,"Candidate should explain concepts, practical applications, advantages, limitations, and industry use cases of SK253.","SK253, fundamentals, implementation, best practices",MNC
Q01104,ROLE034,SK254,Explain the fundamentals of skill SK254 for ROLE034.,Beginner,Scenario,"Candidate should explain concepts, practical applications, advantages, limitations, and industry use cases of SK254.","SK254, fundamentals, implementation, best practices",FAANG
Q01105,ROLE034,SK255,Explain the fundamentals of skill SK255 for ROLE034.,Intermediate,Technical,"Candidate should explain concepts, practical applications, advantages, limitations, and industry use cases of SK255.","SK255, fundamentals, implementation, best practices",Startup
Q01106,ROLE034,SK256,Explain the fundamentals of skill SK256 for ROLE034.,Advanced,Coding,"Candidate should explain concepts, practical applications, advantages, limitations, and industry use cases of SK256.","SK256, fundamentals, implementation, best practices",Mid-size
Q01107,ROLE034,SK257,Explain the fundamentals of skill SK257 for ROLE034.,Beginner,HR,"Candidate should explain concepts, practical applications, advantages, limitations, and industry use cases of SK257.","SK257, fundamentals, implementation, best practices",MNC
Q01108,ROLE034,SK258,Explain the fundamentals of skill SK258 for ROLE034.,Intermediate,Scenario,"Candidate should explain concepts, practical applications, advantages, limitations, and industry use cases of SK258.","SK258, fundamentals, implementation, best practices",FAANG
Q01109,ROLE034,SK259,Explain the fundamentals of skill SK259 for ROLE034.,Advanced,Technical,"Candidate should explain concepts, practical applications, advantages, limitations, and industry use cases of SK259.","SK259, fundamentals, implementation, best practices",Startup
Q01110,ROLE034,SK260,Explain the fundamentals of skill SK260 for ROLE034.,Beginner,Coding,"Candidate should explain concepts, practical applications, advantages, limitations, and industry use cases of SK260.","SK260, fundamentals, implementation, best practices",Mid-size
Q01111,ROLE034,SK261,Explain the fundamentals of skill SK261 for ROLE034.,Intermediate,HR,"Candidate should explain concepts, practical applications, advantages, limitations, and industry use cases of SK261.","SK261, fundamentals, implementation, best practices",MNC
Q01112,ROLE034,SK262,Explain the fundamentals of skill SK262 for ROLE034.,Advanced,Scenario,"Candidate should explain concepts, practical applications, advantages, limitations, and industry use cases of SK262.","SK262, fundamentals, implementation, best practices",FAANG
Q01113,ROLE034,SK263,Explain the fundamentals of skill SK263 for ROLE034.,Beginner,Technical,"Candidate should explain concepts, practical applications, advantages, limitations, and industry use cases of SK263.","SK263, fundamentals, implementation, best practices",Startup
Q01114,ROLE034,SK264,Explain the fundamentals of skill SK264 for ROLE034.,Intermediate,Coding,"Candidate should explain concepts, practical applications, advantages, limitations, and industry use cases of SK264.","SK264, fundamentals, implementation, best practices",Mid-size
Q01115,ROLE034,SK265,Explain the fundamentals of skill SK265 for ROLE034.,Advanced,HR,"Candidate should explain concepts, practical applications, advantages, limitations, and industry use cases of SK265.","SK265, fundamentals, implementation, best practices",MNC
Q01116,ROLE034,SK266,Explain the fundamentals of skill SK266 for ROLE034.,Beginner,Scenario,"Candidate should explain concepts, practical applications, advantages, limitations, and industry use cases of SK266.","SK266, fundamentals, implementation, best practices",FAANG
Q01117,ROLE034,SK267,Explain the fundamentals of skill SK267 for ROLE034.,Intermediate,Technical,"Candidate should explain concepts, practical applications, advantages, limitations, and industry use cases of SK267.","SK267, fundamentals, implementation, best practices",Startup
Q01118,ROLE034,SK268,Explain the fundamentals of skill SK268 for ROLE034.,Advanced,Coding,"Candidate should explain concepts, practical applications, advantages, limitations, and industry use cases of SK268.","SK268, fundamentals, implementation, best practices",Mid-size
Q01119,ROLE034,SK269,Explain the fundamentals of skill SK269 for ROLE034.,Beginner,HR,"Candidate should explain concepts, practical applications, advantages, limitations, and industry use cases of SK269.","SK269, fundamentals, implementation, best practices",MNC
Q01120,ROLE034,SK270,Explain the fundamentals of skill SK270 for ROLE034.,Intermediate,Scenario,"Candidate should explain concepts, practical applications, advantages, limitations, and industry use cases of SK270.","SK270, fundamentals, implementation, best practices",FAANG
Q01121,ROLE034,SK271,Explain the fundamentals of skill SK271 for ROLE034.,Advanced,Technical,"Candidate should explain concepts, practical applications, advantages, limitations, and industry use cases of SK271.","SK271, fundamentals, implementation, best practices",Startup
Q01122,ROLE034,SK272,Explain the fundamentals of skill SK272 for ROLE034.,Beginner,Coding,"Candidate should explain concepts, practical applications, advantages, limitations, and industry use cases of SK272.","SK272, fundamentals, implementation, best practices",Mid-size
Q01123,ROLE035,SK247,Explain the fundamentals of skill SK247 for ROLE035.,Intermediate,Coding,"Candidate should explain concepts, practical applications, advantages, limitations, and industry use cases of SK247.","SK247, fundamentals, implementation, best practices",Mid-size
Q01124,ROLE035,SK248,Explain the fundamentals of skill SK248 for ROLE035.,Advanced,HR,"Candidate should explain concepts, practical applications, advantages, limitations, and industry use cases of SK248.","SK248, fundamentals, implementation, best practices",MNC
Q01125,ROLE035,SK249,Explain the fundamentals of skill SK249 for ROLE035.,Beginner,Scenario,"Candidate should explain concepts, practical applications, advantages, limitations, and industry use cases of SK249.","SK249, fundamentals, implementation, best practices",FAANG
Q01126,ROLE035,SK250,Explain the fundamentals of skill SK250 for ROLE035.,Intermediate,Technical,"Candidate should explain concepts, practical applications, advantages, limitations, and industry use cases of SK250.","SK250, fundamentals, implementation, best practices",Startup
Q01127,ROLE035,SK251,Explain the fundamentals of skill SK251 for ROLE035.,Advanced,Coding,"Candidate should explain concepts, practical applications, advantages, limitations, and industry use cases of SK251.","SK251, fundamentals, implementation, best practices",Mid-size
Q01128,ROLE035,SK252,Explain the fundamentals of skill SK252 for ROLE035.,Beginner,HR,"Candidate should explain concepts, practical applications, advantages, limitations, and industry use cases of SK252.","SK252, fundamentals, implementation, best practices",MNC
Q01129,ROLE035,SK253,Explain the fundamentals of skill SK253 for ROLE035.,Intermediate,Scenario,"Candidate should explain concepts, practical applications, advantages, limitations, and industry use cases of SK253.","SK253, fundamentals, implementation, best practices",FAANG
Q01130,ROLE035,SK254,Explain the fundamentals of skill SK254 for ROLE035.,Advanced,Technical,"Candidate should explain concepts, practical applications, advantages, limitations, and industry use cases of SK254.","SK254, fundamentals, implementation, best practices",Startup
Q01131,ROLE035,SK255,Explain the fundamentals of skill SK255 for ROLE035.,Beginner,Coding,"Candidate should explain concepts, practical applications, advantages, limitations, and industry use cases of SK255.","SK255, fundamentals, implementation, best practices",Mid-size
Q01132,ROLE035,SK256,Explain the fundamentals of skill SK256 for ROLE035.,Intermediate,HR,"Candidate should explain concepts, practical applications, advantages, limitations, and industry use cases of SK256.","SK256, fundamentals, implementation, best practices",MNC
Q01133,ROLE035,SK257,Explain the fundamentals of skill SK257 for ROLE035.,Advanced,Scenario,"Candidate should explain concepts, practical applications, advantages, limitations, and industry use cases of SK257.","SK257, fundamentals, implementation, best practices",FAANG
Q01134,ROLE035,SK258,Explain the fundamentals of skill SK258 for ROLE035.,Beginner,Technical,"Candidate should explain concepts, practical applications, advantages, limitations, and industry use cases of SK258.","SK258, fundamentals, implementation, best practices",Startup
Q01135,ROLE035,SK259,Explain the fundamentals of skill SK259 for ROLE035.,Intermediate,Coding,"Candidate should explain concepts, practical applications, advantages, limitations, and industry use cases of SK259.","SK259, fundamentals, implementation, best practices",Mid-size
Q01136,ROLE035,SK260,Explain the fundamentals of skill SK260 for ROLE035.,Advanced,HR,"Candidate should explain concepts, practical applications, advantages, limitations, and industry use cases of SK260.","SK260, fundamentals, implementation, best practices",MNC
Q01137,ROLE035,SK261,Explain the fundamentals of skill SK261 for ROLE035.,Beginner,Scenario,"Candidate should explain concepts, practical applications, advantages, limitations, and industry use cases of SK261.","SK261, fundamentals, implementation, best practices",FAANG
Q01138,ROLE035,SK262,Explain the fundamentals of skill SK262 for ROLE035.,Intermediate,Technical,"Candidate should explain concepts, practical applications, advantages, limitations, and industry use cases of SK262.","SK262, fundamentals, implementation, best practices",Startup
Q01139,ROLE035,SK263,Explain the fundamentals of skill SK263 for ROLE035.,Advanced,Coding,"Candidate should explain concepts, practical applications, advantages, limitations, and industry use cases of SK263.","SK263, fundamentals, implementation, best practices",Mid-size
Q01140,ROLE035,SK264,Explain the fundamentals of skill SK264 for ROLE035.,Beginner,HR,"Candidate should explain concepts, practical applications, advantages, limitations, and industry use cases of SK264.","SK264, fundamentals, implementation, best practices",MNC
Q01141,ROLE035,SK265,Explain the fundamentals of skill SK265 for ROLE035.,Intermediate,Scenario,"Candidate should explain concepts, practical applications, advantages, limitations, and industry use cases of SK265.","SK265, fundamentals, implementation, best practices",FAANG
Q01142,ROLE035,SK266,Explain the fundamentals of skill SK266 for ROLE035.,Advanced,Technical,"Candidate should explain concepts, practical applications, advantages, limitations, and industry use cases of SK266.","SK266, fundamentals, implementation, best practices",Startup
Q01143,ROLE035,SK267,Explain the fundamentals of skill SK267 for ROLE035.,Beginner,Coding,"Candidate should explain concepts, practical applications, advantages, limitations, and industry use cases of SK267.","SK267, fundamentals, implementation, best practices",Mid-size
Q01144,ROLE035,SK268,Explain the fundamentals of skill SK268 for ROLE035.,Intermediate,HR,"Candidate should explain concepts, practical applications, advantages, limitations, and industry use cases of SK268.","SK268, fundamentals, implementation, best practices",MNC
Q01145,ROLE035,SK269,Explain the fundamentals of skill SK269 for ROLE035.,Advanced,Scenario,"Candidate should explain concepts, practical applications, advantages, limitations, and industry use cases of SK269.","SK269, fundamentals, implementation, best practices",FAANG
Q01146,ROLE035,SK270,Explain the fundamentals of skill SK270 for ROLE035.,Beginner,Technical,"Candidate should explain concepts, practical applications, advantages, limitations, and industry use cases of SK270.","SK270, fundamentals, implementation, best practices",Startup
Q01147,ROLE035,SK271,Explain the fundamentals of skill SK271 for ROLE035.,Intermediate,Coding,"Candidate should explain concepts, practical applications, advantages, limitations, and industry use cases of SK271.","SK271, fundamentals, implementation, best practices",Mid-size
Q01148,ROLE035,SK272,Explain the fundamentals of skill SK272 for ROLE035.,Advanced,HR,"Candidate should explain concepts, practical applications, advantages, limitations, and industry use cases of SK272.","SK272, fundamentals, implementation, best practices",MNC
Q01149,ROLE035,SK273,Explain the fundamentals of skill SK273 for ROLE035.,Beginner,Scenario,"Candidate should explain concepts, practical applications, advantages, limitations, and industry use cases of SK273.","SK273, fundamentals, implementation, best practices",FAANG
Q01150,ROLE035,SK274,Explain the fundamentals of skill SK274 for ROLE035.,Intermediate,Technical,"Candidate should explain concepts, practical applications, advantages, limitations, and industry use cases of SK274.","SK274, fundamentals, implementation, best practices",Startup
Q01151,ROLE035,SK275,Explain the fundamentals of skill SK275 for ROLE035.,Advanced,Coding,"Candidate should explain concepts, practical applications, advantages, limitations, and industry use cases of SK275.","SK275, fundamentals, implementation, best practices",Mid-size
Q01152,ROLE035,SK276,Explain the fundamentals of skill SK276 for ROLE035.,Beginner,HR,"Candidate should explain concepts, practical applications, advantages, limitations, and industry use cases of SK276.","SK276, fundamentals, implementation, best practices",MNC
Q01153,ROLE035,SK277,Explain the fundamentals of skill SK277 for ROLE035.,Intermediate,Scenario,"Candidate should explain concepts, practical applications, advantages, limitations, and industry use cases of SK277.","SK277, fundamentals, implementation, best practices",FAANG
Q01154,ROLE035,SK278,Explain the fundamentals of skill SK278 for ROLE035.,Advanced,Technical,"Candidate should explain concepts, practical applications, advantages, limitations, and industry use cases of SK278.","SK278, fundamentals, implementation, best practices",Startup
Q01155,ROLE035,SK279,Explain the fundamentals of skill SK279 for ROLE035.,Beginner,Coding,"Candidate should explain concepts, practical applications, advantages, limitations, and industry use cases of SK279.","SK279, fundamentals, implementation, best practices",Mid-size
Q01156,ROLE036,SK254,Explain the fundamentals of skill SK254 for ROLE036.,Intermediate,Coding,"Candidate should explain concepts, practical applications, advantages, limitations, and industry use cases of SK254.","SK254, fundamentals, implementation, best practices",Mid-size
Q01157,ROLE036,SK255,Explain the fundamentals of skill SK255 for ROLE036.,Advanced,HR,"Candidate should explain concepts, practical applications, advantages, limitations, and industry use cases of SK255.","SK255, fundamentals, implementation, best practices",MNC
Q01158,ROLE036,SK256,Explain the fundamentals of skill SK256 for ROLE036.,Beginner,Scenario,"Candidate should explain concepts, practical applications, advantages, limitations, and industry use cases of SK256.","SK256, fundamentals, implementation, best practices",FAANG
Q01159,ROLE036,SK257,Explain the fundamentals of skill SK257 for ROLE036.,Intermediate,Technical,"Candidate should explain concepts, practical applications, advantages, limitations, and industry use cases of SK257.","SK257, fundamentals, implementation, best practices",Startup
Q01160,ROLE036,SK258,Explain the fundamentals of skill SK258 for ROLE036.,Advanced,Coding,"Candidate should explain concepts, practical applications, advantages, limitations, and industry use cases of SK258.","SK258, fundamentals, implementation, best practices",Mid-size
Q01161,ROLE036,SK259,Explain the fundamentals of skill SK259 for ROLE036.,Beginner,HR,"Candidate should explain concepts, practical applications, advantages, limitations, and industry use cases of SK259.","SK259, fundamentals, implementation, best practices",MNC
Q01162,ROLE036,SK260,Explain the fundamentals of skill SK260 for ROLE036.,Intermediate,Scenario,"Candidate should explain concepts, practical applications, advantages, limitations, and industry use cases of SK260.","SK260, fundamentals, implementation, best practices",FAANG
Q01163,ROLE036,SK261,Explain the fundamentals of skill SK261 for ROLE036.,Advanced,Technical,"Candidate should explain concepts, practical applications, advantages, limitations, and industry use cases of SK261.","SK261, fundamentals, implementation, best practices",Startup
Q01164,ROLE036,SK262,Explain the fundamentals of skill SK262 for ROLE036.,Beginner,Coding,"Candidate should explain concepts, practical applications, advantages, limitations, and industry use cases of SK262.","SK262, fundamentals, implementation, best practices",Mid-size
Q01165,ROLE036,SK263,Explain the fundamentals of skill SK263 for ROLE036.,Intermediate,HR,"Candidate should explain concepts, practical applications, advantages, limitations, and industry use cases of SK263.","SK263, fundamentals, implementation, best practices",MNC
Q01166,ROLE036,SK264,Explain the fundamentals of skill SK264 for ROLE036.,Advanced,Scenario,"Candidate should explain concepts, practical applications, advantages, limitations, and industry use cases of SK264.","SK264, fundamentals, implementation, best practices",FAANG
Q01167,ROLE036,SK265,Explain the fundamentals of skill SK265 for ROLE036.,Beginner,Technical,"Candidate should explain concepts, practical applications, advantages, limitations, and industry use cases of SK265.","SK265, fundamentals, implementation, best practices",Startup
Q01168,ROLE036,SK266,Explain the fundamentals of skill SK266 for ROLE036.,Intermediate,Coding,"Candidate should explain concepts, practical applications, advantages, limitations, and industry use cases of SK266.","SK266, fundamentals, implementation, best practices",Mid-size
Q01169,ROLE036,SK267,Explain the fundamentals of skill SK267 for ROLE036.,Advanced,HR,"Candidate should explain concepts, practical applications, advantages, limitations, and industry use cases of SK267.","SK267, fundamentals, implementation, best practices",MNC
Q01170,ROLE036,SK268,Explain the fundamentals of skill SK268 for ROLE036.,Beginner,Scenario,"Candidate should explain concepts, practical applications, advantages, limitations, and industry use cases of SK268.","SK268, fundamentals, implementation, best practices",FAANG
Q01171,ROLE036,SK269,Explain the fundamentals of skill SK269 for ROLE036.,Intermediate,Technical,"Candidate should explain concepts, practical applications, advantages, limitations, and industry use cases of SK269.","SK269, fundamentals, implementation, best practices",Startup
Q01172,ROLE036,SK270,Explain the fundamentals of skill SK270 for ROLE036.,Advanced,Coding,"Candidate should explain concepts, practical applications, advantages, limitations, and industry use cases of SK270.","SK270, fundamentals, implementation, best practices",Mid-size
Q01173,ROLE036,SK271,Explain the fundamentals of skill SK271 for ROLE036.,Beginner,HR,"Candidate should explain concepts, practical applications, advantages, limitations, and industry use cases of SK271.","SK271, fundamentals, implementation, best practices",MNC
Q01174,ROLE036,SK272,Explain the fundamentals of skill SK272 for ROLE036.,Intermediate,Scenario,"Candidate should explain concepts, practical applications, advantages, limitations, and industry use cases of SK272.","SK272, fundamentals, implementation, best practices",FAANG
Q01175,ROLE036,SK273,Explain the fundamentals of skill SK273 for ROLE036.,Advanced,Technical,"Candidate should explain concepts, practical applications, advantages, limitations, and industry use cases of SK273.","SK273, fundamentals, implementation, best practices",Startup
Q01176,ROLE036,SK274,Explain the fundamentals of skill SK274 for ROLE036.,Beginner,Coding,"Candidate should explain concepts, practical applications, advantages, limitations, and industry use cases of SK274.","SK274, fundamentals, implementation, best practices",Mid-size
Q01177,ROLE036,SK275,Explain the fundamentals of skill SK275 for ROLE036.,Intermediate,HR,"Candidate should explain concepts, practical applications, advantages, limitations, and industry use cases of SK275.","SK275, fundamentals, implementation, best practices",MNC
Q01178,ROLE036,SK276,Explain the fundamentals of skill SK276 for ROLE036.,Advanced,Scenario,"Candidate should explain concepts, practical applications, advantages, limitations, and industry use cases of SK276.","SK276, fundamentals, implementation, best practices",FAANG
Q01179,ROLE036,SK277,Explain the fundamentals of skill SK277 for ROLE036.,Beginner,Technical,"Candidate should explain concepts, practical applications, advantages, limitations, and industry use cases of SK277.","SK277, fundamentals, implementation, best practices",Startup
Q01180,ROLE036,SK278,Explain the fundamentals of skill SK278 for ROLE036.,Intermediate,Coding,"Candidate should explain concepts, practical applications, advantages, limitations, and industry use cases of SK278.","SK278, fundamentals, implementation, best practices",Mid-size
Q01181,ROLE036,SK279,Explain the fundamentals of skill SK279 for ROLE036.,Advanced,HR,"Candidate should explain concepts, practical applications, advantages, limitations, and industry use cases of SK279.","SK279, fundamentals, implementation, best practices",MNC
Q01182,ROLE036,SK001,Explain the fundamentals of skill SK001 for ROLE036.,Beginner,Scenario,"Candidate should explain concepts, practical applications, advantages, limitations, and industry use cases of SK001.","SK001, fundamentals, implementation, best practices",FAANG
Q01183,ROLE036,SK002,Explain the fundamentals of skill SK002 for ROLE036.,Intermediate,Technical,"Candidate should explain concepts, practical applications, advantages, limitations, and industry use cases of SK002.","SK002, fundamentals, implementation, best practices",Startup
Q01184,ROLE036,SK003,Explain the fundamentals of skill SK003 for ROLE036.,Advanced,Coding,"Candidate should explain concepts, practical applications, advantages, limitations, and industry use cases of SK003.","SK003, fundamentals, implementation, best practices",Mid-size
Q01185,ROLE036,SK004,Explain the fundamentals of skill SK004 for ROLE036.,Beginner,HR,"Candidate should explain concepts, practical applications, advantages, limitations, and industry use cases of SK004.","SK004, fundamentals, implementation, best practices",MNC
Q01186,ROLE036,SK005,Explain the fundamentals of skill SK005 for ROLE036.,Intermediate,Scenario,"Candidate should explain concepts, practical applications, advantages, limitations, and industry use cases of SK005.","SK005, fundamentals, implementation, best practices",FAANG
Q01187,ROLE036,SK006,Explain the fundamentals of skill SK006 for ROLE036.,Advanced,Technical,"Candidate should explain concepts, practical applications, advantages, limitations, and industry use cases of SK006.","SK006, fundamentals, implementation, best practices",Startup
Q01188,ROLE036,SK007,Explain the fundamentals of skill SK007 for ROLE036.,Beginner,Coding,"Candidate should explain concepts, practical applications, advantages, limitations, and industry use cases of SK007.","SK007, fundamentals, implementation, best practices",Mid-size
Q01189,ROLE037,SK261,Explain the fundamentals of skill SK261 for ROLE037.,Intermediate,Coding,"Candidate should explain concepts, practical applications, advantages, limitations, and industry use cases of SK261.","SK261, fundamentals, implementation, best practices",Mid-size
Q01190,ROLE037,SK262,Explain the fundamentals of skill SK262 for ROLE037.,Advanced,HR,"Candidate should explain concepts, practical applications, advantages, limitations, and industry use cases of SK262.","SK262, fundamentals, implementation, best practices",MNC
Q01191,ROLE037,SK263,Explain the fundamentals of skill SK263 for ROLE037.,Beginner,Scenario,"Candidate should explain concepts, practical applications, advantages, limitations, and industry use cases of SK263.","SK263, fundamentals, implementation, best practices",FAANG
Q01192,ROLE037,SK264,Explain the fundamentals of skill SK264 for ROLE037.,Intermediate,Technical,"Candidate should explain concepts, practical applications, advantages, limitations, and industry use cases of SK264.","SK264, fundamentals, implementation, best practices",Startup
Q01193,ROLE037,SK265,Explain the fundamentals of skill SK265 for ROLE037.,Advanced,Coding,"Candidate should explain concepts, practical applications, advantages, limitations, and industry use cases of SK265.","SK265, fundamentals, implementation, best practices",Mid-size
Q01194,ROLE037,SK266,Explain the fundamentals of skill SK266 for ROLE037.,Beginner,HR,"Candidate should explain concepts, practical applications, advantages, limitations, and industry use cases of SK266.","SK266, fundamentals, implementation, best practices",MNC
Q01195,ROLE037,SK267,Explain the fundamentals of skill SK267 for ROLE037.,Intermediate,Scenario,"Candidate should explain concepts, practical applications, advantages, limitations, and industry use cases of SK267.","SK267, fundamentals, implementation, best practices",FAANG
Q01196,ROLE037,SK268,Explain the fundamentals of skill SK268 for ROLE037.,Advanced,Technical,"Candidate should explain concepts, practical applications, advantages, limitations, and industry use cases of SK268.","SK268, fundamentals, implementation, best practices",Startup
Q01197,ROLE037,SK269,Explain the fundamentals of skill SK269 for ROLE037.,Beginner,Coding,"Candidate should explain concepts, practical applications, advantages, limitations, and industry use cases of SK269.","SK269, fundamentals, implementation, best practices",Mid-size
Q01198,ROLE037,SK270,Explain the fundamentals of skill SK270 for ROLE037.,Intermediate,HR,"Candidate should explain concepts, practical applications, advantages, limitations, and industry use cases of SK270.","SK270, fundamentals, implementation, best practices",MNC
Q01199,ROLE037,SK271,Explain the fundamentals of skill SK271 for ROLE037.,Advanced,Scenario,"Candidate should explain concepts, practical applications, advantages, limitations, and industry use cases of SK271.","SK271, fundamentals, implementation, best practices",FAANG
Q01200,ROLE037,SK272,Explain the fundamentals of skill SK272 for ROLE037.,Beginner,Technical,"Candidate should explain concepts, practical applications, advantages, limitations, and industry use cases of SK272.","SK272, fundamentals, implementation, best practices",Startup
Q01201,ROLE037,SK273,Explain the fundamentals of skill SK273 for ROLE037.,Intermediate,Coding,"Candidate should explain concepts, practical applications, advantages, limitations, and industry use cases of SK273.","SK273, fundamentals, implementation, best practices",Mid-size
Q01202,ROLE037,SK274,Explain the fundamentals of skill SK274 for ROLE037.,Advanced,HR,"Candidate should explain concepts, practical applications, advantages, limitations, and industry use cases of SK274.","SK274, fundamentals, implementation, best practices",MNC
Q01203,ROLE037,SK275,Explain the fundamentals of skill SK275 for ROLE037.,Beginner,Scenario,"Candidate should explain concepts, practical applications, advantages, limitations, and industry use cases of SK275.","SK275, fundamentals, implementation, best practices",FAANG
Q01204,ROLE037,SK276,Explain the fundamentals of skill SK276 for ROLE037.,Intermediate,Technical,"Candidate should explain concepts, practical applications, advantages, limitations, and industry use cases of SK276.","SK276, fundamentals, implementation, best practices",Startup
Q01205,ROLE037,SK277,Explain the fundamentals of skill SK277 for ROLE037.,Advanced,Coding,"Candidate should explain concepts, practical applications, advantages, limitations, and industry use cases of SK277.","SK277, fundamentals, implementation, best practices",Mid-size
Q01206,ROLE037,SK278,Explain the fundamentals of skill SK278 for ROLE037.,Beginner,HR,"Candidate should explain concepts, practical applications, advantages, limitations, and industry use cases of SK278.","SK278, fundamentals, implementation, best practices",MNC
Q01207,ROLE037,SK279,Explain the fundamentals of skill SK279 for ROLE037.,Intermediate,Scenario,"Candidate should explain concepts, practical applications, advantages, limitations, and industry use cases of SK279.","SK279, fundamentals, implementation, best practices",FAANG
Q01208,ROLE037,SK001,Explain the fundamentals of skill SK001 for ROLE037.,Advanced,Technical,"Candidate should explain concepts, practical applications, advantages, limitations, and industry use cases of SK001.","SK001, fundamentals, implementation, best practices",Startup
Q01209,ROLE037,SK002,Explain the fundamentals of skill SK002 for ROLE037.,Beginner,Coding,"Candidate should explain concepts, practical applications, advantages, limitations, and industry use cases of SK002.","SK002, fundamentals, implementation, best practices",Mid-size
Q01210,ROLE037,SK003,Explain the fundamentals of skill SK003 for ROLE037.,Intermediate,HR,"Candidate should explain concepts, practical applications, advantages, limitations, and industry use cases of SK003.","SK003, fundamentals, implementation, best practices",MNC
Q01211,ROLE037,SK004,Explain the fundamentals of skill SK004 for ROLE037.,Advanced,Scenario,"Candidate should explain concepts, practical applications, advantages, limitations, and industry use cases of SK004.","SK004, fundamentals, implementation, best practices",FAANG
Q01212,ROLE037,SK005,Explain the fundamentals of skill SK005 for ROLE037.,Beginner,Technical,"Candidate should explain concepts, practical applications, advantages, limitations, and industry use cases of SK005.","SK005, fundamentals, implementation, best practices",Startup
Q01213,ROLE037,SK006,Explain the fundamentals of skill SK006 for ROLE037.,Intermediate,Coding,"Candidate should explain concepts, practical applications, advantages, limitations, and industry use cases of SK006.","SK006, fundamentals, implementation, best practices",Mid-size
Q01214,ROLE037,SK007,Explain the fundamentals of skill SK007 for ROLE037.,Advanced,HR,"Candidate should explain concepts, practical applications, advantages, limitations, and industry use cases of SK007.","SK007, fundamentals, implementation, best practices",MNC
Q01215,ROLE037,SK008,Explain the fundamentals of skill SK008 for ROLE037.,Beginner,Scenario,"Candidate should explain concepts, practical applications, advantages, limitations, and industry use cases of SK008.","SK008, fundamentals, implementation, best practices",FAANG
Q01216,ROLE037,SK009,Explain the fundamentals of skill SK009 for ROLE037.,Intermediate,Technical,"Candidate should explain concepts, practical applications, advantages, limitations, and industry use cases of SK009.","SK009, fundamentals, implementation, best practices",Startup
Q01217,ROLE037,SK010,Explain the fundamentals of skill SK010 for ROLE037.,Advanced,Coding,"Candidate should explain concepts, practical applications, advantages, limitations, and industry use cases of SK010.","SK010, fundamentals, implementation, best practices",Mid-size
Q01218,ROLE037,SK011,Explain the fundamentals of skill SK011 for ROLE037.,Beginner,HR,"Candidate should explain concepts, practical applications, advantages, limitations, and industry use cases of SK011.","SK011, fundamentals, implementation, best practices",MNC
Q01219,ROLE037,SK012,Explain the fundamentals of skill SK012 for ROLE037.,Intermediate,Scenario,"Candidate should explain concepts, practical applications, advantages, limitations, and industry use cases of SK012.","SK012, fundamentals, implementation, best practices",FAANG
Q01220,ROLE037,SK013,Explain the fundamentals of skill SK013 for ROLE037.,Advanced,Technical,"Candidate should explain concepts, practical applications, advantages, limitations, and industry use cases of SK013.","SK013, fundamentals, implementation, best practices",Startup
Q01221,ROLE037,SK014,Explain the fundamentals of skill SK014 for ROLE037.,Beginner,Coding,"Candidate should explain concepts, practical applications, advantages, limitations, and industry use cases of SK014.","SK014, fundamentals, implementation, best practices",Mid-size
Q01222,ROLE038,SK268,Explain the fundamentals of skill SK268 for ROLE038.,Intermediate,Coding,"Candidate should explain concepts, practical applications, advantages, limitations, and industry use cases of SK268.","SK268, fundamentals, implementation, best practices",Mid-size
Q01223,ROLE038,SK269,Explain the fundamentals of skill SK269 for ROLE038.,Advanced,HR,"Candidate should explain concepts, practical applications, advantages, limitations, and industry use cases of SK269.","SK269, fundamentals, implementation, best practices",MNC
Q01224,ROLE038,SK270,Explain the fundamentals of skill SK270 for ROLE038.,Beginner,Scenario,"Candidate should explain concepts, practical applications, advantages, limitations, and industry use cases of SK270.","SK270, fundamentals, implementation, best practices",FAANG
Q01225,ROLE038,SK271,Explain the fundamentals of skill SK271 for ROLE038.,Intermediate,Technical,"Candidate should explain concepts, practical applications, advantages, limitations, and industry use cases of SK271.","SK271, fundamentals, implementation, best practices",Startup
Q01226,ROLE038,SK272,Explain the fundamentals of skill SK272 for ROLE038.,Advanced,Coding,"Candidate should explain concepts, practical applications, advantages, limitations, and industry use cases of SK272.","SK272, fundamentals, implementation, best practices",Mid-size
Q01227,ROLE038,SK273,Explain the fundamentals of skill SK273 for ROLE038.,Beginner,HR,"Candidate should explain concepts, practical applications, advantages, limitations, and industry use cases of SK273.","SK273, fundamentals, implementation, best practices",MNC
Q01228,ROLE038,SK274,Explain the fundamentals of skill SK274 for ROLE038.,Intermediate,Scenario,"Candidate should explain concepts, practical applications, advantages, limitations, and industry use cases of SK274.","SK274, fundamentals, implementation, best practices",FAANG
Q01229,ROLE038,SK275,Explain the fundamentals of skill SK275 for ROLE038.,Advanced,Technical,"Candidate should explain concepts, practical applications, advantages, limitations, and industry use cases of SK275.","SK275, fundamentals, implementation, best practices",Startup
Q01230,ROLE038,SK276,Explain the fundamentals of skill SK276 for ROLE038.,Beginner,Coding,"Candidate should explain concepts, practical applications, advantages, limitations, and industry use cases of SK276.","SK276, fundamentals, implementation, best practices",Mid-size
Q01231,ROLE038,SK277,Explain the fundamentals of skill SK277 for ROLE038.,Intermediate,HR,"Candidate should explain concepts, practical applications, advantages, limitations, and industry use cases of SK277.","SK277, fundamentals, implementation, best practices",MNC
Q01232,ROLE038,SK278,Explain the fundamentals of skill SK278 for ROLE038.,Advanced,Scenario,"Candidate should explain concepts, practical applications, advantages, limitations, and industry use cases of SK278.","SK278, fundamentals, implementation, best practices",FAANG
Q01233,ROLE038,SK279,Explain the fundamentals of skill SK279 for ROLE038.,Beginner,Technical,"Candidate should explain concepts, practical applications, advantages, limitations, and industry use cases of SK279.","SK279, fundamentals, implementation, best practices",Startup
Q01234,ROLE038,SK001,Explain the fundamentals of skill SK001 for ROLE038.,Intermediate,Coding,"Candidate should explain concepts, practical applications, advantages, limitations, and industry use cases of SK001.","SK001, fundamentals, implementation, best practices",Mid-size
Q01235,ROLE038,SK002,Explain the fundamentals of skill SK002 for ROLE038.,Advanced,HR,"Candidate should explain concepts, practical applications, advantages, limitations, and industry use cases of SK002.","SK002, fundamentals, implementation, best practices",MNC
Q01236,ROLE038,SK003,Explain the fundamentals of skill SK003 for ROLE038.,Beginner,Scenario,"Candidate should explain concepts, practical applications, advantages, limitations, and industry use cases of SK003.","SK003, fundamentals, implementation, best practices",FAANG
Q01237,ROLE038,SK004,Explain the fundamentals of skill SK004 for ROLE038.,Intermediate,Technical,"Candidate should explain concepts, practical applications, advantages, limitations, and industry use cases of SK004.","SK004, fundamentals, implementation, best practices",Startup
Q01238,ROLE038,SK005,Explain the fundamentals of skill SK005 for ROLE038.,Advanced,Coding,"Candidate should explain concepts, practical applications, advantages, limitations, and industry use cases of SK005.","SK005, fundamentals, implementation, best practices",Mid-size
Q01239,ROLE038,SK006,Explain the fundamentals of skill SK006 for ROLE038.,Beginner,HR,"Candidate should explain concepts, practical applications, advantages, limitations, and industry use cases of SK006.","SK006, fundamentals, implementation, best practices",MNC
Q01240,ROLE038,SK007,Explain the fundamentals of skill SK007 for ROLE038.,Intermediate,Scenario,"Candidate should explain concepts, practical applications, advantages, limitations, and industry use cases of SK007.","SK007, fundamentals, implementation, best practices",FAANG
Q01241,ROLE038,SK008,Explain the fundamentals of skill SK008 for ROLE038.,Advanced,Technical,"Candidate should explain concepts, practical applications, advantages, limitations, and industry use cases of SK008.","SK008, fundamentals, implementation, best practices",Startup
Q01242,ROLE038,SK009,Explain the fundamentals of skill SK009 for ROLE038.,Beginner,Coding,"Candidate should explain concepts, practical applications, advantages, limitations, and industry use cases of SK009.","SK009, fundamentals, implementation, best practices",Mid-size
Q01243,ROLE038,SK010,Explain the fundamentals of skill SK010 for ROLE038.,Intermediate,HR,"Candidate should explain concepts, practical applications, advantages, limitations, and industry use cases of SK010.","SK010, fundamentals, implementation, best practices",MNC
Q01244,ROLE038,SK011,Explain the fundamentals of skill SK011 for ROLE038.,Advanced,Scenario,"Candidate should explain concepts, practical applications, advantages, limitations, and industry use cases of SK011.","SK011, fundamentals, implementation, best practices",FAANG
Q01245,ROLE038,SK012,Explain the fundamentals of skill SK012 for ROLE038.,Beginner,Technical,"Candidate should explain concepts, practical applications, advantages, limitations, and industry use cases of SK012.","SK012, fundamentals, implementation, best practices",Startup
Q01246,ROLE038,SK013,Explain the fundamentals of skill SK013 for ROLE038.,Intermediate,Coding,"Candidate should explain concepts, practical applications, advantages, limitations, and industry use cases of SK013.","SK013, fundamentals, implementation, best practices",Mid-size
Q01247,ROLE038,SK014,Explain the fundamentals of skill SK014 for ROLE038.,Advanced,HR,"Candidate should explain concepts, practical applications, advantages, limitations, and industry use cases of SK014.","SK014, fundamentals, implementation, best practices",MNC
Q01248,ROLE038,SK015,Explain the fundamentals of skill SK015 for ROLE038.,Beginner,Scenario,"Candidate should explain concepts, practical applications, advantages, limitations, and industry use cases of SK015.","SK015, fundamentals, implementation, best practices",FAANG
Q01249,ROLE038,SK016,Explain the fundamentals of skill SK016 for ROLE038.,Intermediate,Technical,"Candidate should explain concepts, practical applications, advantages, limitations, and industry use cases of SK016.","SK016, fundamentals, implementation, best practices",Startup
Q01250,ROLE038,SK017,Explain the fundamentals of skill SK017 for ROLE038.,Advanced,Coding,"Candidate should explain concepts, practical applications, advantages, limitations, and industry use cases of SK017.","SK017, fundamentals, implementation, best practices",Mid-size
Q01251,ROLE038,SK018,Explain the fundamentals of skill SK018 for ROLE038.,Beginner,HR,"Candidate should explain concepts, practical applications, advantages, limitations, and industry use cases of SK018.","SK018, fundamentals, implementation, best practices",MNC
Q01252,ROLE038,SK019,Explain the fundamentals of skill SK019 for ROLE038.,Intermediate,Scenario,"Candidate should explain concepts, practical applications, advantages, limitations, and industry use cases of SK019.","SK019, fundamentals, implementation, best practices",FAANG
Q01253,ROLE038,SK020,Explain the fundamentals of skill SK020 for ROLE038.,Advanced,Technical,"Candidate should explain concepts, practical applications, advantages, limitations, and industry use cases of SK020.","SK020, fundamentals, implementation, best practices",Startup
Q01254,ROLE038,SK021,Explain the fundamentals of skill SK021 for ROLE038.,Beginner,Coding,"Candidate should explain concepts, practical applications, advantages, limitations, and industry use cases of SK021.","SK021, fundamentals, implementation, best practices",Mid-size
Q01255,ROLE039,SK275,Explain the fundamentals of skill SK275 for ROLE039.,Intermediate,Coding,"Candidate should explain concepts, practical applications, advantages, limitations, and industry use cases of SK275.","SK275, fundamentals, implementation, best practices",Mid-size
Q01256,ROLE039,SK276,Explain the fundamentals of skill SK276 for ROLE039.,Advanced,HR,"Candidate should explain concepts, practical applications, advantages, limitations, and industry use cases of SK276.","SK276, fundamentals, implementation, best practices",MNC
Q01257,ROLE039,SK277,Explain the fundamentals of skill SK277 for ROLE039.,Beginner,Scenario,"Candidate should explain concepts, practical applications, advantages, limitations, and industry use cases of SK277.","SK277, fundamentals, implementation, best practices",FAANG
Q01258,ROLE039,SK278,Explain the fundamentals of skill SK278 for ROLE039.,Intermediate,Technical,"Candidate should explain concepts, practical applications, advantages, limitations, and industry use cases of SK278.","SK278, fundamentals, implementation, best practices",Startup
Q01259,ROLE039,SK279,Explain the fundamentals of skill SK279 for ROLE039.,Advanced,Coding,"Candidate should explain concepts, practical applications, advantages, limitations, and industry use cases of SK279.","SK279, fundamentals, implementation, best practices",Mid-size
Q01260,ROLE039,SK001,Explain the fundamentals of skill SK001 for ROLE039.,Beginner,HR,"Candidate should explain concepts, practical applications, advantages, limitations, and industry use cases of SK001.","SK001, fundamentals, implementation, best practices",MNC
Q01261,ROLE039,SK002,Explain the fundamentals of skill SK002 for ROLE039.,Intermediate,Scenario,"Candidate should explain concepts, practical applications, advantages, limitations, and industry use cases of SK002.","SK002, fundamentals, implementation, best practices",FAANG
Q01262,ROLE039,SK003,Explain the fundamentals of skill SK003 for ROLE039.,Advanced,Technical,"Candidate should explain concepts, practical applications, advantages, limitations, and industry use cases of SK003.","SK003, fundamentals, implementation, best practices",Startup
Q01263,ROLE039,SK004,Explain the fundamentals of skill SK004 for ROLE039.,Beginner,Coding,"Candidate should explain concepts, practical applications, advantages, limitations, and industry use cases of SK004.","SK004, fundamentals, implementation, best practices",Mid-size
Q01264,ROLE039,SK005,Explain the fundamentals of skill SK005 for ROLE039.,Intermediate,HR,"Candidate should explain concepts, practical applications, advantages, limitations, and industry use cases of SK005.","SK005, fundamentals, implementation, best practices",MNC
Q01265,ROLE039,SK006,Explain the fundamentals of skill SK006 for ROLE039.,Advanced,Scenario,"Candidate should explain concepts, practical applications, advantages, limitations, and industry use cases of SK006.","SK006, fundamentals, implementation, best practices",FAANG
Q01266,ROLE039,SK007,Explain the fundamentals of skill SK007 for ROLE039.,Beginner,Technical,"Candidate should explain concepts, practical applications, advantages, limitations, and industry use cases of SK007.","SK007, fundamentals, implementation, best practices",Startup
Q01267,ROLE039,SK008,Explain the fundamentals of skill SK008 for ROLE039.,Intermediate,Coding,"Candidate should explain concepts, practical applications, advantages, limitations, and industry use cases of SK008.","SK008, fundamentals, implementation, best practices",Mid-size
Q01268,ROLE039,SK009,Explain the fundamentals of skill SK009 for ROLE039.,Advanced,HR,"Candidate should explain concepts, practical applications, advantages, limitations, and industry use cases of SK009.","SK009, fundamentals, implementation, best practices",MNC
Q01269,ROLE039,SK010,Explain the fundamentals of skill SK010 for ROLE039.,Beginner,Scenario,"Candidate should explain concepts, practical applications, advantages, limitations, and industry use cases of SK010.","SK010, fundamentals, implementation, best practices",FAANG
Q01270,ROLE039,SK011,Explain the fundamentals of skill SK011 for ROLE039.,Intermediate,Technical,"Candidate should explain concepts, practical applications, advantages, limitations, and industry use cases of SK011.","SK011, fundamentals, implementation, best practices",Startup
Q01271,ROLE039,SK012,Explain the fundamentals of skill SK012 for ROLE039.,Advanced,Coding,"Candidate should explain concepts, practical applications, advantages, limitations, and industry use cases of SK012.","SK012, fundamentals, implementation, best practices",Mid-size
Q01272,ROLE039,SK013,Explain the fundamentals of skill SK013 for ROLE039.,Beginner,HR,"Candidate should explain concepts, practical applications, advantages, limitations, and industry use cases of SK013.","SK013, fundamentals, implementation, best practices",MNC
Q01273,ROLE039,SK014,Explain the fundamentals of skill SK014 for ROLE039.,Intermediate,Scenario,"Candidate should explain concepts, practical applications, advantages, limitations, and industry use cases of SK014.","SK014, fundamentals, implementation, best practices",FAANG
Q01274,ROLE039,SK015,Explain the fundamentals of skill SK015 for ROLE039.,Advanced,Technical,"Candidate should explain concepts, practical applications, advantages, limitations, and industry use cases of SK015.","SK015, fundamentals, implementation, best practices",Startup
Q01275,ROLE039,SK016,Explain the fundamentals of skill SK016 for ROLE039.,Beginner,Coding,"Candidate should explain concepts, practical applications, advantages, limitations, and industry use cases of SK016.","SK016, fundamentals, implementation, best practices",Mid-size
Q01276,ROLE039,SK017,Explain the fundamentals of skill SK017 for ROLE039.,Intermediate,HR,"Candidate should explain concepts, practical applications, advantages, limitations, and industry use cases of SK017.","SK017, fundamentals, implementation, best practices",MNC
Q01277,ROLE039,SK018,Explain the fundamentals of skill SK018 for ROLE039.,Advanced,Scenario,"Candidate should explain concepts, practical applications, advantages, limitations, and industry use cases of SK018.","SK018, fundamentals, implementation, best practices",FAANG
Q01278,ROLE039,SK019,Explain the fundamentals of skill SK019 for ROLE039.,Beginner,Technical,"Candidate should explain concepts, practical applications, advantages, limitations, and industry use cases of SK019.","SK019, fundamentals, implementation, best practices",Startup
Q01279,ROLE039,SK020,Explain the fundamentals of skill SK020 for ROLE039.,Intermediate,Coding,"Candidate should explain concepts, practical applications, advantages, limitations, and industry use cases of SK020.","SK020, fundamentals, implementation, best practices",Mid-size
Q01280,ROLE039,SK021,Explain the fundamentals of skill SK021 for ROLE039.,Advanced,HR,"Candidate should explain concepts, practical applications, advantages, limitations, and industry use cases of SK021.","SK021, fundamentals, implementation, best practices",MNC
Q01281,ROLE039,SK022,Explain the fundamentals of skill SK022 for ROLE039.,Beginner,Scenario,"Candidate should explain concepts, practical applications, advantages, limitations, and industry use cases of SK022.","SK022, fundamentals, implementation, best practices",FAANG
Q01282,ROLE039,SK023,Explain the fundamentals of skill SK023 for ROLE039.,Intermediate,Technical,"Candidate should explain concepts, practical applications, advantages, limitations, and industry use cases of SK023.","SK023, fundamentals, implementation, best practices",Startup
Q01283,ROLE039,SK024,Explain the fundamentals of skill SK024 for ROLE039.,Advanced,Coding,"Candidate should explain concepts, practical applications, advantages, limitations, and industry use cases of SK024.","SK024, fundamentals, implementation, best practices",Mid-size
Q01284,ROLE039,SK025,Explain the fundamentals of skill SK025 for ROLE039.,Beginner,HR,"Candidate should explain concepts, practical applications, advantages, limitations, and industry use cases of SK025.","SK025, fundamentals, implementation, best practices",MNC
Q01285,ROLE039,SK026,Explain the fundamentals of skill SK026 for ROLE039.,Intermediate,Scenario,"Candidate should explain concepts, practical applications, advantages, limitations, and industry use cases of SK026.","SK026, fundamentals, implementation, best practices",FAANG
Q01286,ROLE039,SK027,Explain the fundamentals of skill SK027 for ROLE039.,Advanced,Technical,"Candidate should explain concepts, practical applications, advantages, limitations, and industry use cases of SK027.","SK027, fundamentals, implementation, best practices",Startup
Q01287,ROLE039,SK028,Explain the fundamentals of skill SK028 for ROLE039.,Beginner,Coding,"Candidate should explain concepts, practical applications, advantages, limitations, and industry use cases of SK028.","SK028, fundamentals, implementation, best practices",Mid-size
Q01288,ROLE040,SK003,Explain the fundamentals of skill SK003 for ROLE040.,Intermediate,Coding,"Candidate should explain concepts, practical applications, advantages, limitations, and industry use cases of SK003.","SK003, fundamentals, implementation, best practices",Mid-size
Q01289,ROLE040,SK004,Explain the fundamentals of skill SK004 for ROLE040.,Advanced,HR,"Candidate should explain concepts, practical applications, advantages, limitations, and industry use cases of SK004.","SK004, fundamentals, implementation, best practices",MNC
Q01290,ROLE040,SK005,Explain the fundamentals of skill SK005 for ROLE040.,Beginner,Scenario,"Candidate should explain concepts, practical applications, advantages, limitations, and industry use cases of SK005.","SK005, fundamentals, implementation, best practices",FAANG
Q01291,ROLE040,SK006,Explain the fundamentals of skill SK006 for ROLE040.,Intermediate,Technical,"Candidate should explain concepts, practical applications, advantages, limitations, and industry use cases of SK006.","SK006, fundamentals, implementation, best practices",Startup
Q01292,ROLE040,SK007,Explain the fundamentals of skill SK007 for ROLE040.,Advanced,Coding,"Candidate should explain concepts, practical applications, advantages, limitations, and industry use cases of SK007.","SK007, fundamentals, implementation, best practices",Mid-size
Q01293,ROLE040,SK008,Explain the fundamentals of skill SK008 for ROLE040.,Beginner,HR,"Candidate should explain concepts, practical applications, advantages, limitations, and industry use cases of SK008.","SK008, fundamentals, implementation, best practices",MNC
Q01294,ROLE040,SK009,Explain the fundamentals of skill SK009 for ROLE040.,Intermediate,Scenario,"Candidate should explain concepts, practical applications, advantages, limitations, and industry use cases of SK009.","SK009, fundamentals, implementation, best practices",FAANG
Q01295,ROLE040,SK010,Explain the fundamentals of skill SK010 for ROLE040.,Advanced,Technical,"Candidate should explain concepts, practical applications, advantages, limitations, and industry use cases of SK010.","SK010, fundamentals, implementation, best practices",Startup
Q01296,ROLE040,SK011,Explain the fundamentals of skill SK011 for ROLE040.,Beginner,Coding,"Candidate should explain concepts, practical applications, advantages, limitations, and industry use cases of SK011.","SK011, fundamentals, implementation, best practices",Mid-size
Q01297,ROLE040,SK012,Explain the fundamentals of skill SK012 for ROLE040.,Intermediate,HR,"Candidate should explain concepts, practical applications, advantages, limitations, and industry use cases of SK012.","SK012, fundamentals, implementation, best practices",MNC
Q01298,ROLE040,SK013,Explain the fundamentals of skill SK013 for ROLE040.,Advanced,Scenario,"Candidate should explain concepts, practical applications, advantages, limitations, and industry use cases of SK013.","SK013, fundamentals, implementation, best practices",FAANG
Q01299,ROLE040,SK014,Explain the fundamentals of skill SK014 for ROLE040.,Beginner,Technical,"Candidate should explain concepts, practical applications, advantages, limitations, and industry use cases of SK014.","SK014, fundamentals, implementation, best practices",Startup
Q01300,ROLE040,SK015,Explain the fundamentals of skill SK015 for ROLE040.,Intermediate,Coding,"Candidate should explain concepts, practical applications, advantages, limitations, and industry use cases of SK015.","SK015, fundamentals, implementation, best practices",Mid-size
Q01301,ROLE040,SK016,Explain the fundamentals of skill SK016 for ROLE040.,Advanced,HR,"Candidate should explain concepts, practical applications, advantages, limitations, and industry use cases of SK016.","SK016, fundamentals, implementation, best practices",MNC
Q01302,ROLE040,SK017,Explain the fundamentals of skill SK017 for ROLE040.,Beginner,Scenario,"Candidate should explain concepts, practical applications, advantages, limitations, and industry use cases of SK017.","SK017, fundamentals, implementation, best practices",FAANG
Q01303,ROLE040,SK018,Explain the fundamentals of skill SK018 for ROLE040.,Intermediate,Technical,"Candidate should explain concepts, practical applications, advantages, limitations, and industry use cases of SK018.","SK018, fundamentals, implementation, best practices",Startup
Q01304,ROLE040,SK019,Explain the fundamentals of skill SK019 for ROLE040.,Advanced,Coding,"Candidate should explain concepts, practical applications, advantages, limitations, and industry use cases of SK019.","SK019, fundamentals, implementation, best practices",Mid-size
Q01305,ROLE040,SK020,Explain the fundamentals of skill SK020 for ROLE040.,Beginner,HR,"Candidate should explain concepts, practical applications, advantages, limitations, and industry use cases of SK020.","SK020, fundamentals, implementation, best practices",MNC
Q01306,ROLE040,SK021,Explain the fundamentals of skill SK021 for ROLE040.,Intermediate,Scenario,"Candidate should explain concepts, practical applications, advantages, limitations, and industry use cases of SK021.","SK021, fundamentals, implementation, best practices",FAANG
Q01307,ROLE040,SK022,Explain the fundamentals of skill SK022 for ROLE040.,Advanced,Technical,"Candidate should explain concepts, practical applications, advantages, limitations, and industry use cases of SK022.","SK022, fundamentals, implementation, best practices",Startup
Q01308,ROLE040,SK023,Explain the fundamentals of skill SK023 for ROLE040.,Beginner,Coding,"Candidate should explain concepts, practical applications, advantages, limitations, and industry use cases of SK023.","SK023, fundamentals, implementation, best practices",Mid-size
Q01309,ROLE040,SK024,Explain the fundamentals of skill SK024 for ROLE040.,Intermediate,HR,"Candidate should explain concepts, practical applications, advantages, limitations, and industry use cases of SK024.","SK024, fundamentals, implementation, best practices",MNC
Q01310,ROLE040,SK025,Explain the fundamentals of skill SK025 for ROLE040.,Advanced,Scenario,"Candidate should explain concepts, practical applications, advantages, limitations, and industry use cases of SK025.","SK025, fundamentals, implementation, best practices",FAANG
Q01311,ROLE040,SK026,Explain the fundamentals of skill SK026 for ROLE040.,Beginner,Technical,"Candidate should explain concepts, practical applications, advantages, limitations, and industry use cases of SK026.","SK026, fundamentals, implementation, best practices",Startup
Q01312,ROLE040,SK027,Explain the fundamentals of skill SK027 for ROLE040.,Intermediate,Coding,"Candidate should explain concepts, practical applications, advantages, limitations, and industry use cases of SK027.","SK027, fundamentals, implementation, best practices",Mid-size
Q01313,ROLE040,SK028,Explain the fundamentals of skill SK028 for ROLE040.,Advanced,HR,"Candidate should explain concepts, practical applications, advantages, limitations, and industry use cases of SK028.","SK028, fundamentals, implementation, best practices",MNC
Q01314,ROLE040,SK029,Explain the fundamentals of skill SK029 for ROLE040.,Beginner,Scenario,"Candidate should explain concepts, practical applications, advantages, limitations, and industry use cases of SK029.","SK029, fundamentals, implementation, best practices",FAANG
Q01315,ROLE040,SK030,Explain the fundamentals of skill SK030 for ROLE040.,Intermediate,Technical,"Candidate should explain concepts, practical applications, advantages, limitations, and industry use cases of SK030.","SK030, fundamentals, implementation, best practices",Startup
Q01316,ROLE040,SK031,Explain the fundamentals of skill SK031 for ROLE040.,Advanced,Coding,"Candidate should explain concepts, practical applications, advantages, limitations, and industry use cases of SK031.","SK031, fundamentals, implementation, best practices",Mid-size
Q01317,ROLE040,SK032,Explain the fundamentals of skill SK032 for ROLE040.,Beginner,HR,"Candidate should explain concepts, practical applications, advantages, limitations, and industry use cases of SK032.","SK032, fundamentals, implementation, best practices",MNC
Q01318,ROLE040,SK033,Explain the fundamentals of skill SK033 for ROLE040.,Intermediate,Scenario,"Candidate should explain concepts, practical applications, advantages, limitations, and industry use cases of SK033.","SK033, fundamentals, implementation, best practices",FAANG
Q01319,ROLE040,SK034,Explain the fundamentals of skill SK034 for ROLE040.,Advanced,Technical,"Candidate should explain concepts, practical applications, advantages, limitations, and industry use cases of SK034.","SK034, fundamentals, implementation, best practices",Startup
Q01320,ROLE040,SK035,Explain the fundamentals of skill SK035 for ROLE040.,Beginner,Coding,"Candidate should explain concepts, practical applications, advantages, limitations, and industry use cases of SK035.","SK035, fundamentals, implementation, best practices",Mid-size
Q01321,ROLE041,SK010,Explain the fundamentals of skill SK010 for ROLE041.,Intermediate,Coding,"Candidate should explain concepts, practical applications, advantages, limitations, and industry use cases of SK010.","SK010, fundamentals, implementation, best practices",Mid-size
Q01322,ROLE041,SK011,Explain the fundamentals of skill SK011 for ROLE041.,Advanced,HR,"Candidate should explain concepts, practical applications, advantages, limitations, and industry use cases of SK011.","SK011, fundamentals, implementation, best practices",MNC
Q01323,ROLE041,SK012,Explain the fundamentals of skill SK012 for ROLE041.,Beginner,Scenario,"Candidate should explain concepts, practical applications, advantages, limitations, and industry use cases of SK012.","SK012, fundamentals, implementation, best practices",FAANG
Q01324,ROLE041,SK013,Explain the fundamentals of skill SK013 for ROLE041.,Intermediate,Technical,"Candidate should explain concepts, practical applications, advantages, limitations, and industry use cases of SK013.","SK013, fundamentals, implementation, best practices",Startup
Q01325,ROLE041,SK014,Explain the fundamentals of skill SK014 for ROLE041.,Advanced,Coding,"Candidate should explain concepts, practical applications, advantages, limitations, and industry use cases of SK014.","SK014, fundamentals, implementation, best practices",Mid-size
Q01326,ROLE041,SK015,Explain the fundamentals of skill SK015 for ROLE041.,Beginner,HR,"Candidate should explain concepts, practical applications, advantages, limitations, and industry use cases of SK015.","SK015, fundamentals, implementation, best practices",MNC
Q01327,ROLE041,SK016,Explain the fundamentals of skill SK016 for ROLE041.,Intermediate,Scenario,"Candidate should explain concepts, practical applications, advantages, limitations, and industry use cases of SK016.","SK016, fundamentals, implementation, best practices",FAANG
Q01328,ROLE041,SK017,Explain the fundamentals of skill SK017 for ROLE041.,Advanced,Technical,"Candidate should explain concepts, practical applications, advantages, limitations, and industry use cases of SK017.","SK017, fundamentals, implementation, best practices",Startup
Q01329,ROLE041,SK018,Explain the fundamentals of skill SK018 for ROLE041.,Beginner,Coding,"Candidate should explain concepts, practical applications, advantages, limitations, and industry use cases of SK018.","SK018, fundamentals, implementation, best practices",Mid-size
Q01330,ROLE041,SK019,Explain the fundamentals of skill SK019 for ROLE041.,Intermediate,HR,"Candidate should explain concepts, practical applications, advantages, limitations, and industry use cases of SK019.","SK019, fundamentals, implementation, best practices",MNC
Q01331,ROLE041,SK020,Explain the fundamentals of skill SK020 for ROLE041.,Advanced,Scenario,"Candidate should explain concepts, practical applications, advantages, limitations, and industry use cases of SK020.","SK020, fundamentals, implementation, best practices",FAANG
Q01332,ROLE041,SK021,Explain the fundamentals of skill SK021 for ROLE041.,Beginner,Technical,"Candidate should explain concepts, practical applications, advantages, limitations, and industry use cases of SK021.","SK021, fundamentals, implementation, best practices",Startup
Q01333,ROLE041,SK022,Explain the fundamentals of skill SK022 for ROLE041.,Intermediate,Coding,"Candidate should explain concepts, practical applications, advantages, limitations, and industry use cases of SK022.","SK022, fundamentals, implementation, best practices",Mid-size
Q01334,ROLE041,SK023,Explain the fundamentals of skill SK023 for ROLE041.,Advanced,HR,"Candidate should explain concepts, practical applications, advantages, limitations, and industry use cases of SK023.","SK023, fundamentals, implementation, best practices",MNC
Q01335,ROLE041,SK024,Explain the fundamentals of skill SK024 for ROLE041.,Beginner,Scenario,"Candidate should explain concepts, practical applications, advantages, limitations, and industry use cases of SK024.","SK024, fundamentals, implementation, best practices",FAANG
Q01336,ROLE041,SK025,Explain the fundamentals of skill SK025 for ROLE041.,Intermediate,Technical,"Candidate should explain concepts, practical applications, advantages, limitations, and industry use cases of SK025.","SK025, fundamentals, implementation, best practices",Startup
Q01337,ROLE041,SK026,Explain the fundamentals of skill SK026 for ROLE041.,Advanced,Coding,"Candidate should explain concepts, practical applications, advantages, limitations, and industry use cases of SK026.","SK026, fundamentals, implementation, best practices",Mid-size
Q01338,ROLE041,SK027,Explain the fundamentals of skill SK027 for ROLE041.,Beginner,HR,"Candidate should explain concepts, practical applications, advantages, limitations, and industry use cases of SK027.","SK027, fundamentals, implementation, best practices",MNC
Q01339,ROLE041,SK028,Explain the fundamentals of skill SK028 for ROLE041.,Intermediate,Scenario,"Candidate should explain concepts, practical applications, advantages, limitations, and industry use cases of SK028.","SK028, fundamentals, implementation, best practices",FAANG
Q01340,ROLE041,SK029,Explain the fundamentals of skill SK029 for ROLE041.,Advanced,Technical,"Candidate should explain concepts, practical applications, advantages, limitations, and industry use cases of SK029.","SK029, fundamentals, implementation, best practices",Startup
Q01341,ROLE041,SK030,Explain the fundamentals of skill SK030 for ROLE041.,Beginner,Coding,"Candidate should explain concepts, practical applications, advantages, limitations, and industry use cases of SK030.","SK030, fundamentals, implementation, best practices",Mid-size
Q01342,ROLE041,SK031,Explain the fundamentals of skill SK031 for ROLE041.,Intermediate,HR,"Candidate should explain concepts, practical applications, advantages, limitations, and industry use cases of SK031.","SK031, fundamentals, implementation, best practices",MNC
Q01343,ROLE041,SK032,Explain the fundamentals of skill SK032 for ROLE041.,Advanced,Scenario,"Candidate should explain concepts, practical applications, advantages, limitations, and industry use cases of SK032.","SK032, fundamentals, implementation, best practices",FAANG
Q01344,ROLE041,SK033,Explain the fundamentals of skill SK033 for ROLE041.,Beginner,Technical,"Candidate should explain concepts, practical applications, advantages, limitations, and industry use cases of SK033.","SK033, fundamentals, implementation, best practices",Startup
Q01345,ROLE041,SK034,Explain the fundamentals of skill SK034 for ROLE041.,Intermediate,Coding,"Candidate should explain concepts, practical applications, advantages, limitations, and industry use cases of SK034.","SK034, fundamentals, implementation, best practices",Mid-size
Q01346,ROLE041,SK035,Explain the fundamentals of skill SK035 for ROLE041.,Advanced,HR,"Candidate should explain concepts, practical applications, advantages, limitations, and industry use cases of SK035.","SK035, fundamentals, implementation, best practices",MNC
Q01347,ROLE041,SK036,Explain the fundamentals of skill SK036 for ROLE041.,Beginner,Scenario,"Candidate should explain concepts, practical applications, advantages, limitations, and industry use cases of SK036.","SK036, fundamentals, implementation, best practices",FAANG
Q01348,ROLE041,SK037,Explain the fundamentals of skill SK037 for ROLE041.,Intermediate,Technical,"Candidate should explain concepts, practical applications, advantages, limitations, and industry use cases of SK037.","SK037, fundamentals, implementation, best practices",Startup
Q01349,ROLE041,SK038,Explain the fundamentals of skill SK038 for ROLE041.,Advanced,Coding,"Candidate should explain concepts, practical applications, advantages, limitations, and industry use cases of SK038.","SK038, fundamentals, implementation, best practices",Mid-size
Q01350,ROLE041,SK039,Explain the fundamentals of skill SK039 for ROLE041.,Beginner,HR,"Candidate should explain concepts, practical applications, advantages, limitations, and industry use cases of SK039.","SK039, fundamentals, implementation, best practices",MNC
Q01351,ROLE041,SK040,Explain the fundamentals of skill SK040 for ROLE041.,Intermediate,Scenario,"Candidate should explain concepts, practical applications, advantages, limitations, and industry use cases of SK040.","SK040, fundamentals, implementation, best practices",FAANG
Q01352,ROLE041,SK041,Explain the fundamentals of skill SK041 for ROLE041.,Advanced,Technical,"Candidate should explain concepts, practical applications, advantages, limitations, and industry use cases of SK041.","SK041, fundamentals, implementation, best practices",Startup
Q01353,ROLE041,SK042,Explain the fundamentals of skill SK042 for ROLE041.,Beginner,Coding,"Candidate should explain concepts, practical applications, advantages, limitations, and industry use cases of SK042.","SK042, fundamentals, implementation, best practices",Mid-size
Q01354,ROLE042,SK017,Explain the fundamentals of skill SK017 for ROLE042.,Intermediate,Coding,"Candidate should explain concepts, practical applications, advantages, limitations, and industry use cases of SK017.","SK017, fundamentals, implementation, best practices",Mid-size
Q01355,ROLE042,SK018,Explain the fundamentals of skill SK018 for ROLE042.,Advanced,HR,"Candidate should explain concepts, practical applications, advantages, limitations, and industry use cases of SK018.","SK018, fundamentals, implementation, best practices",MNC
Q01356,ROLE042,SK019,Explain the fundamentals of skill SK019 for ROLE042.,Beginner,Scenario,"Candidate should explain concepts, practical applications, advantages, limitations, and industry use cases of SK019.","SK019, fundamentals, implementation, best practices",FAANG
Q01357,ROLE042,SK020,Explain the fundamentals of skill SK020 for ROLE042.,Intermediate,Technical,"Candidate should explain concepts, practical applications, advantages, limitations, and industry use cases of SK020.","SK020, fundamentals, implementation, best practices",Startup
Q01358,ROLE042,SK021,Explain the fundamentals of skill SK021 for ROLE042.,Advanced,Coding,"Candidate should explain concepts, practical applications, advantages, limitations, and industry use cases of SK021.","SK021, fundamentals, implementation, best practices",Mid-size
Q01359,ROLE042,SK022,Explain the fundamentals of skill SK022 for ROLE042.,Beginner,HR,"Candidate should explain concepts, practical applications, advantages, limitations, and industry use cases of SK022.","SK022, fundamentals, implementation, best practices",MNC
Q01360,ROLE042,SK023,Explain the fundamentals of skill SK023 for ROLE042.,Intermediate,Scenario,"Candidate should explain concepts, practical applications, advantages, limitations, and industry use cases of SK023.","SK023, fundamentals, implementation, best practices",FAANG
Q01361,ROLE042,SK024,Explain the fundamentals of skill SK024 for ROLE042.,Advanced,Technical,"Candidate should explain concepts, practical applications, advantages, limitations, and industry use cases of SK024.","SK024, fundamentals, implementation, best practices",Startup
Q01362,ROLE042,SK025,Explain the fundamentals of skill SK025 for ROLE042.,Beginner,Coding,"Candidate should explain concepts, practical applications, advantages, limitations, and industry use cases of SK025.","SK025, fundamentals, implementation, best practices",Mid-size
Q01363,ROLE042,SK026,Explain the fundamentals of skill SK026 for ROLE042.,Intermediate,HR,"Candidate should explain concepts, practical applications, advantages, limitations, and industry use cases of SK026.","SK026, fundamentals, implementation, best practices",MNC
Q01364,ROLE042,SK027,Explain the fundamentals of skill SK027 for ROLE042.,Advanced,Scenario,"Candidate should explain concepts, practical applications, advantages, limitations, and industry use cases of SK027.","SK027, fundamentals, implementation, best practices",FAANG
Q01365,ROLE042,SK028,Explain the fundamentals of skill SK028 for ROLE042.,Beginner,Technical,"Candidate should explain concepts, practical applications, advantages, limitations, and industry use cases of SK028.","SK028, fundamentals, implementation, best practices",Startup
Q01366,ROLE042,SK029,Explain the fundamentals of skill SK029 for ROLE042.,Intermediate,Coding,"Candidate should explain concepts, practical applications, advantages, limitations, and industry use cases of SK029.","SK029, fundamentals, implementation, best practices",Mid-size
Q01367,ROLE042,SK030,Explain the fundamentals of skill SK030 for ROLE042.,Advanced,HR,"Candidate should explain concepts, practical applications, advantages, limitations, and industry use cases of SK030.","SK030, fundamentals, implementation, best practices",MNC
Q01368,ROLE042,SK031,Explain the fundamentals of skill SK031 for ROLE042.,Beginner,Scenario,"Candidate should explain concepts, practical applications, advantages, limitations, and industry use cases of SK031.","SK031, fundamentals, implementation, best practices",FAANG
Q01369,ROLE042,SK032,Explain the fundamentals of skill SK032 for ROLE042.,Intermediate,Technical,"Candidate should explain concepts, practical applications, advantages, limitations, and industry use cases of SK032.","SK032, fundamentals, implementation, best practices",Startup
Q01370,ROLE042,SK033,Explain the fundamentals of skill SK033 for ROLE042.,Advanced,Coding,"Candidate should explain concepts, practical applications, advantages, limitations, and industry use cases of SK033.","SK033, fundamentals, implementation, best practices",Mid-size
Q01371,ROLE042,SK034,Explain the fundamentals of skill SK034 for ROLE042.,Beginner,HR,"Candidate should explain concepts, practical applications, advantages, limitations, and industry use cases of SK034.","SK034, fundamentals, implementation, best practices",MNC
Q01372,ROLE042,SK035,Explain the fundamentals of skill SK035 for ROLE042.,Intermediate,Scenario,"Candidate should explain concepts, practical applications, advantages, limitations, and industry use cases of SK035.","SK035, fundamentals, implementation, best practices",FAANG
Q01373,ROLE042,SK036,Explain the fundamentals of skill SK036 for ROLE042.,Advanced,Technical,"Candidate should explain concepts, practical applications, advantages, limitations, and industry use cases of SK036.","SK036, fundamentals, implementation, best practices",Startup
Q01374,ROLE042,SK037,Explain the fundamentals of skill SK037 for ROLE042.,Beginner,Coding,"Candidate should explain concepts, practical applications, advantages, limitations, and industry use cases of SK037.","SK037, fundamentals, implementation, best practices",Mid-size
Q01375,ROLE042,SK038,Explain the fundamentals of skill SK038 for ROLE042.,Intermediate,HR,"Candidate should explain concepts, practical applications, advantages, limitations, and industry use cases of SK038.","SK038, fundamentals, implementation, best practices",MNC
Q01376,ROLE042,SK039,Explain the fundamentals of skill SK039 for ROLE042.,Advanced,Scenario,"Candidate should explain concepts, practical applications, advantages, limitations, and industry use cases of SK039.","SK039, fundamentals, implementation, best practices",FAANG
Q01377,ROLE042,SK040,Explain the fundamentals of skill SK040 for ROLE042.,Beginner,Technical,"Candidate should explain concepts, practical applications, advantages, limitations, and industry use cases of SK040.","SK040, fundamentals, implementation, best practices",Startup
Q01378,ROLE042,SK041,Explain the fundamentals of skill SK041 for ROLE042.,Intermediate,Coding,"Candidate should explain concepts, practical applications, advantages, limitations, and industry use cases of SK041.","SK041, fundamentals, implementation, best practices",Mid-size
Q01379,ROLE042,SK042,Explain the fundamentals of skill SK042 for ROLE042.,Advanced,HR,"Candidate should explain concepts, practical applications, advantages, limitations, and industry use cases of SK042.","SK042, fundamentals, implementation, best practices",MNC
Q01380,ROLE042,SK043,Explain the fundamentals of skill SK043 for ROLE042.,Beginner,Scenario,"Candidate should explain concepts, practical applications, advantages, limitations, and industry use cases of SK043.","SK043, fundamentals, implementation, best practices",FAANG
Q01381,ROLE042,SK044,Explain the fundamentals of skill SK044 for ROLE042.,Intermediate,Technical,"Candidate should explain concepts, practical applications, advantages, limitations, and industry use cases of SK044.","SK044, fundamentals, implementation, best practices",Startup
Q01382,ROLE042,SK045,Explain the fundamentals of skill SK045 for ROLE042.,Advanced,Coding,"Candidate should explain concepts, practical applications, advantages, limitations, and industry use cases of SK045.","SK045, fundamentals, implementation, best practices",Mid-size
Q01383,ROLE042,SK046,Explain the fundamentals of skill SK046 for ROLE042.,Beginner,HR,"Candidate should explain concepts, practical applications, advantages, limitations, and industry use cases of SK046.","SK046, fundamentals, implementation, best practices",MNC
Q01384,ROLE042,SK047,Explain the fundamentals of skill SK047 for ROLE042.,Intermediate,Scenario,"Candidate should explain concepts, practical applications, advantages, limitations, and industry use cases of SK047.","SK047, fundamentals, implementation, best practices",FAANG
Q01385,ROLE042,SK048,Explain the fundamentals of skill SK048 for ROLE042.,Advanced,Technical,"Candidate should explain concepts, practical applications, advantages, limitations, and industry use cases of SK048.","SK048, fundamentals, implementation, best practices",Startup
Q01386,ROLE042,SK049,Explain the fundamentals of skill SK049 for ROLE042.,Beginner,Coding,"Candidate should explain concepts, practical applications, advantages, limitations, and industry use cases of SK049.","SK049, fundamentals, implementation, best practices",Mid-size
Q01387,ROLE043,SK024,Explain the fundamentals of skill SK024 for ROLE043.,Intermediate,Coding,"Candidate should explain concepts, practical applications, advantages, limitations, and industry use cases of SK024.","SK024, fundamentals, implementation, best practices",Mid-size
Q01388,ROLE043,SK025,Explain the fundamentals of skill SK025 for ROLE043.,Advanced,HR,"Candidate should explain concepts, practical applications, advantages, limitations, and industry use cases of SK025.","SK025, fundamentals, implementation, best practices",MNC
Q01389,ROLE043,SK026,Explain the fundamentals of skill SK026 for ROLE043.,Beginner,Scenario,"Candidate should explain concepts, practical applications, advantages, limitations, and industry use cases of SK026.","SK026, fundamentals, implementation, best practices",FAANG
Q01390,ROLE043,SK027,Explain the fundamentals of skill SK027 for ROLE043.,Intermediate,Technical,"Candidate should explain concepts, practical applications, advantages, limitations, and industry use cases of SK027.","SK027, fundamentals, implementation, best practices",Startup
Q01391,ROLE043,SK028,Explain the fundamentals of skill SK028 for ROLE043.,Advanced,Coding,"Candidate should explain concepts, practical applications, advantages, limitations, and industry use cases of SK028.","SK028, fundamentals, implementation, best practices",Mid-size
Q01392,ROLE043,SK029,Explain the fundamentals of skill SK029 for ROLE043.,Beginner,HR,"Candidate should explain concepts, practical applications, advantages, limitations, and industry use cases of SK029.","SK029, fundamentals, implementation, best practices",MNC
Q01393,ROLE043,SK030,Explain the fundamentals of skill SK030 for ROLE043.,Intermediate,Scenario,"Candidate should explain concepts, practical applications, advantages, limitations, and industry use cases of SK030.","SK030, fundamentals, implementation, best practices",FAANG
Q01394,ROLE043,SK031,Explain the fundamentals of skill SK031 for ROLE043.,Advanced,Technical,"Candidate should explain concepts, practical applications, advantages, limitations, and industry use cases of SK031.","SK031, fundamentals, implementation, best practices",Startup
Q01395,ROLE043,SK032,Explain the fundamentals of skill SK032 for ROLE043.,Beginner,Coding,"Candidate should explain concepts, practical applications, advantages, limitations, and industry use cases of SK032.","SK032, fundamentals, implementation, best practices",Mid-size
Q01396,ROLE043,SK033,Explain the fundamentals of skill SK033 for ROLE043.,Intermediate,HR,"Candidate should explain concepts, practical applications, advantages, limitations, and industry use cases of SK033.","SK033, fundamentals, implementation, best practices",MNC
Q01397,ROLE043,SK034,Explain the fundamentals of skill SK034 for ROLE043.,Advanced,Scenario,"Candidate should explain concepts, practical applications, advantages, limitations, and industry use cases of SK034.","SK034, fundamentals, implementation, best practices",FAANG
Q01398,ROLE043,SK035,Explain the fundamentals of skill SK035 for ROLE043.,Beginner,Technical,"Candidate should explain concepts, practical applications, advantages, limitations, and industry use cases of SK035.","SK035, fundamentals, implementation, best practices",Startup
Q01399,ROLE043,SK036,Explain the fundamentals of skill SK036 for ROLE043.,Intermediate,Coding,"Candidate should explain concepts, practical applications, advantages, limitations, and industry use cases of SK036.","SK036, fundamentals, implementation, best practices",Mid-size
Q01400,ROLE043,SK037,Explain the fundamentals of skill SK037 for ROLE043.,Advanced,HR,"Candidate should explain concepts, practical applications, advantages, limitations, and industry use cases of SK037.","SK037, fundamentals, implementation, best practices",MNC
Q01401,ROLE043,SK038,Explain the fundamentals of skill SK038 for ROLE043.,Beginner,Scenario,"Candidate should explain concepts, practical applications, advantages, limitations, and industry use cases of SK038.","SK038, fundamentals, implementation, best practices",FAANG
Q01402,ROLE043,SK039,Explain the fundamentals of skill SK039 for ROLE043.,Intermediate,Technical,"Candidate should explain concepts, practical applications, advantages, limitations, and industry use cases of SK039.","SK039, fundamentals, implementation, best practices",Startup
Q01403,ROLE043,SK040,Explain the fundamentals of skill SK040 for ROLE043.,Advanced,Coding,"Candidate should explain concepts, practical applications, advantages, limitations, and industry use cases of SK040.","SK040, fundamentals, implementation, best practices",Mid-size
Q01404,ROLE043,SK041,Explain the fundamentals of skill SK041 for ROLE043.,Beginner,HR,"Candidate should explain concepts, practical applications, advantages, limitations, and industry use cases of SK041.","SK041, fundamentals, implementation, best practices",MNC
Q01405,ROLE043,SK042,Explain the fundamentals of skill SK042 for ROLE043.,Intermediate,Scenario,"Candidate should explain concepts, practical applications, advantages, limitations, and industry use cases of SK042.","SK042, fundamentals, implementation, best practices",FAANG
Q01406,ROLE043,SK043,Explain the fundamentals of skill SK043 for ROLE043.,Advanced,Technical,"Candidate should explain concepts, practical applications, advantages, limitations, and industry use cases of SK043.","SK043, fundamentals, implementation, best practices",Startup
Q01407,ROLE043,SK044,Explain the fundamentals of skill SK044 for ROLE043.,Beginner,Coding,"Candidate should explain concepts, practical applications, advantages, limitations, and industry use cases of SK044.","SK044, fundamentals, implementation, best practices",Mid-size
Q01408,ROLE043,SK045,Explain the fundamentals of skill SK045 for ROLE043.,Intermediate,HR,"Candidate should explain concepts, practical applications, advantages, limitations, and industry use cases of SK045.","SK045, fundamentals, implementation, best practices",MNC
Q01409,ROLE043,SK046,Explain the fundamentals of skill SK046 for ROLE043.,Advanced,Scenario,"Candidate should explain concepts, practical applications, advantages, limitations, and industry use cases of SK046.","SK046, fundamentals, implementation, best practices",FAANG
Q01410,ROLE043,SK047,Explain the fundamentals of skill SK047 for ROLE043.,Beginner,Technical,"Candidate should explain concepts, practical applications, advantages, limitations, and industry use cases of SK047.","SK047, fundamentals, implementation, best practices",Startup
Q01411,ROLE043,SK048,Explain the fundamentals of skill SK048 for ROLE043.,Intermediate,Coding,"Candidate should explain concepts, practical applications, advantages, limitations, and industry use cases of SK048.","SK048, fundamentals, implementation, best practices",Mid-size
Q01412,ROLE043,SK049,Explain the fundamentals of skill SK049 for ROLE043.,Advanced,HR,"Candidate should explain concepts, practical applications, advantages, limitations, and industry use cases of SK049.","SK049, fundamentals, implementation, best practices",MNC
Q01413,ROLE043,SK050,Explain the fundamentals of skill SK050 for ROLE043.,Beginner,Scenario,"Candidate should explain concepts, practical applications, advantages, limitations, and industry use cases of SK050.","SK050, fundamentals, implementation, best practices",FAANG
Q01414,ROLE043,SK051,Explain the fundamentals of skill SK051 for ROLE043.,Intermediate,Technical,"Candidate should explain concepts, practical applications, advantages, limitations, and industry use cases of SK051.","SK051, fundamentals, implementation, best practices",Startup
Q01415,ROLE043,SK052,Explain the fundamentals of skill SK052 for ROLE043.,Advanced,Coding,"Candidate should explain concepts, practical applications, advantages, limitations, and industry use cases of SK052.","SK052, fundamentals, implementation, best practices",Mid-size
Q01416,ROLE043,SK053,Explain the fundamentals of skill SK053 for ROLE043.,Beginner,HR,"Candidate should explain concepts, practical applications, advantages, limitations, and industry use cases of SK053.","SK053, fundamentals, implementation, best practices",MNC
Q01417,ROLE043,SK054,Explain the fundamentals of skill SK054 for ROLE043.,Intermediate,Scenario,"Candidate should explain concepts, practical applications, advantages, limitations, and industry use cases of SK054.","SK054, fundamentals, implementation, best practices",FAANG
Q01418,ROLE043,SK055,Explain the fundamentals of skill SK055 for ROLE043.,Advanced,Technical,"Candidate should explain concepts, practical applications, advantages, limitations, and industry use cases of SK055.","SK055, fundamentals, implementation, best practices",Startup
Q01419,ROLE043,SK056,Explain the fundamentals of skill SK056 for ROLE043.,Beginner,Coding,"Candidate should explain concepts, practical applications, advantages, limitations, and industry use cases of SK056.","SK056, fundamentals, implementation, best practices",Mid-size
Q01420,ROLE044,SK031,Explain the fundamentals of skill SK031 for ROLE044.,Intermediate,Coding,"Candidate should explain concepts, practical applications, advantages, limitations, and industry use cases of SK031.","SK031, fundamentals, implementation, best practices",Mid-size
Q01421,ROLE044,SK032,Explain the fundamentals of skill SK032 for ROLE044.,Advanced,HR,"Candidate should explain concepts, practical applications, advantages, limitations, and industry use cases of SK032.","SK032, fundamentals, implementation, best practices",MNC
Q01422,ROLE044,SK033,Explain the fundamentals of skill SK033 for ROLE044.,Beginner,Scenario,"Candidate should explain concepts, practical applications, advantages, limitations, and industry use cases of SK033.","SK033, fundamentals, implementation, best practices",FAANG
Q01423,ROLE044,SK034,Explain the fundamentals of skill SK034 for ROLE044.,Intermediate,Technical,"Candidate should explain concepts, practical applications, advantages, limitations, and industry use cases of SK034.","SK034, fundamentals, implementation, best practices",Startup
Q01424,ROLE044,SK035,Explain the fundamentals of skill SK035 for ROLE044.,Advanced,Coding,"Candidate should explain concepts, practical applications, advantages, limitations, and industry use cases of SK035.","SK035, fundamentals, implementation, best practices",Mid-size
Q01425,ROLE044,SK036,Explain the fundamentals of skill SK036 for ROLE044.,Beginner,HR,"Candidate should explain concepts, practical applications, advantages, limitations, and industry use cases of SK036.","SK036, fundamentals, implementation, best practices",MNC
Q01426,ROLE044,SK037,Explain the fundamentals of skill SK037 for ROLE044.,Intermediate,Scenario,"Candidate should explain concepts, practical applications, advantages, limitations, and industry use cases of SK037.","SK037, fundamentals, implementation, best practices",FAANG
Q01427,ROLE044,SK038,Explain the fundamentals of skill SK038 for ROLE044.,Advanced,Technical,"Candidate should explain concepts, practical applications, advantages, limitations, and industry use cases of SK038.","SK038, fundamentals, implementation, best practices",Startup
Q01428,ROLE044,SK039,Explain the fundamentals of skill SK039 for ROLE044.,Beginner,Coding,"Candidate should explain concepts, practical applications, advantages, limitations, and industry use cases of SK039.","SK039, fundamentals, implementation, best practices",Mid-size
Q01429,ROLE044,SK040,Explain the fundamentals of skill SK040 for ROLE044.,Intermediate,HR,"Candidate should explain concepts, practical applications, advantages, limitations, and industry use cases of SK040.","SK040, fundamentals, implementation, best practices",MNC
Q01430,ROLE044,SK041,Explain the fundamentals of skill SK041 for ROLE044.,Advanced,Scenario,"Candidate should explain concepts, practical applications, advantages, limitations, and industry use cases of SK041.","SK041, fundamentals, implementation, best practices",FAANG
Q01431,ROLE044,SK042,Explain the fundamentals of skill SK042 for ROLE044.,Beginner,Technical,"Candidate should explain concepts, practical applications, advantages, limitations, and industry use cases of SK042.","SK042, fundamentals, implementation, best practices",Startup
Q01432,ROLE044,SK043,Explain the fundamentals of skill SK043 for ROLE044.,Intermediate,Coding,"Candidate should explain concepts, practical applications, advantages, limitations, and industry use cases of SK043.","SK043, fundamentals, implementation, best practices",Mid-size
Q01433,ROLE044,SK044,Explain the fundamentals of skill SK044 for ROLE044.,Advanced,HR,"Candidate should explain concepts, practical applications, advantages, limitations, and industry use cases of SK044.","SK044, fundamentals, implementation, best practices",MNC
Q01434,ROLE044,SK045,Explain the fundamentals of skill SK045 for ROLE044.,Beginner,Scenario,"Candidate should explain concepts, practical applications, advantages, limitations, and industry use cases of SK045.","SK045, fundamentals, implementation, best practices",FAANG
Q01435,ROLE044,SK046,Explain the fundamentals of skill SK046 for ROLE044.,Intermediate,Technical,"Candidate should explain concepts, practical applications, advantages, limitations, and industry use cases of SK046.","SK046, fundamentals, implementation, best practices",Startup
Q01436,ROLE044,SK047,Explain the fundamentals of skill SK047 for ROLE044.,Advanced,Coding,"Candidate should explain concepts, practical applications, advantages, limitations, and industry use cases of SK047.","SK047, fundamentals, implementation, best practices",Mid-size
Q01437,ROLE044,SK048,Explain the fundamentals of skill SK048 for ROLE044.,Beginner,HR,"Candidate should explain concepts, practical applications, advantages, limitations, and industry use cases of SK048.","SK048, fundamentals, implementation, best practices",MNC
Q01438,ROLE044,SK049,Explain the fundamentals of skill SK049 for ROLE044.,Intermediate,Scenario,"Candidate should explain concepts, practical applications, advantages, limitations, and industry use cases of SK049.","SK049, fundamentals, implementation, best practices",FAANG
Q01439,ROLE044,SK050,Explain the fundamentals of skill SK050 for ROLE044.,Advanced,Technical,"Candidate should explain concepts, practical applications, advantages, limitations, and industry use cases of SK050.","SK050, fundamentals, implementation, best practices",Startup
Q01440,ROLE044,SK051,Explain the fundamentals of skill SK051 for ROLE044.,Beginner,Coding,"Candidate should explain concepts, practical applications, advantages, limitations, and industry use cases of SK051.","SK051, fundamentals, implementation, best practices",Mid-size
Q01441,ROLE044,SK052,Explain the fundamentals of skill SK052 for ROLE044.,Intermediate,HR,"Candidate should explain concepts, practical applications, advantages, limitations, and industry use cases of SK052.","SK052, fundamentals, implementation, best practices",MNC
Q01442,ROLE044,SK053,Explain the fundamentals of skill SK053 for ROLE044.,Advanced,Scenario,"Candidate should explain concepts, practical applications, advantages, limitations, and industry use cases of SK053.","SK053, fundamentals, implementation, best practices",FAANG
Q01443,ROLE044,SK054,Explain the fundamentals of skill SK054 for ROLE044.,Beginner,Technical,"Candidate should explain concepts, practical applications, advantages, limitations, and industry use cases of SK054.","SK054, fundamentals, implementation, best practices",Startup
Q01444,ROLE044,SK055,Explain the fundamentals of skill SK055 for ROLE044.,Intermediate,Coding,"Candidate should explain concepts, practical applications, advantages, limitations, and industry use cases of SK055.","SK055, fundamentals, implementation, best practices",Mid-size
Q01445,ROLE044,SK056,Explain the fundamentals of skill SK056 for ROLE044.,Advanced,HR,"Candidate should explain concepts, practical applications, advantages, limitations, and industry use cases of SK056.","SK056, fundamentals, implementation, best practices",MNC
Q01446,ROLE044,SK057,Explain the fundamentals of skill SK057 for ROLE044.,Beginner,Scenario,"Candidate should explain concepts, practical applications, advantages, limitations, and industry use cases of SK057.","SK057, fundamentals, implementation, best practices",FAANG
Q01447,ROLE044,SK058,Explain the fundamentals of skill SK058 for ROLE044.,Intermediate,Technical,"Candidate should explain concepts, practical applications, advantages, limitations, and industry use cases of SK058.","SK058, fundamentals, implementation, best practices",Startup
Q01448,ROLE044,SK059,Explain the fundamentals of skill SK059 for ROLE044.,Advanced,Coding,"Candidate should explain concepts, practical applications, advantages, limitations, and industry use cases of SK059.","SK059, fundamentals, implementation, best practices",Mid-size
Q01449,ROLE044,SK060,Explain the fundamentals of skill SK060 for ROLE044.,Beginner,HR,"Candidate should explain concepts, practical applications, advantages, limitations, and industry use cases of SK060.","SK060, fundamentals, implementation, best practices",MNC
Q01450,ROLE044,SK061,Explain the fundamentals of skill SK061 for ROLE044.,Intermediate,Scenario,"Candidate should explain concepts, practical applications, advantages, limitations, and industry use cases of SK061.","SK061, fundamentals, implementation, best practices",FAANG
Q01451,ROLE044,SK062,Explain the fundamentals of skill SK062 for ROLE044.,Advanced,Technical,"Candidate should explain concepts, practical applications, advantages, limitations, and industry use cases of SK062.","SK062, fundamentals, implementation, best practices",Startup
Q01452,ROLE044,SK063,Explain the fundamentals of skill SK063 for ROLE044.,Beginner,Coding,"Candidate should explain concepts, practical applications, advantages, limitations, and industry use cases of SK063.","SK063, fundamentals, implementation, best practices",Mid-size
Q01453,ROLE045,SK038,Explain the fundamentals of skill SK038 for ROLE045.,Intermediate,Coding,"Candidate should explain concepts, practical applications, advantages, limitations, and industry use cases of SK038.","SK038, fundamentals, implementation, best practices",Mid-size
Q01454,ROLE045,SK039,Explain the fundamentals of skill SK039 for ROLE045.,Advanced,HR,"Candidate should explain concepts, practical applications, advantages, limitations, and industry use cases of SK039.","SK039, fundamentals, implementation, best practices",MNC
Q01455,ROLE045,SK040,Explain the fundamentals of skill SK040 for ROLE045.,Beginner,Scenario,"Candidate should explain concepts, practical applications, advantages, limitations, and industry use cases of SK040.","SK040, fundamentals, implementation, best practices",FAANG
Q01456,ROLE045,SK041,Explain the fundamentals of skill SK041 for ROLE045.,Intermediate,Technical,"Candidate should explain concepts, practical applications, advantages, limitations, and industry use cases of SK041.","SK041, fundamentals, implementation, best practices",Startup
Q01457,ROLE045,SK042,Explain the fundamentals of skill SK042 for ROLE045.,Advanced,Coding,"Candidate should explain concepts, practical applications, advantages, limitations, and industry use cases of SK042.","SK042, fundamentals, implementation, best practices",Mid-size
Q01458,ROLE045,SK043,Explain the fundamentals of skill SK043 for ROLE045.,Beginner,HR,"Candidate should explain concepts, practical applications, advantages, limitations, and industry use cases of SK043.","SK043, fundamentals, implementation, best practices",MNC
Q01459,ROLE045,SK044,Explain the fundamentals of skill SK044 for ROLE045.,Intermediate,Scenario,"Candidate should explain concepts, practical applications, advantages, limitations, and industry use cases of SK044.","SK044, fundamentals, implementation, best practices",FAANG
Q01460,ROLE045,SK045,Explain the fundamentals of skill SK045 for ROLE045.,Advanced,Technical,"Candidate should explain concepts, practical applications, advantages, limitations, and industry use cases of SK045.","SK045, fundamentals, implementation, best practices",Startup
Q01461,ROLE045,SK046,Explain the fundamentals of skill SK046 for ROLE045.,Beginner,Coding,"Candidate should explain concepts, practical applications, advantages, limitations, and industry use cases of SK046.","SK046, fundamentals, implementation, best practices",Mid-size
Q01462,ROLE045,SK047,Explain the fundamentals of skill SK047 for ROLE045.,Intermediate,HR,"Candidate should explain concepts, practical applications, advantages, limitations, and industry use cases of SK047.","SK047, fundamentals, implementation, best practices",MNC
Q01463,ROLE045,SK048,Explain the fundamentals of skill SK048 for ROLE045.,Advanced,Scenario,"Candidate should explain concepts, practical applications, advantages, limitations, and industry use cases of SK048.","SK048, fundamentals, implementation, best practices",FAANG
Q01464,ROLE045,SK049,Explain the fundamentals of skill SK049 for ROLE045.,Beginner,Technical,"Candidate should explain concepts, practical applications, advantages, limitations, and industry use cases of SK049.","SK049, fundamentals, implementation, best practices",Startup
Q01465,ROLE045,SK050,Explain the fundamentals of skill SK050 for ROLE045.,Intermediate,Coding,"Candidate should explain concepts, practical applications, advantages, limitations, and industry use cases of SK050.","SK050, fundamentals, implementation, best practices",Mid-size
Q01466,ROLE045,SK051,Explain the fundamentals of skill SK051 for ROLE045.,Advanced,HR,"Candidate should explain concepts, practical applications, advantages, limitations, and industry use cases of SK051.","SK051, fundamentals, implementation, best practices",MNC
Q01467,ROLE045,SK052,Explain the fundamentals of skill SK052 for ROLE045.,Beginner,Scenario,"Candidate should explain concepts, practical applications, advantages, limitations, and industry use cases of SK052.","SK052, fundamentals, implementation, best practices",FAANG
Q01468,ROLE045,SK053,Explain the fundamentals of skill SK053 for ROLE045.,Intermediate,Technical,"Candidate should explain concepts, practical applications, advantages, limitations, and industry use cases of SK053.","SK053, fundamentals, implementation, best practices",Startup
Q01469,ROLE045,SK054,Explain the fundamentals of skill SK054 for ROLE045.,Advanced,Coding,"Candidate should explain concepts, practical applications, advantages, limitations, and industry use cases of SK054.","SK054, fundamentals, implementation, best practices",Mid-size
Q01470,ROLE045,SK055,Explain the fundamentals of skill SK055 for ROLE045.,Beginner,HR,"Candidate should explain concepts, practical applications, advantages, limitations, and industry use cases of SK055.","SK055, fundamentals, implementation, best practices",MNC
Q01471,ROLE045,SK056,Explain the fundamentals of skill SK056 for ROLE045.,Intermediate,Scenario,"Candidate should explain concepts, practical applications, advantages, limitations, and industry use cases of SK056.","SK056, fundamentals, implementation, best practices",FAANG
Q01472,ROLE045,SK057,Explain the fundamentals of skill SK057 for ROLE045.,Advanced,Technical,"Candidate should explain concepts, practical applications, advantages, limitations, and industry use cases of SK057.","SK057, fundamentals, implementation, best practices",Startup
Q01473,ROLE045,SK058,Explain the fundamentals of skill SK058 for ROLE045.,Beginner,Coding,"Candidate should explain concepts, practical applications, advantages, limitations, and industry use cases of SK058.","SK058, fundamentals, implementation, best practices",Mid-size
Q01474,ROLE045,SK059,Explain the fundamentals of skill SK059 for ROLE045.,Intermediate,HR,"Candidate should explain concepts, practical applications, advantages, limitations, and industry use cases of SK059.","SK059, fundamentals, implementation, best practices",MNC
Q01475,ROLE045,SK060,Explain the fundamentals of skill SK060 for ROLE045.,Advanced,Scenario,"Candidate should explain concepts, practical applications, advantages, limitations, and industry use cases of SK060.","SK060, fundamentals, implementation, best practices",FAANG
Q01476,ROLE045,SK061,Explain the fundamentals of skill SK061 for ROLE045.,Beginner,Technical,"Candidate should explain concepts, practical applications, advantages, limitations, and industry use cases of SK061.","SK061, fundamentals, implementation, best practices",Startup
Q01477,ROLE045,SK062,Explain the fundamentals of skill SK062 for ROLE045.,Intermediate,Coding,"Candidate should explain concepts, practical applications, advantages, limitations, and industry use cases of SK062.","SK062, fundamentals, implementation, best practices",Mid-size
Q01478,ROLE045,SK063,Explain the fundamentals of skill SK063 for ROLE045.,Advanced,HR,"Candidate should explain concepts, practical applications, advantages, limitations, and industry use cases of SK063.","SK063, fundamentals, implementation, best practices",MNC
Q01479,ROLE045,SK064,Explain the fundamentals of skill SK064 for ROLE045.,Beginner,Scenario,"Candidate should explain concepts, practical applications, advantages, limitations, and industry use cases of SK064.","SK064, fundamentals, implementation, best practices",FAANG
Q01480,ROLE045,SK065,Explain the fundamentals of skill SK065 for ROLE045.,Intermediate,Technical,"Candidate should explain concepts, practical applications, advantages, limitations, and industry use cases of SK065.","SK065, fundamentals, implementation, best practices",Startup
Q01481,ROLE045,SK066,Explain the fundamentals of skill SK066 for ROLE045.,Advanced,Coding,"Candidate should explain concepts, practical applications, advantages, limitations, and industry use cases of SK066.","SK066, fundamentals, implementation, best practices",Mid-size
Q01482,ROLE045,SK067,Explain the fundamentals of skill SK067 for ROLE045.,Beginner,HR,"Candidate should explain concepts, practical applications, advantages, limitations, and industry use cases of SK067.","SK067, fundamentals, implementation, best practices",MNC
Q01483,ROLE045,SK068,Explain the fundamentals of skill SK068 for ROLE045.,Intermediate,Scenario,"Candidate should explain concepts, practical applications, advantages, limitations, and industry use cases of SK068.","SK068, fundamentals, implementation, best practices",FAANG
Q01484,ROLE045,SK069,Explain the fundamentals of skill SK069 for ROLE045.,Advanced,Technical,"Candidate should explain concepts, practical applications, advantages, limitations, and industry use cases of SK069.","SK069, fundamentals, implementation, best practices",Startup
Q01485,ROLE045,SK070,Explain the fundamentals of skill SK070 for ROLE045.,Beginner,Coding,"Candidate should explain concepts, practical applications, advantages, limitations, and industry use cases of SK070.","SK070, fundamentals, implementation, best practices",Mid-size
Q01486,ROLE046,SK045,Explain the fundamentals of skill SK045 for ROLE046.,Intermediate,Coding,"Candidate should explain concepts, practical applications, advantages, limitations, and industry use cases of SK045.","SK045, fundamentals, implementation, best practices",Mid-size
Q01487,ROLE046,SK046,Explain the fundamentals of skill SK046 for ROLE046.,Advanced,HR,"Candidate should explain concepts, practical applications, advantages, limitations, and industry use cases of SK046.","SK046, fundamentals, implementation, best practices",MNC
Q01488,ROLE046,SK047,Explain the fundamentals of skill SK047 for ROLE046.,Beginner,Scenario,"Candidate should explain concepts, practical applications, advantages, limitations, and industry use cases of SK047.","SK047, fundamentals, implementation, best practices",FAANG
Q01489,ROLE046,SK048,Explain the fundamentals of skill SK048 for ROLE046.,Intermediate,Technical,"Candidate should explain concepts, practical applications, advantages, limitations, and industry use cases of SK048.","SK048, fundamentals, implementation, best practices",Startup
Q01490,ROLE046,SK049,Explain the fundamentals of skill SK049 for ROLE046.,Advanced,Coding,"Candidate should explain concepts, practical applications, advantages, limitations, and industry use cases of SK049.","SK049, fundamentals, implementation, best practices",Mid-size
Q01491,ROLE046,SK050,Explain the fundamentals of skill SK050 for ROLE046.,Beginner,HR,"Candidate should explain concepts, practical applications, advantages, limitations, and industry use cases of SK050.","SK050, fundamentals, implementation, best practices",MNC
Q01492,ROLE046,SK051,Explain the fundamentals of skill SK051 for ROLE046.,Intermediate,Scenario,"Candidate should explain concepts, practical applications, advantages, limitations, and industry use cases of SK051.","SK051, fundamentals, implementation, best practices",FAANG
Q01493,ROLE046,SK052,Explain the fundamentals of skill SK052 for ROLE046.,Advanced,Technical,"Candidate should explain concepts, practical applications, advantages, limitations, and industry use cases of SK052.","SK052, fundamentals, implementation, best practices",Startup
Q01494,ROLE046,SK053,Explain the fundamentals of skill SK053 for ROLE046.,Beginner,Coding,"Candidate should explain concepts, practical applications, advantages, limitations, and industry use cases of SK053.","SK053, fundamentals, implementation, best practices",Mid-size
Q01495,ROLE046,SK054,Explain the fundamentals of skill SK054 for ROLE046.,Intermediate,HR,"Candidate should explain concepts, practical applications, advantages, limitations, and industry use cases of SK054.","SK054, fundamentals, implementation, best practices",MNC
Q01496,ROLE046,SK055,Explain the fundamentals of skill SK055 for ROLE046.,Advanced,Scenario,"Candidate should explain concepts, practical applications, advantages, limitations, and industry use cases of SK055.","SK055, fundamentals, implementation, best practices",FAANG
Q01497,ROLE046,SK056,Explain the fundamentals of skill SK056 for ROLE046.,Beginner,Technical,"Candidate should explain concepts, practical applications, advantages, limitations, and industry use cases of SK056.","SK056, fundamentals, implementation, best practices",Startup
Q01498,ROLE046,SK057,Explain the fundamentals of skill SK057 for ROLE046.,Intermediate,Coding,"Candidate should explain concepts, practical applications, advantages, limitations, and industry use cases of SK057.","SK057, fundamentals, implementation, best practices",Mid-size
Q01499,ROLE046,SK058,Explain the fundamentals of skill SK058 for ROLE046.,Advanced,HR,"Candidate should explain concepts, practical applications, advantages, limitations, and industry use cases of SK058.","SK058, fundamentals, implementation, best practices",MNC
Q01500,ROLE046,SK059,Explain the fundamentals of skill SK059 for ROLE046.,Beginner,Scenario,"Candidate should explain concepts, practical applications, advantages, limitations, and industry use cases of SK059.","SK059, fundamentals, implementation, best practices",FAANG
Q01501,ROLE046,SK060,Explain the fundamentals of skill SK060 for ROLE046.,Intermediate,Technical,"Candidate should explain concepts, practical applications, advantages, limitations, and industry use cases of SK060.","SK060, fundamentals, implementation, best practices",Startup
Q01502,ROLE046,SK061,Explain the fundamentals of skill SK061 for ROLE046.,Advanced,Coding,"Candidate should explain concepts, practical applications, advantages, limitations, and industry use cases of SK061.","SK061, fundamentals, implementation, best practices",Mid-size
Q01503,ROLE046,SK062,Explain the fundamentals of skill SK062 for ROLE046.,Beginner,HR,"Candidate should explain concepts, practical applications, advantages, limitations, and industry use cases of SK062.","SK062, fundamentals, implementation, best practices",MNC
Q01504,ROLE046,SK063,Explain the fundamentals of skill SK063 for ROLE046.,Intermediate,Scenario,"Candidate should explain concepts, practical applications, advantages, limitations, and industry use cases of SK063.","SK063, fundamentals, implementation, best practices",FAANG
Q01505,ROLE046,SK064,Explain the fundamentals of skill SK064 for ROLE046.,Advanced,Technical,"Candidate should explain concepts, practical applications, advantages, limitations, and industry use cases of SK064.","SK064, fundamentals, implementation, best practices",Startup
Q01506,ROLE046,SK065,Explain the fundamentals of skill SK065 for ROLE046.,Beginner,Coding,"Candidate should explain concepts, practical applications, advantages, limitations, and industry use cases of SK065.","SK065, fundamentals, implementation, best practices",Mid-size
Q01507,ROLE046,SK066,Explain the fundamentals of skill SK066 for ROLE046.,Intermediate,HR,"Candidate should explain concepts, practical applications, advantages, limitations, and industry use cases of SK066.","SK066, fundamentals, implementation, best practices",MNC
Q01508,ROLE046,SK067,Explain the fundamentals of skill SK067 for ROLE046.,Advanced,Scenario,"Candidate should explain concepts, practical applications, advantages, limitations, and industry use cases of SK067.","SK067, fundamentals, implementation, best practices",FAANG
Q01509,ROLE046,SK068,Explain the fundamentals of skill SK068 for ROLE046.,Beginner,Technical,"Candidate should explain concepts, practical applications, advantages, limitations, and industry use cases of SK068.","SK068, fundamentals, implementation, best practices",Startup
Q01510,ROLE046,SK069,Explain the fundamentals of skill SK069 for ROLE046.,Intermediate,Coding,"Candidate should explain concepts, practical applications, advantages, limitations, and industry use cases of SK069.","SK069, fundamentals, implementation, best practices",Mid-size
Q01511,ROLE046,SK070,Explain the fundamentals of skill SK070 for ROLE046.,Advanced,HR,"Candidate should explain concepts, practical applications, advantages, limitations, and industry use cases of SK070.","SK070, fundamentals, implementation, best practices",MNC
Q01512,ROLE046,SK071,Explain the fundamentals of skill SK071 for ROLE046.,Beginner,Scenario,"Candidate should explain concepts, practical applications, advantages, limitations, and industry use cases of SK071.","SK071, fundamentals, implementation, best practices",FAANG
Q01513,ROLE046,SK072,Explain the fundamentals of skill SK072 for ROLE046.,Intermediate,Technical,"Candidate should explain concepts, practical applications, advantages, limitations, and industry use cases of SK072.","SK072, fundamentals, implementation, best practices",Startup
Q01514,ROLE046,SK073,Explain the fundamentals of skill SK073 for ROLE046.,Advanced,Coding,"Candidate should explain concepts, practical applications, advantages, limitations, and industry use cases of SK073.","SK073, fundamentals, implementation, best practices",Mid-size
Q01515,ROLE046,SK074,Explain the fundamentals of skill SK074 for ROLE046.,Beginner,HR,"Candidate should explain concepts, practical applications, advantages, limitations, and industry use cases of SK074.","SK074, fundamentals, implementation, best practices",MNC
Q01516,ROLE046,SK075,Explain the fundamentals of skill SK075 for ROLE046.,Intermediate,Scenario,"Candidate should explain concepts, practical applications, advantages, limitations, and industry use cases of SK075.","SK075, fundamentals, implementation, best practices",FAANG
Q01517,ROLE046,SK076,Explain the fundamentals of skill SK076 for ROLE046.,Advanced,Technical,"Candidate should explain concepts, practical applications, advantages, limitations, and industry use cases of SK076.","SK076, fundamentals, implementation, best practices",Startup
Q01518,ROLE046,SK077,Explain the fundamentals of skill SK077 for ROLE046.,Beginner,Coding,"Candidate should explain concepts, practical applications, advantages, limitations, and industry use cases of SK077.","SK077, fundamentals, implementation, best practices",Mid-size
Q01519,ROLE047,SK052,Explain the fundamentals of skill SK052 for ROLE047.,Intermediate,Coding,"Candidate should explain concepts, practical applications, advantages, limitations, and industry use cases of SK052.","SK052, fundamentals, implementation, best practices",Mid-size
Q01520,ROLE047,SK053,Explain the fundamentals of skill SK053 for ROLE047.,Advanced,HR,"Candidate should explain concepts, practical applications, advantages, limitations, and industry use cases of SK053.","SK053, fundamentals, implementation, best practices",MNC
Q01521,ROLE047,SK054,Explain the fundamentals of skill SK054 for ROLE047.,Beginner,Scenario,"Candidate should explain concepts, practical applications, advantages, limitations, and industry use cases of SK054.","SK054, fundamentals, implementation, best practices",FAANG
Q01522,ROLE047,SK055,Explain the fundamentals of skill SK055 for ROLE047.,Intermediate,Technical,"Candidate should explain concepts, practical applications, advantages, limitations, and industry use cases of SK055.","SK055, fundamentals, implementation, best practices",Startup
Q01523,ROLE047,SK056,Explain the fundamentals of skill SK056 for ROLE047.,Advanced,Coding,"Candidate should explain concepts, practical applications, advantages, limitations, and industry use cases of SK056.","SK056, fundamentals, implementation, best practices",Mid-size
Q01524,ROLE047,SK057,Explain the fundamentals of skill SK057 for ROLE047.,Beginner,HR,"Candidate should explain concepts, practical applications, advantages, limitations, and industry use cases of SK057.","SK057, fundamentals, implementation, best practices",MNC
Q01525,ROLE047,SK058,Explain the fundamentals of skill SK058 for ROLE047.,Intermediate,Scenario,"Candidate should explain concepts, practical applications, advantages, limitations, and industry use cases of SK058.","SK058, fundamentals, implementation, best practices",FAANG
Q01526,ROLE047,SK059,Explain the fundamentals of skill SK059 for ROLE047.,Advanced,Technical,"Candidate should explain concepts, practical applications, advantages, limitations, and industry use cases of SK059.","SK059, fundamentals, implementation, best practices",Startup
Q01527,ROLE047,SK060,Explain the fundamentals of skill SK060 for ROLE047.,Beginner,Coding,"Candidate should explain concepts, practical applications, advantages, limitations, and industry use cases of SK060.","SK060, fundamentals, implementation, best practices",Mid-size
Q01528,ROLE047,SK061,Explain the fundamentals of skill SK061 for ROLE047.,Intermediate,HR,"Candidate should explain concepts, practical applications, advantages, limitations, and industry use cases of SK061.","SK061, fundamentals, implementation, best practices",MNC
Q01529,ROLE047,SK062,Explain the fundamentals of skill SK062 for ROLE047.,Advanced,Scenario,"Candidate should explain concepts, practical applications, advantages, limitations, and industry use cases of SK062.","SK062, fundamentals, implementation, best practices",FAANG
Q01530,ROLE047,SK063,Explain the fundamentals of skill SK063 for ROLE047.,Beginner,Technical,"Candidate should explain concepts, practical applications, advantages, limitations, and industry use cases of SK063.","SK063, fundamentals, implementation, best practices",Startup
Q01531,ROLE047,SK064,Explain the fundamentals of skill SK064 for ROLE047.,Intermediate,Coding,"Candidate should explain concepts, practical applications, advantages, limitations, and industry use cases of SK064.","SK064, fundamentals, implementation, best practices",Mid-size
Q01532,ROLE047,SK065,Explain the fundamentals of skill SK065 for ROLE047.,Advanced,HR,"Candidate should explain concepts, practical applications, advantages, limitations, and industry use cases of SK065.","SK065, fundamentals, implementation, best practices",MNC
Q01533,ROLE047,SK066,Explain the fundamentals of skill SK066 for ROLE047.,Beginner,Scenario,"Candidate should explain concepts, practical applications, advantages, limitations, and industry use cases of SK066.","SK066, fundamentals, implementation, best practices",FAANG
Q01534,ROLE047,SK067,Explain the fundamentals of skill SK067 for ROLE047.,Intermediate,Technical,"Candidate should explain concepts, practical applications, advantages, limitations, and industry use cases of SK067.","SK067, fundamentals, implementation, best practices",Startup
Q01535,ROLE047,SK068,Explain the fundamentals of skill SK068 for ROLE047.,Advanced,Coding,"Candidate should explain concepts, practical applications, advantages, limitations, and industry use cases of SK068.","SK068, fundamentals, implementation, best practices",Mid-size
Q01536,ROLE047,SK069,Explain the fundamentals of skill SK069 for ROLE047.,Beginner,HR,"Candidate should explain concepts, practical applications, advantages, limitations, and industry use cases of SK069.","SK069, fundamentals, implementation, best practices",MNC
Q01537,ROLE047,SK070,Explain the fundamentals of skill SK070 for ROLE047.,Intermediate,Scenario,"Candidate should explain concepts, practical applications, advantages, limitations, and industry use cases of SK070.","SK070, fundamentals, implementation, best practices",FAANG
Q01538,ROLE047,SK071,Explain the fundamentals of skill SK071 for ROLE047.,Advanced,Technical,"Candidate should explain concepts, practical applications, advantages, limitations, and industry use cases of SK071.","SK071, fundamentals, implementation, best practices",Startup
Q01539,ROLE047,SK072,Explain the fundamentals of skill SK072 for ROLE047.,Beginner,Coding,"Candidate should explain concepts, practical applications, advantages, limitations, and industry use cases of SK072.","SK072, fundamentals, implementation, best practices",Mid-size
Q01540,ROLE047,SK073,Explain the fundamentals of skill SK073 for ROLE047.,Intermediate,HR,"Candidate should explain concepts, practical applications, advantages, limitations, and industry use cases of SK073.","SK073, fundamentals, implementation, best practices",MNC
Q01541,ROLE047,SK074,Explain the fundamentals of skill SK074 for ROLE047.,Advanced,Scenario,"Candidate should explain concepts, practical applications, advantages, limitations, and industry use cases of SK074.","SK074, fundamentals, implementation, best practices",FAANG
Q01542,ROLE047,SK075,Explain the fundamentals of skill SK075 for ROLE047.,Beginner,Technical,"Candidate should explain concepts, practical applications, advantages, limitations, and industry use cases of SK075.","SK075, fundamentals, implementation, best practices",Startup
Q01543,ROLE047,SK076,Explain the fundamentals of skill SK076 for ROLE047.,Intermediate,Coding,"Candidate should explain concepts, practical applications, advantages, limitations, and industry use cases of SK076.","SK076, fundamentals, implementation, best practices",Mid-size
Q01544,ROLE047,SK077,Explain the fundamentals of skill SK077 for ROLE047.,Advanced,HR,"Candidate should explain concepts, practical applications, advantages, limitations, and industry use cases of SK077.","SK077, fundamentals, implementation, best practices",MNC
Q01545,ROLE047,SK078,Explain the fundamentals of skill SK078 for ROLE047.,Beginner,Scenario,"Candidate should explain concepts, practical applications, advantages, limitations, and industry use cases of SK078.","SK078, fundamentals, implementation, best practices",FAANG
Q01546,ROLE047,SK079,Explain the fundamentals of skill SK079 for ROLE047.,Intermediate,Technical,"Candidate should explain concepts, practical applications, advantages, limitations, and industry use cases of SK079.","SK079, fundamentals, implementation, best practices",Startup
Q01547,ROLE047,SK080,Explain the fundamentals of skill SK080 for ROLE047.,Advanced,Coding,"Candidate should explain concepts, practical applications, advantages, limitations, and industry use cases of SK080.","SK080, fundamentals, implementation, best practices",Mid-size
Q01548,ROLE047,SK081,Explain the fundamentals of skill SK081 for ROLE047.,Beginner,HR,"Candidate should explain concepts, practical applications, advantages, limitations, and industry use cases of SK081.","SK081, fundamentals, implementation, best practices",MNC
Q01549,ROLE047,SK082,Explain the fundamentals of skill SK082 for ROLE047.,Intermediate,Scenario,"Candidate should explain concepts, practical applications, advantages, limitations, and industry use cases of SK082.","SK082, fundamentals, implementation, best practices",FAANG
Q01550,ROLE047,SK083,Explain the fundamentals of skill SK083 for ROLE047.,Advanced,Technical,"Candidate should explain concepts, practical applications, advantages, limitations, and industry use cases of SK083.","SK083, fundamentals, implementation, best practices",Startup
Q01551,ROLE047,SK084,Explain the fundamentals of skill SK084 for ROLE047.,Beginner,Coding,"Candidate should explain concepts, practical applications, advantages, limitations, and industry use cases of SK084.","SK084, fundamentals, implementation, best practices",Mid-size
Q01552,ROLE048,SK059,Explain the fundamentals of skill SK059 for ROLE048.,Intermediate,Coding,"Candidate should explain concepts, practical applications, advantages, limitations, and industry use cases of SK059.","SK059, fundamentals, implementation, best practices",Mid-size
Q01553,ROLE048,SK060,Explain the fundamentals of skill SK060 for ROLE048.,Advanced,HR,"Candidate should explain concepts, practical applications, advantages, limitations, and industry use cases of SK060.","SK060, fundamentals, implementation, best practices",MNC
Q01554,ROLE048,SK061,Explain the fundamentals of skill SK061 for ROLE048.,Beginner,Scenario,"Candidate should explain concepts, practical applications, advantages, limitations, and industry use cases of SK061.","SK061, fundamentals, implementation, best practices",FAANG
Q01555,ROLE048,SK062,Explain the fundamentals of skill SK062 for ROLE048.,Intermediate,Technical,"Candidate should explain concepts, practical applications, advantages, limitations, and industry use cases of SK062.","SK062, fundamentals, implementation, best practices",Startup
Q01556,ROLE048,SK063,Explain the fundamentals of skill SK063 for ROLE048.,Advanced,Coding,"Candidate should explain concepts, practical applications, advantages, limitations, and industry use cases of SK063.","SK063, fundamentals, implementation, best practices",Mid-size
Q01557,ROLE048,SK064,Explain the fundamentals of skill SK064 for ROLE048.,Beginner,HR,"Candidate should explain concepts, practical applications, advantages, limitations, and industry use cases of SK064.","SK064, fundamentals, implementation, best practices",MNC
Q01558,ROLE048,SK065,Explain the fundamentals of skill SK065 for ROLE048.,Intermediate,Scenario,"Candidate should explain concepts, practical applications, advantages, limitations, and industry use cases of SK065.","SK065, fundamentals, implementation, best practices",FAANG
Q01559,ROLE048,SK066,Explain the fundamentals of skill SK066 for ROLE048.,Advanced,Technical,"Candidate should explain concepts, practical applications, advantages, limitations, and industry use cases of SK066.","SK066, fundamentals, implementation, best practices",Startup
Q01560,ROLE048,SK067,Explain the fundamentals of skill SK067 for ROLE048.,Beginner,Coding,"Candidate should explain concepts, practical applications, advantages, limitations, and industry use cases of SK067.","SK067, fundamentals, implementation, best practices",Mid-size
Q01561,ROLE048,SK068,Explain the fundamentals of skill SK068 for ROLE048.,Intermediate,HR,"Candidate should explain concepts, practical applications, advantages, limitations, and industry use cases of SK068.","SK068, fundamentals, implementation, best practices",MNC
Q01562,ROLE048,SK069,Explain the fundamentals of skill SK069 for ROLE048.,Advanced,Scenario,"Candidate should explain concepts, practical applications, advantages, limitations, and industry use cases of SK069.","SK069, fundamentals, implementation, best practices",FAANG
Q01563,ROLE048,SK070,Explain the fundamentals of skill SK070 for ROLE048.,Beginner,Technical,"Candidate should explain concepts, practical applications, advantages, limitations, and industry use cases of SK070.","SK070, fundamentals, implementation, best practices",Startup
Q01564,ROLE048,SK071,Explain the fundamentals of skill SK071 for ROLE048.,Intermediate,Coding,"Candidate should explain concepts, practical applications, advantages, limitations, and industry use cases of SK071.","SK071, fundamentals, implementation, best practices",Mid-size
Q01565,ROLE048,SK072,Explain the fundamentals of skill SK072 for ROLE048.,Advanced,HR,"Candidate should explain concepts, practical applications, advantages, limitations, and industry use cases of SK072.","SK072, fundamentals, implementation, best practices",MNC
Q01566,ROLE048,SK073,Explain the fundamentals of skill SK073 for ROLE048.,Beginner,Scenario,"Candidate should explain concepts, practical applications, advantages, limitations, and industry use cases of SK073.","SK073, fundamentals, implementation, best practices",FAANG
Q01567,ROLE048,SK074,Explain the fundamentals of skill SK074 for ROLE048.,Intermediate,Technical,"Candidate should explain concepts, practical applications, advantages, limitations, and industry use cases of SK074.","SK074, fundamentals, implementation, best practices",Startup
Q01568,ROLE048,SK075,Explain the fundamentals of skill SK075 for ROLE048.,Advanced,Coding,"Candidate should explain concepts, practical applications, advantages, limitations, and industry use cases of SK075.","SK075, fundamentals, implementation, best practices",Mid-size
Q01569,ROLE048,SK076,Explain the fundamentals of skill SK076 for ROLE048.,Beginner,HR,"Candidate should explain concepts, practical applications, advantages, limitations, and industry use cases of SK076.","SK076, fundamentals, implementation, best practices",MNC
Q01570,ROLE048,SK077,Explain the fundamentals of skill SK077 for ROLE048.,Intermediate,Scenario,"Candidate should explain concepts, practical applications, advantages, limitations, and industry use cases of SK077.","SK077, fundamentals, implementation, best practices",FAANG
Q01571,ROLE048,SK078,Explain the fundamentals of skill SK078 for ROLE048.,Advanced,Technical,"Candidate should explain concepts, practical applications, advantages, limitations, and industry use cases of SK078.","SK078, fundamentals, implementation, best practices",Startup
Q01572,ROLE048,SK079,Explain the fundamentals of skill SK079 for ROLE048.,Beginner,Coding,"Candidate should explain concepts, practical applications, advantages, limitations, and industry use cases of SK079.","SK079, fundamentals, implementation, best practices",Mid-size
Q01573,ROLE048,SK080,Explain the fundamentals of skill SK080 for ROLE048.,Intermediate,HR,"Candidate should explain concepts, practical applications, advantages, limitations, and industry use cases of SK080.","SK080, fundamentals, implementation, best practices",MNC
Q01574,ROLE048,SK081,Explain the fundamentals of skill SK081 for ROLE048.,Advanced,Scenario,"Candidate should explain concepts, practical applications, advantages, limitations, and industry use cases of SK081.","SK081, fundamentals, implementation, best practices",FAANG
Q01575,ROLE048,SK082,Explain the fundamentals of skill SK082 for ROLE048.,Beginner,Technical,"Candidate should explain concepts, practical applications, advantages, limitations, and industry use cases of SK082.","SK082, fundamentals, implementation, best practices",Startup
Q01576,ROLE048,SK083,Explain the fundamentals of skill SK083 for ROLE048.,Intermediate,Coding,"Candidate should explain concepts, practical applications, advantages, limitations, and industry use cases of SK083.","SK083, fundamentals, implementation, best practices",Mid-size
Q01577,ROLE048,SK084,Explain the fundamentals of skill SK084 for ROLE048.,Advanced,HR,"Candidate should explain concepts, practical applications, advantages, limitations, and industry use cases of SK084.","SK084, fundamentals, implementation, best practices",MNC
Q01578,ROLE048,SK085,Explain the fundamentals of skill SK085 for ROLE048.,Beginner,Scenario,"Candidate should explain concepts, practical applications, advantages, limitations, and industry use cases of SK085.","SK085, fundamentals, implementation, best practices",FAANG
Q01579,ROLE048,SK086,Explain the fundamentals of skill SK086 for ROLE048.,Intermediate,Technical,"Candidate should explain concepts, practical applications, advantages, limitations, and industry use cases of SK086.","SK086, fundamentals, implementation, best practices",Startup
Q01580,ROLE048,SK087,Explain the fundamentals of skill SK087 for ROLE048.,Advanced,Coding,"Candidate should explain concepts, practical applications, advantages, limitations, and industry use cases of SK087.","SK087, fundamentals, implementation, best practices",Mid-size
Q01581,ROLE048,SK088,Explain the fundamentals of skill SK088 for ROLE048.,Beginner,HR,"Candidate should explain concepts, practical applications, advantages, limitations, and industry use cases of SK088.","SK088, fundamentals, implementation, best practices",MNC
Q01582,ROLE048,SK089,Explain the fundamentals of skill SK089 for ROLE048.,Intermediate,Scenario,"Candidate should explain concepts, practical applications, advantages, limitations, and industry use cases of SK089.","SK089, fundamentals, implementation, best practices",FAANG
Q01583,ROLE048,SK090,Explain the fundamentals of skill SK090 for ROLE048.,Advanced,Technical,"Candidate should explain concepts, practical applications, advantages, limitations, and industry use cases of SK090.","SK090, fundamentals, implementation, best practices",Startup
Q01584,ROLE048,SK091,Explain the fundamentals of skill SK091 for ROLE048.,Beginner,Coding,"Candidate should explain concepts, practical applications, advantages, limitations, and industry use cases of SK091.","SK091, fundamentals, implementation, best practices",Mid-size
Q01585,ROLE049,SK066,Explain the fundamentals of skill SK066 for ROLE049.,Intermediate,Coding,"Candidate should explain concepts, practical applications, advantages, limitations, and industry use cases of SK066.","SK066, fundamentals, implementation, best practices",Mid-size
Q01586,ROLE049,SK067,Explain the fundamentals of skill SK067 for ROLE049.,Advanced,HR,"Candidate should explain concepts, practical applications, advantages, limitations, and industry use cases of SK067.","SK067, fundamentals, implementation, best practices",MNC
Q01587,ROLE049,SK068,Explain the fundamentals of skill SK068 for ROLE049.,Beginner,Scenario,"Candidate should explain concepts, practical applications, advantages, limitations, and industry use cases of SK068.","SK068, fundamentals, implementation, best practices",FAANG
Q01588,ROLE049,SK069,Explain the fundamentals of skill SK069 for ROLE049.,Intermediate,Technical,"Candidate should explain concepts, practical applications, advantages, limitations, and industry use cases of SK069.","SK069, fundamentals, implementation, best practices",Startup
Q01589,ROLE049,SK070,Explain the fundamentals of skill SK070 for ROLE049.,Advanced,Coding,"Candidate should explain concepts, practical applications, advantages, limitations, and industry use cases of SK070.","SK070, fundamentals, implementation, best practices",Mid-size
Q01590,ROLE049,SK071,Explain the fundamentals of skill SK071 for ROLE049.,Beginner,HR,"Candidate should explain concepts, practical applications, advantages, limitations, and industry use cases of SK071.","SK071, fundamentals, implementation, best practices",MNC
Q01591,ROLE049,SK072,Explain the fundamentals of skill SK072 for ROLE049.,Intermediate,Scenario,"Candidate should explain concepts, practical applications, advantages, limitations, and industry use cases of SK072.","SK072, fundamentals, implementation, best practices",FAANG
Q01592,ROLE049,SK073,Explain the fundamentals of skill SK073 for ROLE049.,Advanced,Technical,"Candidate should explain concepts, practical applications, advantages, limitations, and industry use cases of SK073.","SK073, fundamentals, implementation, best practices",Startup
Q01593,ROLE049,SK074,Explain the fundamentals of skill SK074 for ROLE049.,Beginner,Coding,"Candidate should explain concepts, practical applications, advantages, limitations, and industry use cases of SK074.","SK074, fundamentals, implementation, best practices",Mid-size
Q01594,ROLE049,SK075,Explain the fundamentals of skill SK075 for ROLE049.,Intermediate,HR,"Candidate should explain concepts, practical applications, advantages, limitations, and industry use cases of SK075.","SK075, fundamentals, implementation, best practices",MNC
Q01595,ROLE049,SK076,Explain the fundamentals of skill SK076 for ROLE049.,Advanced,Scenario,"Candidate should explain concepts, practical applications, advantages, limitations, and industry use cases of SK076.","SK076, fundamentals, implementation, best practices",FAANG
Q01596,ROLE049,SK077,Explain the fundamentals of skill SK077 for ROLE049.,Beginner,Technical,"Candidate should explain concepts, practical applications, advantages, limitations, and industry use cases of SK077.","SK077, fundamentals, implementation, best practices",Startup
Q01597,ROLE049,SK078,Explain the fundamentals of skill SK078 for ROLE049.,Intermediate,Coding,"Candidate should explain concepts, practical applications, advantages, limitations, and industry use cases of SK078.","SK078, fundamentals, implementation, best practices",Mid-size
Q01598,ROLE049,SK079,Explain the fundamentals of skill SK079 for ROLE049.,Advanced,HR,"Candidate should explain concepts, practical applications, advantages, limitations, and industry use cases of SK079.","SK079, fundamentals, implementation, best practices",MNC
Q01599,ROLE049,SK080,Explain the fundamentals of skill SK080 for ROLE049.,Beginner,Scenario,"Candidate should explain concepts, practical applications, advantages, limitations, and industry use cases of SK080.","SK080, fundamentals, implementation, best practices",FAANG
Q01600,ROLE049,SK081,Explain the fundamentals of skill SK081 for ROLE049.,Intermediate,Technical,"Candidate should explain concepts, practical applications, advantages, limitations, and industry use cases of SK081.","SK081, fundamentals, implementation, best practices",Startup
Q01601,ROLE049,SK082,Explain the fundamentals of skill SK082 for ROLE049.,Advanced,Coding,"Candidate should explain concepts, practical applications, advantages, limitations, and industry use cases of SK082.","SK082, fundamentals, implementation, best practices",Mid-size
Q01602,ROLE049,SK083,Explain the fundamentals of skill SK083 for ROLE049.,Beginner,HR,"Candidate should explain concepts, practical applications, advantages, limitations, and industry use cases of SK083.","SK083, fundamentals, implementation, best practices",MNC
Q01603,ROLE049,SK084,Explain the fundamentals of skill SK084 for ROLE049.,Intermediate,Scenario,"Candidate should explain concepts, practical applications, advantages, limitations, and industry use cases of SK084.","SK084, fundamentals, implementation, best practices",FAANG
Q01604,ROLE049,SK085,Explain the fundamentals of skill SK085 for ROLE049.,Advanced,Technical,"Candidate should explain concepts, practical applications, advantages, limitations, and industry use cases of SK085.","SK085, fundamentals, implementation, best practices",Startup
Q01605,ROLE049,SK086,Explain the fundamentals of skill SK086 for ROLE049.,Beginner,Coding,"Candidate should explain concepts, practical applications, advantages, limitations, and industry use cases of SK086.","SK086, fundamentals, implementation, best practices",Mid-size
Q01606,ROLE049,SK087,Explain the fundamentals of skill SK087 for ROLE049.,Intermediate,HR,"Candidate should explain concepts, practical applications, advantages, limitations, and industry use cases of SK087.","SK087, fundamentals, implementation, best practices",MNC
Q01607,ROLE049,SK088,Explain the fundamentals of skill SK088 for ROLE049.,Advanced,Scenario,"Candidate should explain concepts, practical applications, advantages, limitations, and industry use cases of SK088.","SK088, fundamentals, implementation, best practices",FAANG
Q01608,ROLE049,SK089,Explain the fundamentals of skill SK089 for ROLE049.,Beginner,Technical,"Candidate should explain concepts, practical applications, advantages, limitations, and industry use cases of SK089.","SK089, fundamentals, implementation, best practices",Startup
Q01609,ROLE049,SK090,Explain the fundamentals of skill SK090 for ROLE049.,Intermediate,Coding,"Candidate should explain concepts, practical applications, advantages, limitations, and industry use cases of SK090.","SK090, fundamentals, implementation, best practices",Mid-size
Q01610,ROLE049,SK091,Explain the fundamentals of skill SK091 for ROLE049.,Advanced,HR,"Candidate should explain concepts, practical applications, advantages, limitations, and industry use cases of SK091.","SK091, fundamentals, implementation, best practices",MNC
Q01611,ROLE049,SK092,Explain the fundamentals of skill SK092 for ROLE049.,Beginner,Scenario,"Candidate should explain concepts, practical applications, advantages, limitations, and industry use cases of SK092.","SK092, fundamentals, implementation, best practices",FAANG
Q01612,ROLE049,SK093,Explain the fundamentals of skill SK093 for ROLE049.,Intermediate,Technical,"Candidate should explain concepts, practical applications, advantages, limitations, and industry use cases of SK093.","SK093, fundamentals, implementation, best practices",Startup
Q01613,ROLE049,SK094,Explain the fundamentals of skill SK094 for ROLE049.,Advanced,Coding,"Candidate should explain concepts, practical applications, advantages, limitations, and industry use cases of SK094.","SK094, fundamentals, implementation, best practices",Mid-size
Q01614,ROLE049,SK095,Explain the fundamentals of skill SK095 for ROLE049.,Beginner,HR,"Candidate should explain concepts, practical applications, advantages, limitations, and industry use cases of SK095.","SK095, fundamentals, implementation, best practices",MNC
Q01615,ROLE049,SK096,Explain the fundamentals of skill SK096 for ROLE049.,Intermediate,Scenario,"Candidate should explain concepts, practical applications, advantages, limitations, and industry use cases of SK096.","SK096, fundamentals, implementation, best practices",FAANG
Q01616,ROLE049,SK097,Explain the fundamentals of skill SK097 for ROLE049.,Advanced,Technical,"Candidate should explain concepts, practical applications, advantages, limitations, and industry use cases of SK097.","SK097, fundamentals, implementation, best practices",Startup
Q01617,ROLE049,SK098,Explain the fundamentals of skill SK098 for ROLE049.,Beginner,Coding,"Candidate should explain concepts, practical applications, advantages, limitations, and industry use cases of SK098.","SK098, fundamentals, implementation, best practices",Mid-size
Q01618,ROLE050,SK073,Explain the fundamentals of skill SK073 for ROLE050.,Intermediate,Coding,"Candidate should explain concepts, practical applications, advantages, limitations, and industry use cases of SK073.","SK073, fundamentals, implementation, best practices",Mid-size
Q01619,ROLE050,SK074,Explain the fundamentals of skill SK074 for ROLE050.,Advanced,HR,"Candidate should explain concepts, practical applications, advantages, limitations, and industry use cases of SK074.","SK074, fundamentals, implementation, best practices",MNC
Q01620,ROLE050,SK075,Explain the fundamentals of skill SK075 for ROLE050.,Beginner,Scenario,"Candidate should explain concepts, practical applications, advantages, limitations, and industry use cases of SK075.","SK075, fundamentals, implementation, best practices",FAANG
Q01621,ROLE050,SK076,Explain the fundamentals of skill SK076 for ROLE050.,Intermediate,Technical,"Candidate should explain concepts, practical applications, advantages, limitations, and industry use cases of SK076.","SK076, fundamentals, implementation, best practices",Startup
Q01622,ROLE050,SK077,Explain the fundamentals of skill SK077 for ROLE050.,Advanced,Coding,"Candidate should explain concepts, practical applications, advantages, limitations, and industry use cases of SK077.","SK077, fundamentals, implementation, best practices",Mid-size
Q01623,ROLE050,SK078,Explain the fundamentals of skill SK078 for ROLE050.,Beginner,HR,"Candidate should explain concepts, practical applications, advantages, limitations, and industry use cases of SK078.","SK078, fundamentals, implementation, best practices",MNC
Q01624,ROLE050,SK079,Explain the fundamentals of skill SK079 for ROLE050.,Intermediate,Scenario,"Candidate should explain concepts, practical applications, advantages, limitations, and industry use cases of SK079.","SK079, fundamentals, implementation, best practices",FAANG
Q01625,ROLE050,SK080,Explain the fundamentals of skill SK080 for ROLE050.,Advanced,Technical,"Candidate should explain concepts, practical applications, advantages, limitations, and industry use cases of SK080.","SK080, fundamentals, implementation, best practices",Startup
Q01626,ROLE050,SK081,Explain the fundamentals of skill SK081 for ROLE050.,Beginner,Coding,"Candidate should explain concepts, practical applications, advantages, limitations, and industry use cases of SK081.","SK081, fundamentals, implementation, best practices",Mid-size
Q01627,ROLE050,SK082,Explain the fundamentals of skill SK082 for ROLE050.,Intermediate,HR,"Candidate should explain concepts, practical applications, advantages, limitations, and industry use cases of SK082.","SK082, fundamentals, implementation, best practices",MNC
Q01628,ROLE050,SK083,Explain the fundamentals of skill SK083 for ROLE050.,Advanced,Scenario,"Candidate should explain concepts, practical applications, advantages, limitations, and industry use cases of SK083.","SK083, fundamentals, implementation, best practices",FAANG
Q01629,ROLE050,SK084,Explain the fundamentals of skill SK084 for ROLE050.,Beginner,Technical,"Candidate should explain concepts, practical applications, advantages, limitations, and industry use cases of SK084.","SK084, fundamentals, implementation, best practices",Startup
Q01630,ROLE050,SK085,Explain the fundamentals of skill SK085 for ROLE050.,Intermediate,Coding,"Candidate should explain concepts, practical applications, advantages, limitations, and industry use cases of SK085.","SK085, fundamentals, implementation, best practices",Mid-size
Q01631,ROLE050,SK086,Explain the fundamentals of skill SK086 for ROLE050.,Advanced,HR,"Candidate should explain concepts, practical applications, advantages, limitations, and industry use cases of SK086.","SK086, fundamentals, implementation, best practices",MNC
Q01632,ROLE050,SK087,Explain the fundamentals of skill SK087 for ROLE050.,Beginner,Scenario,"Candidate should explain concepts, practical applications, advantages, limitations, and industry use cases of SK087.","SK087, fundamentals, implementation, best practices",FAANG
Q01633,ROLE050,SK088,Explain the fundamentals of skill SK088 for ROLE050.,Intermediate,Technical,"Candidate should explain concepts, practical applications, advantages, limitations, and industry use cases of SK088.","SK088, fundamentals, implementation, best practices",Startup
Q01634,ROLE050,SK089,Explain the fundamentals of skill SK089 for ROLE050.,Advanced,Coding,"Candidate should explain concepts, practical applications, advantages, limitations, and industry use cases of SK089.","SK089, fundamentals, implementation, best practices",Mid-size
Q01635,ROLE050,SK090,Explain the fundamentals of skill SK090 for ROLE050.,Beginner,HR,"Candidate should explain concepts, practical applications, advantages, limitations, and industry use cases of SK090.","SK090, fundamentals, implementation, best practices",MNC
Q01636,ROLE050,SK091,Explain the fundamentals of skill SK091 for ROLE050.,Intermediate,Scenario,"Candidate should explain concepts, practical applications, advantages, limitations, and industry use cases of SK091.","SK091, fundamentals, implementation, best practices",FAANG
Q01637,ROLE050,SK092,Explain the fundamentals of skill SK092 for ROLE050.,Advanced,Technical,"Candidate should explain concepts, practical applications, advantages, limitations, and industry use cases of SK092.","SK092, fundamentals, implementation, best practices",Startup
Q01638,ROLE050,SK093,Explain the fundamentals of skill SK093 for ROLE050.,Beginner,Coding,"Candidate should explain concepts, practical applications, advantages, limitations, and industry use cases of SK093.","SK093, fundamentals, implementation, best practices",Mid-size
Q01639,ROLE050,SK094,Explain the fundamentals of skill SK094 for ROLE050.,Intermediate,HR,"Candidate should explain concepts, practical applications, advantages, limitations, and industry use cases of SK094.","SK094, fundamentals, implementation, best practices",MNC
Q01640,ROLE050,SK095,Explain the fundamentals of skill SK095 for ROLE050.,Advanced,Scenario,"Candidate should explain concepts, practical applications, advantages, limitations, and industry use cases of SK095.","SK095, fundamentals, implementation, best practices",FAANG
Q01641,ROLE050,SK096,Explain the fundamentals of skill SK096 for ROLE050.,Beginner,Technical,"Candidate should explain concepts, practical applications, advantages, limitations, and industry use cases of SK096.","SK096, fundamentals, implementation, best practices",Startup
Q01642,ROLE050,SK097,Explain the fundamentals of skill SK097 for ROLE050.,Intermediate,Coding,"Candidate should explain concepts, practical applications, advantages, limitations, and industry use cases of SK097.","SK097, fundamentals, implementation, best practices",Mid-size
Q01643,ROLE050,SK098,Explain the fundamentals of skill SK098 for ROLE050.,Advanced,HR,"Candidate should explain concepts, practical applications, advantages, limitations, and industry use cases of SK098.","SK098, fundamentals, implementation, best practices",MNC
Q01644,ROLE050,SK099,Explain the fundamentals of skill SK099 for ROLE050.,Beginner,Scenario,"Candidate should explain concepts, practical applications, advantages, limitations, and industry use cases of SK099.","SK099, fundamentals, implementation, best practices",FAANG
Q01645,ROLE050,SK100,Explain the fundamentals of skill SK100 for ROLE050.,Intermediate,Technical,"Candidate should explain concepts, practical applications, advantages, limitations, and industry use cases of SK100.","SK100, fundamentals, implementation, best practices",Startup
Q01646,ROLE050,SK101,Explain the fundamentals of skill SK101 for ROLE050.,Advanced,Coding,"Candidate should explain concepts, practical applications, advantages, limitations, and industry use cases of SK101.","SK101, fundamentals, implementation, best practices",Mid-size
Q01647,ROLE050,SK102,Explain the fundamentals of skill SK102 for ROLE050.,Beginner,HR,"Candidate should explain concepts, practical applications, advantages, limitations, and industry use cases of SK102.","SK102, fundamentals, implementation, best practices",MNC
Q01648,ROLE050,SK103,Explain the fundamentals of skill SK103 for ROLE050.,Intermediate,Scenario,"Candidate should explain concepts, practical applications, advantages, limitations, and industry use cases of SK103.","SK103, fundamentals, implementation, best practices",FAANG
Q01649,ROLE050,SK104,Explain the fundamentals of skill SK104 for ROLE050.,Advanced,Technical,"Candidate should explain concepts, practical applications, advantages, limitations, and industry use cases of SK104.","SK104, fundamentals, implementation, best practices",Startup
Q01650,ROLE050,SK105,Explain the fundamentals of skill SK105 for ROLE050.,Beginner,Coding,"Candidate should explain concepts, practical applications, advantages, limitations, and industry use cases of SK105.","SK105, fundamentals, implementation, best practices",Mid-size
Q01651,ROLE051,SK080,Explain the fundamentals of skill SK080 for ROLE051.,Intermediate,Coding,"Candidate should explain concepts, practical applications, advantages, limitations, and industry use cases of SK080.","SK080, fundamentals, implementation, best practices",Mid-size
Q01652,ROLE051,SK081,Explain the fundamentals of skill SK081 for ROLE051.,Advanced,HR,"Candidate should explain concepts, practical applications, advantages, limitations, and industry use cases of SK081.","SK081, fundamentals, implementation, best practices",MNC
Q01653,ROLE051,SK082,Explain the fundamentals of skill SK082 for ROLE051.,Beginner,Scenario,"Candidate should explain concepts, practical applications, advantages, limitations, and industry use cases of SK082.","SK082, fundamentals, implementation, best practices",FAANG
Q01654,ROLE051,SK083,Explain the fundamentals of skill SK083 for ROLE051.,Intermediate,Technical,"Candidate should explain concepts, practical applications, advantages, limitations, and industry use cases of SK083.","SK083, fundamentals, implementation, best practices",Startup
Q01655,ROLE051,SK084,Explain the fundamentals of skill SK084 for ROLE051.,Advanced,Coding,"Candidate should explain concepts, practical applications, advantages, limitations, and industry use cases of SK084.","SK084, fundamentals, implementation, best practices",Mid-size
Q01656,ROLE051,SK085,Explain the fundamentals of skill SK085 for ROLE051.,Beginner,HR,"Candidate should explain concepts, practical applications, advantages, limitations, and industry use cases of SK085.","SK085, fundamentals, implementation, best practices",MNC
Q01657,ROLE051,SK086,Explain the fundamentals of skill SK086 for ROLE051.,Intermediate,Scenario,"Candidate should explain concepts, practical applications, advantages, limitations, and industry use cases of SK086.","SK086, fundamentals, implementation, best practices",FAANG
Q01658,ROLE051,SK087,Explain the fundamentals of skill SK087 for ROLE051.,Advanced,Technical,"Candidate should explain concepts, practical applications, advantages, limitations, and industry use cases of SK087.","SK087, fundamentals, implementation, best practices",Startup
Q01659,ROLE051,SK088,Explain the fundamentals of skill SK088 for ROLE051.,Beginner,Coding,"Candidate should explain concepts, practical applications, advantages, limitations, and industry use cases of SK088.","SK088, fundamentals, implementation, best practices",Mid-size
Q01660,ROLE051,SK089,Explain the fundamentals of skill SK089 for ROLE051.,Intermediate,HR,"Candidate should explain concepts, practical applications, advantages, limitations, and industry use cases of SK089.","SK089, fundamentals, implementation, best practices",MNC
Q01661,ROLE051,SK090,Explain the fundamentals of skill SK090 for ROLE051.,Advanced,Scenario,"Candidate should explain concepts, practical applications, advantages, limitations, and industry use cases of SK090.","SK090, fundamentals, implementation, best practices",FAANG
Q01662,ROLE051,SK091,Explain the fundamentals of skill SK091 for ROLE051.,Beginner,Technical,"Candidate should explain concepts, practical applications, advantages, limitations, and industry use cases of SK091.","SK091, fundamentals, implementation, best practices",Startup
Q01663,ROLE051,SK092,Explain the fundamentals of skill SK092 for ROLE051.,Intermediate,Coding,"Candidate should explain concepts, practical applications, advantages, limitations, and industry use cases of SK092.","SK092, fundamentals, implementation, best practices",Mid-size
Q01664,ROLE051,SK093,Explain the fundamentals of skill SK093 for ROLE051.,Advanced,HR,"Candidate should explain concepts, practical applications, advantages, limitations, and industry use cases of SK093.","SK093, fundamentals, implementation, best practices",MNC
Q01665,ROLE051,SK094,Explain the fundamentals of skill SK094 for ROLE051.,Beginner,Scenario,"Candidate should explain concepts, practical applications, advantages, limitations, and industry use cases of SK094.","SK094, fundamentals, implementation, best practices",FAANG
Q01666,ROLE051,SK095,Explain the fundamentals of skill SK095 for ROLE051.,Intermediate,Technical,"Candidate should explain concepts, practical applications, advantages, limitations, and industry use cases of SK095.","SK095, fundamentals, implementation, best practices",Startup
Q01667,ROLE051,SK096,Explain the fundamentals of skill SK096 for ROLE051.,Advanced,Coding,"Candidate should explain concepts, practical applications, advantages, limitations, and industry use cases of SK096.","SK096, fundamentals, implementation, best practices",Mid-size
Q01668,ROLE051,SK097,Explain the fundamentals of skill SK097 for ROLE051.,Beginner,HR,"Candidate should explain concepts, practical applications, advantages, limitations, and industry use cases of SK097.","SK097, fundamentals, implementation, best practices",MNC
Q01669,ROLE051,SK098,Explain the fundamentals of skill SK098 for ROLE051.,Intermediate,Scenario,"Candidate should explain concepts, practical applications, advantages, limitations, and industry use cases of SK098.","SK098, fundamentals, implementation, best practices",FAANG
Q01670,ROLE051,SK099,Explain the fundamentals of skill SK099 for ROLE051.,Advanced,Technical,"Candidate should explain concepts, practical applications, advantages, limitations, and industry use cases of SK099.","SK099, fundamentals, implementation, best practices",Startup
Q01671,ROLE051,SK100,Explain the fundamentals of skill SK100 for ROLE051.,Beginner,Coding,"Candidate should explain concepts, practical applications, advantages, limitations, and industry use cases of SK100.","SK100, fundamentals, implementation, best practices",Mid-size
Q01672,ROLE051,SK101,Explain the fundamentals of skill SK101 for ROLE051.,Intermediate,HR,"Candidate should explain concepts, practical applications, advantages, limitations, and industry use cases of SK101.","SK101, fundamentals, implementation, best practices",MNC
Q01673,ROLE051,SK102,Explain the fundamentals of skill SK102 for ROLE051.,Advanced,Scenario,"Candidate should explain concepts, practical applications, advantages, limitations, and industry use cases of SK102.","SK102, fundamentals, implementation, best practices",FAANG
Q01674,ROLE051,SK103,Explain the fundamentals of skill SK103 for ROLE051.,Beginner,Technical,"Candidate should explain concepts, practical applications, advantages, limitations, and industry use cases of SK103.","SK103, fundamentals, implementation, best practices",Startup
Q01675,ROLE051,SK104,Explain the fundamentals of skill SK104 for ROLE051.,Intermediate,Coding,"Candidate should explain concepts, practical applications, advantages, limitations, and industry use cases of SK104.","SK104, fundamentals, implementation, best practices",Mid-size
Q01676,ROLE051,SK105,Explain the fundamentals of skill SK105 for ROLE051.,Advanced,HR,"Candidate should explain concepts, practical applications, advantages, limitations, and industry use cases of SK105.","SK105, fundamentals, implementation, best practices",MNC
Q01677,ROLE051,SK106,Explain the fundamentals of skill SK106 for ROLE051.,Beginner,Scenario,"Candidate should explain concepts, practical applications, advantages, limitations, and industry use cases of SK106.","SK106, fundamentals, implementation, best practices",FAANG
Q01678,ROLE051,SK107,Explain the fundamentals of skill SK107 for ROLE051.,Intermediate,Technical,"Candidate should explain concepts, practical applications, advantages, limitations, and industry use cases of SK107.","SK107, fundamentals, implementation, best practices",Startup
Q01679,ROLE051,SK108,Explain the fundamentals of skill SK108 for ROLE051.,Advanced,Coding,"Candidate should explain concepts, practical applications, advantages, limitations, and industry use cases of SK108.","SK108, fundamentals, implementation, best practices",Mid-size
Q01680,ROLE051,SK109,Explain the fundamentals of skill SK109 for ROLE051.,Beginner,HR,"Candidate should explain concepts, practical applications, advantages, limitations, and industry use cases of SK109.","SK109, fundamentals, implementation, best practices",MNC
Q01681,ROLE051,SK110,Explain the fundamentals of skill SK110 for ROLE051.,Intermediate,Scenario,"Candidate should explain concepts, practical applications, advantages, limitations, and industry use cases of SK110.","SK110, fundamentals, implementation, best practices",FAANG
Q01682,ROLE051,SK111,Explain the fundamentals of skill SK111 for ROLE051.,Advanced,Technical,"Candidate should explain concepts, practical applications, advantages, limitations, and industry use cases of SK111.","SK111, fundamentals, implementation, best practices",Startup
Q01683,ROLE051,SK112,Explain the fundamentals of skill SK112 for ROLE051.,Beginner,Coding,"Candidate should explain concepts, practical applications, advantages, limitations, and industry use cases of SK112.","SK112, fundamentals, implementation, best practices",Mid-size
Q01684,ROLE052,SK087,Explain the fundamentals of skill SK087 for ROLE052.,Intermediate,Coding,"Candidate should explain concepts, practical applications, advantages, limitations, and industry use cases of SK087.","SK087, fundamentals, implementation, best practices",Mid-size
Q01685,ROLE052,SK088,Explain the fundamentals of skill SK088 for ROLE052.,Advanced,HR,"Candidate should explain concepts, practical applications, advantages, limitations, and industry use cases of SK088.","SK088, fundamentals, implementation, best practices",MNC
Q01686,ROLE052,SK089,Explain the fundamentals of skill SK089 for ROLE052.,Beginner,Scenario,"Candidate should explain concepts, practical applications, advantages, limitations, and industry use cases of SK089.","SK089, fundamentals, implementation, best practices",FAANG
Q01687,ROLE052,SK090,Explain the fundamentals of skill SK090 for ROLE052.,Intermediate,Technical,"Candidate should explain concepts, practical applications, advantages, limitations, and industry use cases of SK090.","SK090, fundamentals, implementation, best practices",Startup
Q01688,ROLE052,SK091,Explain the fundamentals of skill SK091 for ROLE052.,Advanced,Coding,"Candidate should explain concepts, practical applications, advantages, limitations, and industry use cases of SK091.","SK091, fundamentals, implementation, best practices",Mid-size
Q01689,ROLE052,SK092,Explain the fundamentals of skill SK092 for ROLE052.,Beginner,HR,"Candidate should explain concepts, practical applications, advantages, limitations, and industry use cases of SK092.","SK092, fundamentals, implementation, best practices",MNC
Q01690,ROLE052,SK093,Explain the fundamentals of skill SK093 for ROLE052.,Intermediate,Scenario,"Candidate should explain concepts, practical applications, advantages, limitations, and industry use cases of SK093.","SK093, fundamentals, implementation, best practices",FAANG
Q01691,ROLE052,SK094,Explain the fundamentals of skill SK094 for ROLE052.,Advanced,Technical,"Candidate should explain concepts, practical applications, advantages, limitations, and industry use cases of SK094.","SK094, fundamentals, implementation, best practices",Startup
Q01692,ROLE052,SK095,Explain the fundamentals of skill SK095 for ROLE052.,Beginner,Coding,"Candidate should explain concepts, practical applications, advantages, limitations, and industry use cases of SK095.","SK095, fundamentals, implementation, best practices",Mid-size
Q01693,ROLE052,SK096,Explain the fundamentals of skill SK096 for ROLE052.,Intermediate,HR,"Candidate should explain concepts, practical applications, advantages, limitations, and industry use cases of SK096.","SK096, fundamentals, implementation, best practices",MNC
Q01694,ROLE052,SK097,Explain the fundamentals of skill SK097 for ROLE052.,Advanced,Scenario,"Candidate should explain concepts, practical applications, advantages, limitations, and industry use cases of SK097.","SK097, fundamentals, implementation, best practices",FAANG
Q01695,ROLE052,SK098,Explain the fundamentals of skill SK098 for ROLE052.,Beginner,Technical,"Candidate should explain concepts, practical applications, advantages, limitations, and industry use cases of SK098.","SK098, fundamentals, implementation, best practices",Startup
Q01696,ROLE052,SK099,Explain the fundamentals of skill SK099 for ROLE052.,Intermediate,Coding,"Candidate should explain concepts, practical applications, advantages, limitations, and industry use cases of SK099.","SK099, fundamentals, implementation, best practices",Mid-size
Q01697,ROLE052,SK100,Explain the fundamentals of skill SK100 for ROLE052.,Advanced,HR,"Candidate should explain concepts, practical applications, advantages, limitations, and industry use cases of SK100.","SK100, fundamentals, implementation, best practices",MNC
Q01698,ROLE052,SK101,Explain the fundamentals of skill SK101 for ROLE052.,Beginner,Scenario,"Candidate should explain concepts, practical applications, advantages, limitations, and industry use cases of SK101.","SK101, fundamentals, implementation, best practices",FAANG
Q01699,ROLE052,SK102,Explain the fundamentals of skill SK102 for ROLE052.,Intermediate,Technical,"Candidate should explain concepts, practical applications, advantages, limitations, and industry use cases of SK102.","SK102, fundamentals, implementation, best practices",Startup
Q01700,ROLE052,SK103,Explain the fundamentals of skill SK103 for ROLE052.,Advanced,Coding,"Candidate should explain concepts, practical applications, advantages, limitations, and industry use cases of SK103.","SK103, fundamentals, implementation, best practices",Mid-size
Q01701,ROLE052,SK104,Explain the fundamentals of skill SK104 for ROLE052.,Beginner,HR,"Candidate should explain concepts, practical applications, advantages, limitations, and industry use cases of SK104.","SK104, fundamentals, implementation, best practices",MNC
Q01702,ROLE052,SK105,Explain the fundamentals of skill SK105 for ROLE052.,Intermediate,Scenario,"Candidate should explain concepts, practical applications, advantages, limitations, and industry use cases of SK105.","SK105, fundamentals, implementation, best practices",FAANG
Q01703,ROLE052,SK106,Explain the fundamentals of skill SK106 for ROLE052.,Advanced,Technical,"Candidate should explain concepts, practical applications, advantages, limitations, and industry use cases of SK106.","SK106, fundamentals, implementation, best practices",Startup
Q01704,ROLE052,SK107,Explain the fundamentals of skill SK107 for ROLE052.,Beginner,Coding,"Candidate should explain concepts, practical applications, advantages, limitations, and industry use cases of SK107.","SK107, fundamentals, implementation, best practices",Mid-size
Q01705,ROLE052,SK108,Explain the fundamentals of skill SK108 for ROLE052.,Intermediate,HR,"Candidate should explain concepts, practical applications, advantages, limitations, and industry use cases of SK108.","SK108, fundamentals, implementation, best practices",MNC
Q01706,ROLE052,SK109,Explain the fundamentals of skill SK109 for ROLE052.,Advanced,Scenario,"Candidate should explain concepts, practical applications, advantages, limitations, and industry use cases of SK109.","SK109, fundamentals, implementation, best practices",FAANG
Q01707,ROLE052,SK110,Explain the fundamentals of skill SK110 for ROLE052.,Beginner,Technical,"Candidate should explain concepts, practical applications, advantages, limitations, and industry use cases of SK110.","SK110, fundamentals, implementation, best practices",Startup
Q01708,ROLE052,SK111,Explain the fundamentals of skill SK111 for ROLE052.,Intermediate,Coding,"Candidate should explain concepts, practical applications, advantages, limitations, and industry use cases of SK111.","SK111, fundamentals, implementation, best practices",Mid-size
Q01709,ROLE052,SK112,Explain the fundamentals of skill SK112 for ROLE052.,Advanced,HR,"Candidate should explain concepts, practical applications, advantages, limitations, and industry use cases of SK112.","SK112, fundamentals, implementation, best practices",MNC
Q01710,ROLE052,SK113,Explain the fundamentals of skill SK113 for ROLE052.,Beginner,Scenario,"Candidate should explain concepts, practical applications, advantages, limitations, and industry use cases of SK113.","SK113, fundamentals, implementation, best practices",FAANG
Q01711,ROLE052,SK114,Explain the fundamentals of skill SK114 for ROLE052.,Intermediate,Technical,"Candidate should explain concepts, practical applications, advantages, limitations, and industry use cases of SK114.","SK114, fundamentals, implementation, best practices",Startup
Q01712,ROLE052,SK115,Explain the fundamentals of skill SK115 for ROLE052.,Advanced,Coding,"Candidate should explain concepts, practical applications, advantages, limitations, and industry use cases of SK115.","SK115, fundamentals, implementation, best practices",Mid-size
Q01713,ROLE052,SK116,Explain the fundamentals of skill SK116 for ROLE052.,Beginner,HR,"Candidate should explain concepts, practical applications, advantages, limitations, and industry use cases of SK116.","SK116, fundamentals, implementation, best practices",MNC
Q01714,ROLE052,SK117,Explain the fundamentals of skill SK117 for ROLE052.,Intermediate,Scenario,"Candidate should explain concepts, practical applications, advantages, limitations, and industry use cases of SK117.","SK117, fundamentals, implementation, best practices",FAANG
Q01715,ROLE052,SK118,Explain the fundamentals of skill SK118 for ROLE052.,Advanced,Technical,"Candidate should explain concepts, practical applications, advantages, limitations, and industry use cases of SK118.","SK118, fundamentals, implementation, best practices",Startup
Q01716,ROLE052,SK119,Explain the fundamentals of skill SK119 for ROLE052.,Beginner,Coding,"Candidate should explain concepts, practical applications, advantages, limitations, and industry use cases of SK119.","SK119, fundamentals, implementation, best practices",Mid-size
Q01717,ROLE053,SK094,Explain the fundamentals of skill SK094 for ROLE053.,Intermediate,Coding,"Candidate should explain concepts, practical applications, advantages, limitations, and industry use cases of SK094.","SK094, fundamentals, implementation, best practices",Mid-size
Q01718,ROLE053,SK095,Explain the fundamentals of skill SK095 for ROLE053.,Advanced,HR,"Candidate should explain concepts, practical applications, advantages, limitations, and industry use cases of SK095.","SK095, fundamentals, implementation, best practices",MNC
Q01719,ROLE053,SK096,Explain the fundamentals of skill SK096 for ROLE053.,Beginner,Scenario,"Candidate should explain concepts, practical applications, advantages, limitations, and industry use cases of SK096.","SK096, fundamentals, implementation, best practices",FAANG
Q01720,ROLE053,SK097,Explain the fundamentals of skill SK097 for ROLE053.,Intermediate,Technical,"Candidate should explain concepts, practical applications, advantages, limitations, and industry use cases of SK097.","SK097, fundamentals, implementation, best practices",Startup
Q01721,ROLE053,SK098,Explain the fundamentals of skill SK098 for ROLE053.,Advanced,Coding,"Candidate should explain concepts, practical applications, advantages, limitations, and industry use cases of SK098.","SK098, fundamentals, implementation, best practices",Mid-size
Q01722,ROLE053,SK099,Explain the fundamentals of skill SK099 for ROLE053.,Beginner,HR,"Candidate should explain concepts, practical applications, advantages, limitations, and industry use cases of SK099.","SK099, fundamentals, implementation, best practices",MNC
Q01723,ROLE053,SK100,Explain the fundamentals of skill SK100 for ROLE053.,Intermediate,Scenario,"Candidate should explain concepts, practical applications, advantages, limitations, and industry use cases of SK100.","SK100, fundamentals, implementation, best practices",FAANG
Q01724,ROLE053,SK101,Explain the fundamentals of skill SK101 for ROLE053.,Advanced,Technical,"Candidate should explain concepts, practical applications, advantages, limitations, and industry use cases of SK101.","SK101, fundamentals, implementation, best practices",Startup
Q01725,ROLE053,SK102,Explain the fundamentals of skill SK102 for ROLE053.,Beginner,Coding,"Candidate should explain concepts, practical applications, advantages, limitations, and industry use cases of SK102.","SK102, fundamentals, implementation, best practices",Mid-size
Q01726,ROLE053,SK103,Explain the fundamentals of skill SK103 for ROLE053.,Intermediate,HR,"Candidate should explain concepts, practical applications, advantages, limitations, and industry use cases of SK103.","SK103, fundamentals, implementation, best practices",MNC
Q01727,ROLE053,SK104,Explain the fundamentals of skill SK104 for ROLE053.,Advanced,Scenario,"Candidate should explain concepts, practical applications, advantages, limitations, and industry use cases of SK104.","SK104, fundamentals, implementation, best practices",FAANG
Q01728,ROLE053,SK105,Explain the fundamentals of skill SK105 for ROLE053.,Beginner,Technical,"Candidate should explain concepts, practical applications, advantages, limitations, and industry use cases of SK105.","SK105, fundamentals, implementation, best practices",Startup
Q01729,ROLE053,SK106,Explain the fundamentals of skill SK106 for ROLE053.,Intermediate,Coding,"Candidate should explain concepts, practical applications, advantages, limitations, and industry use cases of SK106.","SK106, fundamentals, implementation, best practices",Mid-size
Q01730,ROLE053,SK107,Explain the fundamentals of skill SK107 for ROLE053.,Advanced,HR,"Candidate should explain concepts, practical applications, advantages, limitations, and industry use cases of SK107.","SK107, fundamentals, implementation, best practices",MNC
Q01731,ROLE053,SK108,Explain the fundamentals of skill SK108 for ROLE053.,Beginner,Scenario,"Candidate should explain concepts, practical applications, advantages, limitations, and industry use cases of SK108.","SK108, fundamentals, implementation, best practices",FAANG
Q01732,ROLE053,SK109,Explain the fundamentals of skill SK109 for ROLE053.,Intermediate,Technical,"Candidate should explain concepts, practical applications, advantages, limitations, and industry use cases of SK109.","SK109, fundamentals, implementation, best practices",Startup
Q01733,ROLE053,SK110,Explain the fundamentals of skill SK110 for ROLE053.,Advanced,Coding,"Candidate should explain concepts, practical applications, advantages, limitations, and industry use cases of SK110.","SK110, fundamentals, implementation, best practices",Mid-size
Q01734,ROLE053,SK111,Explain the fundamentals of skill SK111 for ROLE053.,Beginner,HR,"Candidate should explain concepts, practical applications, advantages, limitations, and industry use cases of SK111.","SK111, fundamentals, implementation, best practices",MNC
Q01735,ROLE053,SK112,Explain the fundamentals of skill SK112 for ROLE053.,Intermediate,Scenario,"Candidate should explain concepts, practical applications, advantages, limitations, and industry use cases of SK112.","SK112, fundamentals, implementation, best practices",FAANG
Q01736,ROLE053,SK113,Explain the fundamentals of skill SK113 for ROLE053.,Advanced,Technical,"Candidate should explain concepts, practical applications, advantages, limitations, and industry use cases of SK113.","SK113, fundamentals, implementation, best practices",Startup
Q01737,ROLE053,SK114,Explain the fundamentals of skill SK114 for ROLE053.,Beginner,Coding,"Candidate should explain concepts, practical applications, advantages, limitations, and industry use cases of SK114.","SK114, fundamentals, implementation, best practices",Mid-size
Q01738,ROLE053,SK115,Explain the fundamentals of skill SK115 for ROLE053.,Intermediate,HR,"Candidate should explain concepts, practical applications, advantages, limitations, and industry use cases of SK115.","SK115, fundamentals, implementation, best practices",MNC
Q01739,ROLE053,SK116,Explain the fundamentals of skill SK116 for ROLE053.,Advanced,Scenario,"Candidate should explain concepts, practical applications, advantages, limitations, and industry use cases of SK116.","SK116, fundamentals, implementation, best practices",FAANG
Q01740,ROLE053,SK117,Explain the fundamentals of skill SK117 for ROLE053.,Beginner,Technical,"Candidate should explain concepts, practical applications, advantages, limitations, and industry use cases of SK117.","SK117, fundamentals, implementation, best practices",Startup
Q01741,ROLE053,SK118,Explain the fundamentals of skill SK118 for ROLE053.,Intermediate,Coding,"Candidate should explain concepts, practical applications, advantages, limitations, and industry use cases of SK118.","SK118, fundamentals, implementation, best practices",Mid-size
Q01742,ROLE053,SK119,Explain the fundamentals of skill SK119 for ROLE053.,Advanced,HR,"Candidate should explain concepts, practical applications, advantages, limitations, and industry use cases of SK119.","SK119, fundamentals, implementation, best practices",MNC
Q01743,ROLE053,SK120,Explain the fundamentals of skill SK120 for ROLE053.,Beginner,Scenario,"Candidate should explain concepts, practical applications, advantages, limitations, and industry use cases of SK120.","SK120, fundamentals, implementation, best practices",FAANG
Q01744,ROLE053,SK121,Explain the fundamentals of skill SK121 for ROLE053.,Intermediate,Technical,"Candidate should explain concepts, practical applications, advantages, limitations, and industry use cases of SK121.","SK121, fundamentals, implementation, best practices",Startup
Q01745,ROLE053,SK122,Explain the fundamentals of skill SK122 for ROLE053.,Advanced,Coding,"Candidate should explain concepts, practical applications, advantages, limitations, and industry use cases of SK122.","SK122, fundamentals, implementation, best practices",Mid-size
Q01746,ROLE053,SK123,Explain the fundamentals of skill SK123 for ROLE053.,Beginner,HR,"Candidate should explain concepts, practical applications, advantages, limitations, and industry use cases of SK123.","SK123, fundamentals, implementation, best practices",MNC
Q01747,ROLE053,SK124,Explain the fundamentals of skill SK124 for ROLE053.,Intermediate,Scenario,"Candidate should explain concepts, practical applications, advantages, limitations, and industry use cases of SK124.","SK124, fundamentals, implementation, best practices",FAANG
Q01748,ROLE053,SK125,Explain the fundamentals of skill SK125 for ROLE053.,Advanced,Technical,"Candidate should explain concepts, practical applications, advantages, limitations, and industry use cases of SK125.","SK125, fundamentals, implementation, best practices",Startup
Q01749,ROLE053,SK126,Explain the fundamentals of skill SK126 for ROLE053.,Beginner,Coding,"Candidate should explain concepts, practical applications, advantages, limitations, and industry use cases of SK126.","SK126, fundamentals, implementation, best practices",Mid-size
Q01750,ROLE054,SK101,Explain the fundamentals of skill SK101 for ROLE054.,Intermediate,Coding,"Candidate should explain concepts, practical applications, advantages, limitations, and industry use cases of SK101.","SK101, fundamentals, implementation, best practices",Mid-size
Q01751,ROLE054,SK102,Explain the fundamentals of skill SK102 for ROLE054.,Advanced,HR,"Candidate should explain concepts, practical applications, advantages, limitations, and industry use cases of SK102.","SK102, fundamentals, implementation, best practices",MNC
Q01752,ROLE054,SK103,Explain the fundamentals of skill SK103 for ROLE054.,Beginner,Scenario,"Candidate should explain concepts, practical applications, advantages, limitations, and industry use cases of SK103.","SK103, fundamentals, implementation, best practices",FAANG
Q01753,ROLE054,SK104,Explain the fundamentals of skill SK104 for ROLE054.,Intermediate,Technical,"Candidate should explain concepts, practical applications, advantages, limitations, and industry use cases of SK104.","SK104, fundamentals, implementation, best practices",Startup
Q01754,ROLE054,SK105,Explain the fundamentals of skill SK105 for ROLE054.,Advanced,Coding,"Candidate should explain concepts, practical applications, advantages, limitations, and industry use cases of SK105.","SK105, fundamentals, implementation, best practices",Mid-size
Q01755,ROLE054,SK106,Explain the fundamentals of skill SK106 for ROLE054.,Beginner,HR,"Candidate should explain concepts, practical applications, advantages, limitations, and industry use cases of SK106.","SK106, fundamentals, implementation, best practices",MNC
Q01756,ROLE054,SK107,Explain the fundamentals of skill SK107 for ROLE054.,Intermediate,Scenario,"Candidate should explain concepts, practical applications, advantages, limitations, and industry use cases of SK107.","SK107, fundamentals, implementation, best practices",FAANG
Q01757,ROLE054,SK108,Explain the fundamentals of skill SK108 for ROLE054.,Advanced,Technical,"Candidate should explain concepts, practical applications, advantages, limitations, and industry use cases of SK108.","SK108, fundamentals, implementation, best practices",Startup
Q01758,ROLE054,SK109,Explain the fundamentals of skill SK109 for ROLE054.,Beginner,Coding,"Candidate should explain concepts, practical applications, advantages, limitations, and industry use cases of SK109.","SK109, fundamentals, implementation, best practices",Mid-size
Q01759,ROLE054,SK110,Explain the fundamentals of skill SK110 for ROLE054.,Intermediate,HR,"Candidate should explain concepts, practical applications, advantages, limitations, and industry use cases of SK110.","SK110, fundamentals, implementation, best practices",MNC
Q01760,ROLE054,SK111,Explain the fundamentals of skill SK111 for ROLE054.,Advanced,Scenario,"Candidate should explain concepts, practical applications, advantages, limitations, and industry use cases of SK111.","SK111, fundamentals, implementation, best practices",FAANG
Q01761,ROLE054,SK112,Explain the fundamentals of skill SK112 for ROLE054.,Beginner,Technical,"Candidate should explain concepts, practical applications, advantages, limitations, and industry use cases of SK112.","SK112, fundamentals, implementation, best practices",Startup
Q01762,ROLE054,SK113,Explain the fundamentals of skill SK113 for ROLE054.,Intermediate,Coding,"Candidate should explain concepts, practical applications, advantages, limitations, and industry use cases of SK113.","SK113, fundamentals, implementation, best practices",Mid-size
Q01763,ROLE054,SK114,Explain the fundamentals of skill SK114 for ROLE054.,Advanced,HR,"Candidate should explain concepts, practical applications, advantages, limitations, and industry use cases of SK114.","SK114, fundamentals, implementation, best practices",MNC
Q01764,ROLE054,SK115,Explain the fundamentals of skill SK115 for ROLE054.,Beginner,Scenario,"Candidate should explain concepts, practical applications, advantages, limitations, and industry use cases of SK115.","SK115, fundamentals, implementation, best practices",FAANG
Q01765,ROLE054,SK116,Explain the fundamentals of skill SK116 for ROLE054.,Intermediate,Technical,"Candidate should explain concepts, practical applications, advantages, limitations, and industry use cases of SK116.","SK116, fundamentals, implementation, best practices",Startup
Q01766,ROLE054,SK117,Explain the fundamentals of skill SK117 for ROLE054.,Advanced,Coding,"Candidate should explain concepts, practical applications, advantages, limitations, and industry use cases of SK117.","SK117, fundamentals, implementation, best practices",Mid-size
Q01767,ROLE054,SK118,Explain the fundamentals of skill SK118 for ROLE054.,Beginner,HR,"Candidate should explain concepts, practical applications, advantages, limitations, and industry use cases of SK118.","SK118, fundamentals, implementation, best practices",MNC
Q01768,ROLE054,SK119,Explain the fundamentals of skill SK119 for ROLE054.,Intermediate,Scenario,"Candidate should explain concepts, practical applications, advantages, limitations, and industry use cases of SK119.","SK119, fundamentals, implementation, best practices",FAANG
Q01769,ROLE054,SK120,Explain the fundamentals of skill SK120 for ROLE054.,Advanced,Technical,"Candidate should explain concepts, practical applications, advantages, limitations, and industry use cases of SK120.","SK120, fundamentals, implementation, best practices",Startup
Q01770,ROLE054,SK121,Explain the fundamentals of skill SK121 for ROLE054.,Beginner,Coding,"Candidate should explain concepts, practical applications, advantages, limitations, and industry use cases of SK121.","SK121, fundamentals, implementation, best practices",Mid-size
Q01771,ROLE054,SK122,Explain the fundamentals of skill SK122 for ROLE054.,Intermediate,HR,"Candidate should explain concepts, practical applications, advantages, limitations, and industry use cases of SK122.","SK122, fundamentals, implementation, best practices",MNC
Q01772,ROLE054,SK123,Explain the fundamentals of skill SK123 for ROLE054.,Advanced,Scenario,"Candidate should explain concepts, practical applications, advantages, limitations, and industry use cases of SK123.","SK123, fundamentals, implementation, best practices",FAANG
Q01773,ROLE054,SK124,Explain the fundamentals of skill SK124 for ROLE054.,Beginner,Technical,"Candidate should explain concepts, practical applications, advantages, limitations, and industry use cases of SK124.","SK124, fundamentals, implementation, best practices",Startup
Q01774,ROLE054,SK125,Explain the fundamentals of skill SK125 for ROLE054.,Intermediate,Coding,"Candidate should explain concepts, practical applications, advantages, limitations, and industry use cases of SK125.","SK125, fundamentals, implementation, best practices",Mid-size
Q01775,ROLE054,SK126,Explain the fundamentals of skill SK126 for ROLE054.,Advanced,HR,"Candidate should explain concepts, practical applications, advantages, limitations, and industry use cases of SK126.","SK126, fundamentals, implementation, best practices",MNC
Q01776,ROLE054,SK127,Explain the fundamentals of skill SK127 for ROLE054.,Beginner,Scenario,"Candidate should explain concepts, practical applications, advantages, limitations, and industry use cases of SK127.","SK127, fundamentals, implementation, best practices",FAANG
Q01777,ROLE054,SK128,Explain the fundamentals of skill SK128 for ROLE054.,Intermediate,Technical,"Candidate should explain concepts, practical applications, advantages, limitations, and industry use cases of SK128.","SK128, fundamentals, implementation, best practices",Startup
Q01778,ROLE054,SK129,Explain the fundamentals of skill SK129 for ROLE054.,Advanced,Coding,"Candidate should explain concepts, practical applications, advantages, limitations, and industry use cases of SK129.","SK129, fundamentals, implementation, best practices",Mid-size
Q01779,ROLE054,SK130,Explain the fundamentals of skill SK130 for ROLE054.,Beginner,HR,"Candidate should explain concepts, practical applications, advantages, limitations, and industry use cases of SK130.","SK130, fundamentals, implementation, best practices",MNC
Q01780,ROLE054,SK131,Explain the fundamentals of skill SK131 for ROLE054.,Intermediate,Scenario,"Candidate should explain concepts, practical applications, advantages, limitations, and industry use cases of SK131.","SK131, fundamentals, implementation, best practices",FAANG
Q01781,ROLE054,SK132,Explain the fundamentals of skill SK132 for ROLE054.,Advanced,Technical,"Candidate should explain concepts, practical applications, advantages, limitations, and industry use cases of SK132.","SK132, fundamentals, implementation, best practices",Startup
Q01782,ROLE054,SK133,Explain the fundamentals of skill SK133 for ROLE054.,Beginner,Coding,"Candidate should explain concepts, practical applications, advantages, limitations, and industry use cases of SK133.","SK133, fundamentals, implementation, best practices",Mid-size
Q01783,ROLE055,SK108,Explain the fundamentals of skill SK108 for ROLE055.,Intermediate,Coding,"Candidate should explain concepts, practical applications, advantages, limitations, and industry use cases of SK108.","SK108, fundamentals, implementation, best practices",Mid-size
Q01784,ROLE055,SK109,Explain the fundamentals of skill SK109 for ROLE055.,Advanced,HR,"Candidate should explain concepts, practical applications, advantages, limitations, and industry use cases of SK109.","SK109, fundamentals, implementation, best practices",MNC
Q01785,ROLE055,SK110,Explain the fundamentals of skill SK110 for ROLE055.,Beginner,Scenario,"Candidate should explain concepts, practical applications, advantages, limitations, and industry use cases of SK110.","SK110, fundamentals, implementation, best practices",FAANG
Q01786,ROLE055,SK111,Explain the fundamentals of skill SK111 for ROLE055.,Intermediate,Technical,"Candidate should explain concepts, practical applications, advantages, limitations, and industry use cases of SK111.","SK111, fundamentals, implementation, best practices",Startup
Q01787,ROLE055,SK112,Explain the fundamentals of skill SK112 for ROLE055.,Advanced,Coding,"Candidate should explain concepts, practical applications, advantages, limitations, and industry use cases of SK112.","SK112, fundamentals, implementation, best practices",Mid-size
Q01788,ROLE055,SK113,Explain the fundamentals of skill SK113 for ROLE055.,Beginner,HR,"Candidate should explain concepts, practical applications, advantages, limitations, and industry use cases of SK113.","SK113, fundamentals, implementation, best practices",MNC
Q01789,ROLE055,SK114,Explain the fundamentals of skill SK114 for ROLE055.,Intermediate,Scenario,"Candidate should explain concepts, practical applications, advantages, limitations, and industry use cases of SK114.","SK114, fundamentals, implementation, best practices",FAANG
Q01790,ROLE055,SK115,Explain the fundamentals of skill SK115 for ROLE055.,Advanced,Technical,"Candidate should explain concepts, practical applications, advantages, limitations, and industry use cases of SK115.","SK115, fundamentals, implementation, best practices",Startup
Q01791,ROLE055,SK116,Explain the fundamentals of skill SK116 for ROLE055.,Beginner,Coding,"Candidate should explain concepts, practical applications, advantages, limitations, and industry use cases of SK116.","SK116, fundamentals, implementation, best practices",Mid-size
Q01792,ROLE055,SK117,Explain the fundamentals of skill SK117 for ROLE055.,Intermediate,HR,"Candidate should explain concepts, practical applications, advantages, limitations, and industry use cases of SK117.","SK117, fundamentals, implementation, best practices",MNC
Q01793,ROLE055,SK118,Explain the fundamentals of skill SK118 for ROLE055.,Advanced,Scenario,"Candidate should explain concepts, practical applications, advantages, limitations, and industry use cases of SK118.","SK118, fundamentals, implementation, best practices",FAANG
Q01794,ROLE055,SK119,Explain the fundamentals of skill SK119 for ROLE055.,Beginner,Technical,"Candidate should explain concepts, practical applications, advantages, limitations, and industry use cases of SK119.","SK119, fundamentals, implementation, best practices",Startup
Q01795,ROLE055,SK120,Explain the fundamentals of skill SK120 for ROLE055.,Intermediate,Coding,"Candidate should explain concepts, practical applications, advantages, limitations, and industry use cases of SK120.","SK120, fundamentals, implementation, best practices",Mid-size
Q01796,ROLE055,SK121,Explain the fundamentals of skill SK121 for ROLE055.,Advanced,HR,"Candidate should explain concepts, practical applications, advantages, limitations, and industry use cases of SK121.","SK121, fundamentals, implementation, best practices",MNC
Q01797,ROLE055,SK122,Explain the fundamentals of skill SK122 for ROLE055.,Beginner,Scenario,"Candidate should explain concepts, practical applications, advantages, limitations, and industry use cases of SK122.","SK122, fundamentals, implementation, best practices",FAANG
Q01798,ROLE055,SK123,Explain the fundamentals of skill SK123 for ROLE055.,Intermediate,Technical,"Candidate should explain concepts, practical applications, advantages, limitations, and industry use cases of SK123.","SK123, fundamentals, implementation, best practices",Startup
Q01799,ROLE055,SK124,Explain the fundamentals of skill SK124 for ROLE055.,Advanced,Coding,"Candidate should explain concepts, practical applications, advantages, limitations, and industry use cases of SK124.","SK124, fundamentals, implementation, best practices",Mid-size
Q01800,ROLE055,SK125,Explain the fundamentals of skill SK125 for ROLE055.,Beginner,HR,"Candidate should explain concepts, practical applications, advantages, limitations, and industry use cases of SK125.","SK125, fundamentals, implementation, best practices",MNC
Q01801,ROLE055,SK126,Explain the fundamentals of skill SK126 for ROLE055.,Intermediate,Scenario,"Candidate should explain concepts, practical applications, advantages, limitations, and industry use cases of SK126.","SK126, fundamentals, implementation, best practices",FAANG
Q01802,ROLE055,SK127,Explain the fundamentals of skill SK127 for ROLE055.,Advanced,Technical,"Candidate should explain concepts, practical applications, advantages, limitations, and industry use cases of SK127.","SK127, fundamentals, implementation, best practices",Startup
Q01803,ROLE055,SK128,Explain the fundamentals of skill SK128 for ROLE055.,Beginner,Coding,"Candidate should explain concepts, practical applications, advantages, limitations, and industry use cases of SK128.","SK128, fundamentals, implementation, best practices",Mid-size
Q01804,ROLE055,SK129,Explain the fundamentals of skill SK129 for ROLE055.,Intermediate,HR,"Candidate should explain concepts, practical applications, advantages, limitations, and industry use cases of SK129.","SK129, fundamentals, implementation, best practices",MNC
Q01805,ROLE055,SK130,Explain the fundamentals of skill SK130 for ROLE055.,Advanced,Scenario,"Candidate should explain concepts, practical applications, advantages, limitations, and industry use cases of SK130.","SK130, fundamentals, implementation, best practices",FAANG
Q01806,ROLE055,SK131,Explain the fundamentals of skill SK131 for ROLE055.,Beginner,Technical,"Candidate should explain concepts, practical applications, advantages, limitations, and industry use cases of SK131.","SK131, fundamentals, implementation, best practices",Startup
Q01807,ROLE055,SK132,Explain the fundamentals of skill SK132 for ROLE055.,Intermediate,Coding,"Candidate should explain concepts, practical applications, advantages, limitations, and industry use cases of SK132.","SK132, fundamentals, implementation, best practices",Mid-size
Q01808,ROLE055,SK133,Explain the fundamentals of skill SK133 for ROLE055.,Advanced,HR,"Candidate should explain concepts, practical applications, advantages, limitations, and industry use cases of SK133.","SK133, fundamentals, implementation, best practices",MNC
Q01809,ROLE055,SK134,Explain the fundamentals of skill SK134 for ROLE055.,Beginner,Scenario,"Candidate should explain concepts, practical applications, advantages, limitations, and industry use cases of SK134.","SK134, fundamentals, implementation, best practices",FAANG
Q01810,ROLE055,SK135,Explain the fundamentals of skill SK135 for ROLE055.,Intermediate,Technical,"Candidate should explain concepts, practical applications, advantages, limitations, and industry use cases of SK135.","SK135, fundamentals, implementation, best practices",Startup
Q01811,ROLE055,SK136,Explain the fundamentals of skill SK136 for ROLE055.,Advanced,Coding,"Candidate should explain concepts, practical applications, advantages, limitations, and industry use cases of SK136.","SK136, fundamentals, implementation, best practices",Mid-size
Q01812,ROLE055,SK137,Explain the fundamentals of skill SK137 for ROLE055.,Beginner,HR,"Candidate should explain concepts, practical applications, advantages, limitations, and industry use cases of SK137.","SK137, fundamentals, implementation, best practices",MNC
Q01813,ROLE055,SK138,Explain the fundamentals of skill SK138 for ROLE055.,Intermediate,Scenario,"Candidate should explain concepts, practical applications, advantages, limitations, and industry use cases of SK138.","SK138, fundamentals, implementation, best practices",FAANG
Q01814,ROLE055,SK139,Explain the fundamentals of skill SK139 for ROLE055.,Advanced,Technical,"Candidate should explain concepts, practical applications, advantages, limitations, and industry use cases of SK139.","SK139, fundamentals, implementation, best practices",Startup
Q01815,ROLE055,SK140,Explain the fundamentals of skill SK140 for ROLE055.,Beginner,Coding,"Candidate should explain concepts, practical applications, advantages, limitations, and industry use cases of SK140.","SK140, fundamentals, implementation, best practices",Mid-size
Q01816,ROLE056,SK115,Explain the fundamentals of skill SK115 for ROLE056.,Intermediate,Coding,"Candidate should explain concepts, practical applications, advantages, limitations, and industry use cases of SK115.","SK115, fundamentals, implementation, best practices",Mid-size
Q01817,ROLE056,SK116,Explain the fundamentals of skill SK116 for ROLE056.,Advanced,HR,"Candidate should explain concepts, practical applications, advantages, limitations, and industry use cases of SK116.","SK116, fundamentals, implementation, best practices",MNC
Q01818,ROLE056,SK117,Explain the fundamentals of skill SK117 for ROLE056.,Beginner,Scenario,"Candidate should explain concepts, practical applications, advantages, limitations, and industry use cases of SK117.","SK117, fundamentals, implementation, best practices",FAANG
Q01819,ROLE056,SK118,Explain the fundamentals of skill SK118 for ROLE056.,Intermediate,Technical,"Candidate should explain concepts, practical applications, advantages, limitations, and industry use cases of SK118.","SK118, fundamentals, implementation, best practices",Startup
Q01820,ROLE056,SK119,Explain the fundamentals of skill SK119 for ROLE056.,Advanced,Coding,"Candidate should explain concepts, practical applications, advantages, limitations, and industry use cases of SK119.","SK119, fundamentals, implementation, best practices",Mid-size
Q01821,ROLE056,SK120,Explain the fundamentals of skill SK120 for ROLE056.,Beginner,HR,"Candidate should explain concepts, practical applications, advantages, limitations, and industry use cases of SK120.","SK120, fundamentals, implementation, best practices",MNC
Q01822,ROLE056,SK121,Explain the fundamentals of skill SK121 for ROLE056.,Intermediate,Scenario,"Candidate should explain concepts, practical applications, advantages, limitations, and industry use cases of SK121.","SK121, fundamentals, implementation, best practices",FAANG
Q01823,ROLE056,SK122,Explain the fundamentals of skill SK122 for ROLE056.,Advanced,Technical,"Candidate should explain concepts, practical applications, advantages, limitations, and industry use cases of SK122.","SK122, fundamentals, implementation, best practices",Startup
Q01824,ROLE056,SK123,Explain the fundamentals of skill SK123 for ROLE056.,Beginner,Coding,"Candidate should explain concepts, practical applications, advantages, limitations, and industry use cases of SK123.","SK123, fundamentals, implementation, best practices",Mid-size
Q01825,ROLE056,SK124,Explain the fundamentals of skill SK124 for ROLE056.,Intermediate,HR,"Candidate should explain concepts, practical applications, advantages, limitations, and industry use cases of SK124.","SK124, fundamentals, implementation, best practices",MNC
Q01826,ROLE056,SK125,Explain the fundamentals of skill SK125 for ROLE056.,Advanced,Scenario,"Candidate should explain concepts, practical applications, advantages, limitations, and industry use cases of SK125.","SK125, fundamentals, implementation, best practices",FAANG
Q01827,ROLE056,SK126,Explain the fundamentals of skill SK126 for ROLE056.,Beginner,Technical,"Candidate should explain concepts, practical applications, advantages, limitations, and industry use cases of SK126.","SK126, fundamentals, implementation, best practices",Startup
Q01828,ROLE056,SK127,Explain the fundamentals of skill SK127 for ROLE056.,Intermediate,Coding,"Candidate should explain concepts, practical applications, advantages, limitations, and industry use cases of SK127.","SK127, fundamentals, implementation, best practices",Mid-size
Q01829,ROLE056,SK128,Explain the fundamentals of skill SK128 for ROLE056.,Advanced,HR,"Candidate should explain concepts, practical applications, advantages, limitations, and industry use cases of SK128.","SK128, fundamentals, implementation, best practices",MNC
Q01830,ROLE056,SK129,Explain the fundamentals of skill SK129 for ROLE056.,Beginner,Scenario,"Candidate should explain concepts, practical applications, advantages, limitations, and industry use cases of SK129.","SK129, fundamentals, implementation, best practices",FAANG
Q01831,ROLE056,SK130,Explain the fundamentals of skill SK130 for ROLE056.,Intermediate,Technical,"Candidate should explain concepts, practical applications, advantages, limitations, and industry use cases of SK130.","SK130, fundamentals, implementation, best practices",Startup
Q01832,ROLE056,SK131,Explain the fundamentals of skill SK131 for ROLE056.,Advanced,Coding,"Candidate should explain concepts, practical applications, advantages, limitations, and industry use cases of SK131.","SK131, fundamentals, implementation, best practices",Mid-size
Q01833,ROLE056,SK132,Explain the fundamentals of skill SK132 for ROLE056.,Beginner,HR,"Candidate should explain concepts, practical applications, advantages, limitations, and industry use cases of SK132.","SK132, fundamentals, implementation, best practices",MNC
Q01834,ROLE056,SK133,Explain the fundamentals of skill SK133 for ROLE056.,Intermediate,Scenario,"Candidate should explain concepts, practical applications, advantages, limitations, and industry use cases of SK133.","SK133, fundamentals, implementation, best practices",FAANG
Q01835,ROLE056,SK134,Explain the fundamentals of skill SK134 for ROLE056.,Advanced,Technical,"Candidate should explain concepts, practical applications, advantages, limitations, and industry use cases of SK134.","SK134, fundamentals, implementation, best practices",Startup
Q01836,ROLE056,SK135,Explain the fundamentals of skill SK135 for ROLE056.,Beginner,Coding,"Candidate should explain concepts, practical applications, advantages, limitations, and industry use cases of SK135.","SK135, fundamentals, implementation, best practices",Mid-size
Q01837,ROLE056,SK136,Explain the fundamentals of skill SK136 for ROLE056.,Intermediate,HR,"Candidate should explain concepts, practical applications, advantages, limitations, and industry use cases of SK136.","SK136, fundamentals, implementation, best practices",MNC
Q01838,ROLE056,SK137,Explain the fundamentals of skill SK137 for ROLE056.,Advanced,Scenario,"Candidate should explain concepts, practical applications, advantages, limitations, and industry use cases of SK137.","SK137, fundamentals, implementation, best practices",FAANG
Q01839,ROLE056,SK138,Explain the fundamentals of skill SK138 for ROLE056.,Beginner,Technical,"Candidate should explain concepts, practical applications, advantages, limitations, and industry use cases of SK138.","SK138, fundamentals, implementation, best practices",Startup
Q01840,ROLE056,SK139,Explain the fundamentals of skill SK139 for ROLE056.,Intermediate,Coding,"Candidate should explain concepts, practical applications, advantages, limitations, and industry use cases of SK139.","SK139, fundamentals, implementation, best practices",Mid-size
Q01841,ROLE056,SK140,Explain the fundamentals of skill SK140 for ROLE056.,Advanced,HR,"Candidate should explain concepts, practical applications, advantages, limitations, and industry use cases of SK140.","SK140, fundamentals, implementation, best practices",MNC
Q01842,ROLE056,SK141,Explain the fundamentals of skill SK141 for ROLE056.,Beginner,Scenario,"Candidate should explain concepts, practical applications, advantages, limitations, and industry use cases of SK141.","SK141, fundamentals, implementation, best practices",FAANG
Q01843,ROLE056,SK142,Explain the fundamentals of skill SK142 for ROLE056.,Intermediate,Technical,"Candidate should explain concepts, practical applications, advantages, limitations, and industry use cases of SK142.","SK142, fundamentals, implementation, best practices",Startup
Q01844,ROLE056,SK143,Explain the fundamentals of skill SK143 for ROLE056.,Advanced,Coding,"Candidate should explain concepts, practical applications, advantages, limitations, and industry use cases of SK143.","SK143, fundamentals, implementation, best practices",Mid-size
Q01845,ROLE056,SK144,Explain the fundamentals of skill SK144 for ROLE056.,Beginner,HR,"Candidate should explain concepts, practical applications, advantages, limitations, and industry use cases of SK144.","SK144, fundamentals, implementation, best practices",MNC
Q01846,ROLE056,SK145,Explain the fundamentals of skill SK145 for ROLE056.,Intermediate,Scenario,"Candidate should explain concepts, practical applications, advantages, limitations, and industry use cases of SK145.","SK145, fundamentals, implementation, best practices",FAANG
Q01847,ROLE056,SK146,Explain the fundamentals of skill SK146 for ROLE056.,Advanced,Technical,"Candidate should explain concepts, practical applications, advantages, limitations, and industry use cases of SK146.","SK146, fundamentals, implementation, best practices",Startup
Q01848,ROLE056,SK147,Explain the fundamentals of skill SK147 for ROLE056.,Beginner,Coding,"Candidate should explain concepts, practical applications, advantages, limitations, and industry use cases of SK147.","SK147, fundamentals, implementation, best practices",Mid-size
Q01849,ROLE057,SK122,Explain the fundamentals of skill SK122 for ROLE057.,Intermediate,Coding,"Candidate should explain concepts, practical applications, advantages, limitations, and industry use cases of SK122.","SK122, fundamentals, implementation, best practices",Mid-size
Q01850,ROLE057,SK123,Explain the fundamentals of skill SK123 for ROLE057.,Advanced,HR,"Candidate should explain concepts, practical applications, advantages, limitations, and industry use cases of SK123.","SK123, fundamentals, implementation, best practices",MNC
Q01851,ROLE057,SK124,Explain the fundamentals of skill SK124 for ROLE057.,Beginner,Scenario,"Candidate should explain concepts, practical applications, advantages, limitations, and industry use cases of SK124.","SK124, fundamentals, implementation, best practices",FAANG
Q01852,ROLE057,SK125,Explain the fundamentals of skill SK125 for ROLE057.,Intermediate,Technical,"Candidate should explain concepts, practical applications, advantages, limitations, and industry use cases of SK125.","SK125, fundamentals, implementation, best practices",Startup
Q01853,ROLE057,SK126,Explain the fundamentals of skill SK126 for ROLE057.,Advanced,Coding,"Candidate should explain concepts, practical applications, advantages, limitations, and industry use cases of SK126.","SK126, fundamentals, implementation, best practices",Mid-size
Q01854,ROLE057,SK127,Explain the fundamentals of skill SK127 for ROLE057.,Beginner,HR,"Candidate should explain concepts, practical applications, advantages, limitations, and industry use cases of SK127.","SK127, fundamentals, implementation, best practices",MNC
Q01855,ROLE057,SK128,Explain the fundamentals of skill SK128 for ROLE057.,Intermediate,Scenario,"Candidate should explain concepts, practical applications, advantages, limitations, and industry use cases of SK128.","SK128, fundamentals, implementation, best practices",FAANG
Q01856,ROLE057,SK129,Explain the fundamentals of skill SK129 for ROLE057.,Advanced,Technical,"Candidate should explain concepts, practical applications, advantages, limitations, and industry use cases of SK129.","SK129, fundamentals, implementation, best practices",Startup
Q01857,ROLE057,SK130,Explain the fundamentals of skill SK130 for ROLE057.,Beginner,Coding,"Candidate should explain concepts, practical applications, advantages, limitations, and industry use cases of SK130.","SK130, fundamentals, implementation, best practices",Mid-size
Q01858,ROLE057,SK131,Explain the fundamentals of skill SK131 for ROLE057.,Intermediate,HR,"Candidate should explain concepts, practical applications, advantages, limitations, and industry use cases of SK131.","SK131, fundamentals, implementation, best practices",MNC
Q01859,ROLE057,SK132,Explain the fundamentals of skill SK132 for ROLE057.,Advanced,Scenario,"Candidate should explain concepts, practical applications, advantages, limitations, and industry use cases of SK132.","SK132, fundamentals, implementation, best practices",FAANG
Q01860,ROLE057,SK133,Explain the fundamentals of skill SK133 for ROLE057.,Beginner,Technical,"Candidate should explain concepts, practical applications, advantages, limitations, and industry use cases of SK133.","SK133, fundamentals, implementation, best practices",Startup
Q01861,ROLE057,SK134,Explain the fundamentals of skill SK134 for ROLE057.,Intermediate,Coding,"Candidate should explain concepts, practical applications, advantages, limitations, and industry use cases of SK134.","SK134, fundamentals, implementation, best practices",Mid-size
Q01862,ROLE057,SK135,Explain the fundamentals of skill SK135 for ROLE057.,Advanced,HR,"Candidate should explain concepts, practical applications, advantages, limitations, and industry use cases of SK135.","SK135, fundamentals, implementation, best practices",MNC
Q01863,ROLE057,SK136,Explain the fundamentals of skill SK136 for ROLE057.,Beginner,Scenario,"Candidate should explain concepts, practical applications, advantages, limitations, and industry use cases of SK136.","SK136, fundamentals, implementation, best practices",FAANG
Q01864,ROLE057,SK137,Explain the fundamentals of skill SK137 for ROLE057.,Intermediate,Technical,"Candidate should explain concepts, practical applications, advantages, limitations, and industry use cases of SK137.","SK137, fundamentals, implementation, best practices",Startup
Q01865,ROLE057,SK138,Explain the fundamentals of skill SK138 for ROLE057.,Advanced,Coding,"Candidate should explain concepts, practical applications, advantages, limitations, and industry use cases of SK138.","SK138, fundamentals, implementation, best practices",Mid-size
Q01866,ROLE057,SK139,Explain the fundamentals of skill SK139 for ROLE057.,Beginner,HR,"Candidate should explain concepts, practical applications, advantages, limitations, and industry use cases of SK139.","SK139, fundamentals, implementation, best practices",MNC
Q01867,ROLE057,SK140,Explain the fundamentals of skill SK140 for ROLE057.,Intermediate,Scenario,"Candidate should explain concepts, practical applications, advantages, limitations, and industry use cases of SK140.","SK140, fundamentals, implementation, best practices",FAANG
Q01868,ROLE057,SK141,Explain the fundamentals of skill SK141 for ROLE057.,Advanced,Technical,"Candidate should explain concepts, practical applications, advantages, limitations, and industry use cases of SK141.","SK141, fundamentals, implementation, best practices",Startup
Q01869,ROLE057,SK142,Explain the fundamentals of skill SK142 for ROLE057.,Beginner,Coding,"Candidate should explain concepts, practical applications, advantages, limitations, and industry use cases of SK142.","SK142, fundamentals, implementation, best practices",Mid-size
Q01870,ROLE057,SK143,Explain the fundamentals of skill SK143 for ROLE057.,Intermediate,HR,"Candidate should explain concepts, practical applications, advantages, limitations, and industry use cases of SK143.","SK143, fundamentals, implementation, best practices",MNC
Q01871,ROLE057,SK144,Explain the fundamentals of skill SK144 for ROLE057.,Advanced,Scenario,"Candidate should explain concepts, practical applications, advantages, limitations, and industry use cases of SK144.","SK144, fundamentals, implementation, best practices",FAANG
Q01872,ROLE057,SK145,Explain the fundamentals of skill SK145 for ROLE057.,Beginner,Technical,"Candidate should explain concepts, practical applications, advantages, limitations, and industry use cases of SK145.","SK145, fundamentals, implementation, best practices",Startup
Q01873,ROLE057,SK146,Explain the fundamentals of skill SK146 for ROLE057.,Intermediate,Coding,"Candidate should explain concepts, practical applications, advantages, limitations, and industry use cases of SK146.","SK146, fundamentals, implementation, best practices",Mid-size
Q01874,ROLE057,SK147,Explain the fundamentals of skill SK147 for ROLE057.,Advanced,HR,"Candidate should explain concepts, practical applications, advantages, limitations, and industry use cases of SK147.","SK147, fundamentals, implementation, best practices",MNC
Q01875,ROLE057,SK148,Explain the fundamentals of skill SK148 for ROLE057.,Beginner,Scenario,"Candidate should explain concepts, practical applications, advantages, limitations, and industry use cases of SK148.","SK148, fundamentals, implementation, best practices",FAANG
Q01876,ROLE057,SK149,Explain the fundamentals of skill SK149 for ROLE057.,Intermediate,Technical,"Candidate should explain concepts, practical applications, advantages, limitations, and industry use cases of SK149.","SK149, fundamentals, implementation, best practices",Startup
Q01877,ROLE057,SK150,Explain the fundamentals of skill SK150 for ROLE057.,Advanced,Coding,"Candidate should explain concepts, practical applications, advantages, limitations, and industry use cases of SK150.","SK150, fundamentals, implementation, best practices",Mid-size
Q01878,ROLE057,SK151,Explain the fundamentals of skill SK151 for ROLE057.,Beginner,HR,"Candidate should explain concepts, practical applications, advantages, limitations, and industry use cases of SK151.","SK151, fundamentals, implementation, best practices",MNC
Q01879,ROLE057,SK152,Explain the fundamentals of skill SK152 for ROLE057.,Intermediate,Scenario,"Candidate should explain concepts, practical applications, advantages, limitations, and industry use cases of SK152.","SK152, fundamentals, implementation, best practices",FAANG
Q01880,ROLE057,SK153,Explain the fundamentals of skill SK153 for ROLE057.,Advanced,Technical,"Candidate should explain concepts, practical applications, advantages, limitations, and industry use cases of SK153.","SK153, fundamentals, implementation, best practices",Startup
Q01881,ROLE057,SK154,Explain the fundamentals of skill SK154 for ROLE057.,Beginner,Coding,"Candidate should explain concepts, practical applications, advantages, limitations, and industry use cases of SK154.","SK154, fundamentals, implementation, best practices",Mid-size
Q01882,ROLE058,SK129,Explain the fundamentals of skill SK129 for ROLE058.,Intermediate,Coding,"Candidate should explain concepts, practical applications, advantages, limitations, and industry use cases of SK129.","SK129, fundamentals, implementation, best practices",Mid-size
Q01883,ROLE058,SK130,Explain the fundamentals of skill SK130 for ROLE058.,Advanced,HR,"Candidate should explain concepts, practical applications, advantages, limitations, and industry use cases of SK130.","SK130, fundamentals, implementation, best practices",MNC
Q01884,ROLE058,SK131,Explain the fundamentals of skill SK131 for ROLE058.,Beginner,Scenario,"Candidate should explain concepts, practical applications, advantages, limitations, and industry use cases of SK131.","SK131, fundamentals, implementation, best practices",FAANG
Q01885,ROLE058,SK132,Explain the fundamentals of skill SK132 for ROLE058.,Intermediate,Technical,"Candidate should explain concepts, practical applications, advantages, limitations, and industry use cases of SK132.","SK132, fundamentals, implementation, best practices",Startup
Q01886,ROLE058,SK133,Explain the fundamentals of skill SK133 for ROLE058.,Advanced,Coding,"Candidate should explain concepts, practical applications, advantages, limitations, and industry use cases of SK133.","SK133, fundamentals, implementation, best practices",Mid-size
Q01887,ROLE058,SK134,Explain the fundamentals of skill SK134 for ROLE058.,Beginner,HR,"Candidate should explain concepts, practical applications, advantages, limitations, and industry use cases of SK134.","SK134, fundamentals, implementation, best practices",MNC
Q01888,ROLE058,SK135,Explain the fundamentals of skill SK135 for ROLE058.,Intermediate,Scenario,"Candidate should explain concepts, practical applications, advantages, limitations, and industry use cases of SK135.","SK135, fundamentals, implementation, best practices",FAANG
Q01889,ROLE058,SK136,Explain the fundamentals of skill SK136 for ROLE058.,Advanced,Technical,"Candidate should explain concepts, practical applications, advantages, limitations, and industry use cases of SK136.","SK136, fundamentals, implementation, best practices",Startup
Q01890,ROLE058,SK137,Explain the fundamentals of skill SK137 for ROLE058.,Beginner,Coding,"Candidate should explain concepts, practical applications, advantages, limitations, and industry use cases of SK137.","SK137, fundamentals, implementation, best practices",Mid-size
Q01891,ROLE058,SK138,Explain the fundamentals of skill SK138 for ROLE058.,Intermediate,HR,"Candidate should explain concepts, practical applications, advantages, limitations, and industry use cases of SK138.","SK138, fundamentals, implementation, best practices",MNC
Q01892,ROLE058,SK139,Explain the fundamentals of skill SK139 for ROLE058.,Advanced,Scenario,"Candidate should explain concepts, practical applications, advantages, limitations, and industry use cases of SK139.","SK139, fundamentals, implementation, best practices",FAANG
Q01893,ROLE058,SK140,Explain the fundamentals of skill SK140 for ROLE058.,Beginner,Technical,"Candidate should explain concepts, practical applications, advantages, limitations, and industry use cases of SK140.","SK140, fundamentals, implementation, best practices",Startup
Q01894,ROLE058,SK141,Explain the fundamentals of skill SK141 for ROLE058.,Intermediate,Coding,"Candidate should explain concepts, practical applications, advantages, limitations, and industry use cases of SK141.","SK141, fundamentals, implementation, best practices",Mid-size
Q01895,ROLE058,SK142,Explain the fundamentals of skill SK142 for ROLE058.,Advanced,HR,"Candidate should explain concepts, practical applications, advantages, limitations, and industry use cases of SK142.","SK142, fundamentals, implementation, best practices",MNC
Q01896,ROLE058,SK143,Explain the fundamentals of skill SK143 for ROLE058.,Beginner,Scenario,"Candidate should explain concepts, practical applications, advantages, limitations, and industry use cases of SK143.","SK143, fundamentals, implementation, best practices",FAANG
Q01897,ROLE058,SK144,Explain the fundamentals of skill SK144 for ROLE058.,Intermediate,Technical,"Candidate should explain concepts, practical applications, advantages, limitations, and industry use cases of SK144.","SK144, fundamentals, implementation, best practices",Startup
Q01898,ROLE058,SK145,Explain the fundamentals of skill SK145 for ROLE058.,Advanced,Coding,"Candidate should explain concepts, practical applications, advantages, limitations, and industry use cases of SK145.","SK145, fundamentals, implementation, best practices",Mid-size
Q01899,ROLE058,SK146,Explain the fundamentals of skill SK146 for ROLE058.,Beginner,HR,"Candidate should explain concepts, practical applications, advantages, limitations, and industry use cases of SK146.","SK146, fundamentals, implementation, best practices",MNC
Q01900,ROLE058,SK147,Explain the fundamentals of skill SK147 for ROLE058.,Intermediate,Scenario,"Candidate should explain concepts, practical applications, advantages, limitations, and industry use cases of SK147.","SK147, fundamentals, implementation, best practices",FAANG
Q01901,ROLE058,SK148,Explain the fundamentals of skill SK148 for ROLE058.,Advanced,Technical,"Candidate should explain concepts, practical applications, advantages, limitations, and industry use cases of SK148.","SK148, fundamentals, implementation, best practices",Startup
Q01902,ROLE058,SK149,Explain the fundamentals of skill SK149 for ROLE058.,Beginner,Coding,"Candidate should explain concepts, practical applications, advantages, limitations, and industry use cases of SK149.","SK149, fundamentals, implementation, best practices",Mid-size
Q01903,ROLE058,SK150,Explain the fundamentals of skill SK150 for ROLE058.,Intermediate,HR,"Candidate should explain concepts, practical applications, advantages, limitations, and industry use cases of SK150.","SK150, fundamentals, implementation, best practices",MNC
Q01904,ROLE058,SK151,Explain the fundamentals of skill SK151 for ROLE058.,Advanced,Scenario,"Candidate should explain concepts, practical applications, advantages, limitations, and industry use cases of SK151.","SK151, fundamentals, implementation, best practices",FAANG
Q01905,ROLE058,SK152,Explain the fundamentals of skill SK152 for ROLE058.,Beginner,Technical,"Candidate should explain concepts, practical applications, advantages, limitations, and industry use cases of SK152.","SK152, fundamentals, implementation, best practices",Startup
Q01906,ROLE058,SK153,Explain the fundamentals of skill SK153 for ROLE058.,Intermediate,Coding,"Candidate should explain concepts, practical applications, advantages, limitations, and industry use cases of SK153.","SK153, fundamentals, implementation, best practices",Mid-size
Q01907,ROLE058,SK154,Explain the fundamentals of skill SK154 for ROLE058.,Advanced,HR,"Candidate should explain concepts, practical applications, advantages, limitations, and industry use cases of SK154.","SK154, fundamentals, implementation, best practices",MNC
Q01908,ROLE058,SK155,Explain the fundamentals of skill SK155 for ROLE058.,Beginner,Scenario,"Candidate should explain concepts, practical applications, advantages, limitations, and industry use cases of SK155.","SK155, fundamentals, implementation, best practices",FAANG
Q01909,ROLE058,SK156,Explain the fundamentals of skill SK156 for ROLE058.,Intermediate,Technical,"Candidate should explain concepts, practical applications, advantages, limitations, and industry use cases of SK156.","SK156, fundamentals, implementation, best practices",Startup
Q01910,ROLE058,SK157,Explain the fundamentals of skill SK157 for ROLE058.,Advanced,Coding,"Candidate should explain concepts, practical applications, advantages, limitations, and industry use cases of SK157.","SK157, fundamentals, implementation, best practices",Mid-size
Q01911,ROLE058,SK158,Explain the fundamentals of skill SK158 for ROLE058.,Beginner,HR,"Candidate should explain concepts, practical applications, advantages, limitations, and industry use cases of SK158.","SK158, fundamentals, implementation, best practices",MNC
Q01912,ROLE058,SK159,Explain the fundamentals of skill SK159 for ROLE058.,Intermediate,Scenario,"Candidate should explain concepts, practical applications, advantages, limitations, and industry use cases of SK159.","SK159, fundamentals, implementation, best practices",FAANG
Q01913,ROLE058,SK160,Explain the fundamentals of skill SK160 for ROLE058.,Advanced,Technical,"Candidate should explain concepts, practical applications, advantages, limitations, and industry use cases of SK160.","SK160, fundamentals, implementation, best practices",Startup
Q01914,ROLE058,SK161,Explain the fundamentals of skill SK161 for ROLE058.,Beginner,Coding,"Candidate should explain concepts, practical applications, advantages, limitations, and industry use cases of SK161.","SK161, fundamentals, implementation, best practices",Mid-size
Q01915,ROLE059,SK136,Explain the fundamentals of skill SK136 for ROLE059.,Intermediate,Coding,"Candidate should explain concepts, practical applications, advantages, limitations, and industry use cases of SK136.","SK136, fundamentals, implementation, best practices",Mid-size
Q01916,ROLE059,SK137,Explain the fundamentals of skill SK137 for ROLE059.,Advanced,HR,"Candidate should explain concepts, practical applications, advantages, limitations, and industry use cases of SK137.","SK137, fundamentals, implementation, best practices",MNC
Q01917,ROLE059,SK138,Explain the fundamentals of skill SK138 for ROLE059.,Beginner,Scenario,"Candidate should explain concepts, practical applications, advantages, limitations, and industry use cases of SK138.","SK138, fundamentals, implementation, best practices",FAANG
Q01918,ROLE059,SK139,Explain the fundamentals of skill SK139 for ROLE059.,Intermediate,Technical,"Candidate should explain concepts, practical applications, advantages, limitations, and industry use cases of SK139.","SK139, fundamentals, implementation, best practices",Startup
Q01919,ROLE059,SK140,Explain the fundamentals of skill SK140 for ROLE059.,Advanced,Coding,"Candidate should explain concepts, practical applications, advantages, limitations, and industry use cases of SK140.","SK140, fundamentals, implementation, best practices",Mid-size
Q01920,ROLE059,SK141,Explain the fundamentals of skill SK141 for ROLE059.,Beginner,HR,"Candidate should explain concepts, practical applications, advantages, limitations, and industry use cases of SK141.","SK141, fundamentals, implementation, best practices",MNC
Q01921,ROLE059,SK142,Explain the fundamentals of skill SK142 for ROLE059.,Intermediate,Scenario,"Candidate should explain concepts, practical applications, advantages, limitations, and industry use cases of SK142.","SK142, fundamentals, implementation, best practices",FAANG
Q01922,ROLE059,SK143,Explain the fundamentals of skill SK143 for ROLE059.,Advanced,Technical,"Candidate should explain concepts, practical applications, advantages, limitations, and industry use cases of SK143.","SK143, fundamentals, implementation, best practices",Startup
Q01923,ROLE059,SK144,Explain the fundamentals of skill SK144 for ROLE059.,Beginner,Coding,"Candidate should explain concepts, practical applications, advantages, limitations, and industry use cases of SK144.","SK144, fundamentals, implementation, best practices",Mid-size
Q01924,ROLE059,SK145,Explain the fundamentals of skill SK145 for ROLE059.,Intermediate,HR,"Candidate should explain concepts, practical applications, advantages, limitations, and industry use cases of SK145.","SK145, fundamentals, implementation, best practices",MNC
Q01925,ROLE059,SK146,Explain the fundamentals of skill SK146 for ROLE059.,Advanced,Scenario,"Candidate should explain concepts, practical applications, advantages, limitations, and industry use cases of SK146.","SK146, fundamentals, implementation, best practices",FAANG
Q01926,ROLE059,SK147,Explain the fundamentals of skill SK147 for ROLE059.,Beginner,Technical,"Candidate should explain concepts, practical applications, advantages, limitations, and industry use cases of SK147.","SK147, fundamentals, implementation, best practices",Startup
Q01927,ROLE059,SK148,Explain the fundamentals of skill SK148 for ROLE059.,Intermediate,Coding,"Candidate should explain concepts, practical applications, advantages, limitations, and industry use cases of SK148.","SK148, fundamentals, implementation, best practices",Mid-size
Q01928,ROLE059,SK149,Explain the fundamentals of skill SK149 for ROLE059.,Advanced,HR,"Candidate should explain concepts, practical applications, advantages, limitations, and industry use cases of SK149.","SK149, fundamentals, implementation, best practices",MNC
Q01929,ROLE059,SK150,Explain the fundamentals of skill SK150 for ROLE059.,Beginner,Scenario,"Candidate should explain concepts, practical applications, advantages, limitations, and industry use cases of SK150.","SK150, fundamentals, implementation, best practices",FAANG
Q01930,ROLE059,SK151,Explain the fundamentals of skill SK151 for ROLE059.,Intermediate,Technical,"Candidate should explain concepts, practical applications, advantages, limitations, and industry use cases of SK151.","SK151, fundamentals, implementation, best practices",Startup
Q01931,ROLE059,SK152,Explain the fundamentals of skill SK152 for ROLE059.,Advanced,Coding,"Candidate should explain concepts, practical applications, advantages, limitations, and industry use cases of SK152.","SK152, fundamentals, implementation, best practices",Mid-size
Q01932,ROLE059,SK153,Explain the fundamentals of skill SK153 for ROLE059.,Beginner,HR,"Candidate should explain concepts, practical applications, advantages, limitations, and industry use cases of SK153.","SK153, fundamentals, implementation, best practices",MNC
Q01933,ROLE059,SK154,Explain the fundamentals of skill SK154 for ROLE059.,Intermediate,Scenario,"Candidate should explain concepts, practical applications, advantages, limitations, and industry use cases of SK154.","SK154, fundamentals, implementation, best practices",FAANG
Q01934,ROLE059,SK155,Explain the fundamentals of skill SK155 for ROLE059.,Advanced,Technical,"Candidate should explain concepts, practical applications, advantages, limitations, and industry use cases of SK155.","SK155, fundamentals, implementation, best practices",Startup
Q01935,ROLE059,SK156,Explain the fundamentals of skill SK156 for ROLE059.,Beginner,Coding,"Candidate should explain concepts, practical applications, advantages, limitations, and industry use cases of SK156.","SK156, fundamentals, implementation, best practices",Mid-size
Q01936,ROLE059,SK157,Explain the fundamentals of skill SK157 for ROLE059.,Intermediate,HR,"Candidate should explain concepts, practical applications, advantages, limitations, and industry use cases of SK157.","SK157, fundamentals, implementation, best practices",MNC
Q01937,ROLE059,SK158,Explain the fundamentals of skill SK158 for ROLE059.,Advanced,Scenario,"Candidate should explain concepts, practical applications, advantages, limitations, and industry use cases of SK158.","SK158, fundamentals, implementation, best practices",FAANG
Q01938,ROLE059,SK159,Explain the fundamentals of skill SK159 for ROLE059.,Beginner,Technical,"Candidate should explain concepts, practical applications, advantages, limitations, and industry use cases of SK159.","SK159, fundamentals, implementation, best practices",Startup
Q01939,ROLE059,SK160,Explain the fundamentals of skill SK160 for ROLE059.,Intermediate,Coding,"Candidate should explain concepts, practical applications, advantages, limitations, and industry use cases of SK160.","SK160, fundamentals, implementation, best practices",Mid-size
Q01940,ROLE059,SK161,Explain the fundamentals of skill SK161 for ROLE059.,Advanced,HR,"Candidate should explain concepts, practical applications, advantages, limitations, and industry use cases of SK161.","SK161, fundamentals, implementation, best practices",MNC
Q01941,ROLE059,SK162,Explain the fundamentals of skill SK162 for ROLE059.,Beginner,Scenario,"Candidate should explain concepts, practical applications, advantages, limitations, and industry use cases of SK162.","SK162, fundamentals, implementation, best practices",FAANG
Q01942,ROLE059,SK163,Explain the fundamentals of skill SK163 for ROLE059.,Intermediate,Technical,"Candidate should explain concepts, practical applications, advantages, limitations, and industry use cases of SK163.","SK163, fundamentals, implementation, best practices",Startup
Q01943,ROLE059,SK164,Explain the fundamentals of skill SK164 for ROLE059.,Advanced,Coding,"Candidate should explain concepts, practical applications, advantages, limitations, and industry use cases of SK164.","SK164, fundamentals, implementation, best practices",Mid-size
Q01944,ROLE059,SK165,Explain the fundamentals of skill SK165 for ROLE059.,Beginner,HR,"Candidate should explain concepts, practical applications, advantages, limitations, and industry use cases of SK165.","SK165, fundamentals, implementation, best practices",MNC
Q01945,ROLE059,SK166,Explain the fundamentals of skill SK166 for ROLE059.,Intermediate,Scenario,"Candidate should explain concepts, practical applications, advantages, limitations, and industry use cases of SK166.","SK166, fundamentals, implementation, best practices",FAANG
Q01946,ROLE059,SK167,Explain the fundamentals of skill SK167 for ROLE059.,Advanced,Technical,"Candidate should explain concepts, practical applications, advantages, limitations, and industry use cases of SK167.","SK167, fundamentals, implementation, best practices",Startup
Q01947,ROLE059,SK168,Explain the fundamentals of skill SK168 for ROLE059.,Beginner,Coding,"Candidate should explain concepts, practical applications, advantages, limitations, and industry use cases of SK168.","SK168, fundamentals, implementation, best practices",Mid-size
Q01948,ROLE060,SK143,Explain the fundamentals of skill SK143 for ROLE060.,Intermediate,Coding,"Candidate should explain concepts, practical applications, advantages, limitations, and industry use cases of SK143.","SK143, fundamentals, implementation, best practices",Mid-size
Q01949,ROLE060,SK144,Explain the fundamentals of skill SK144 for ROLE060.,Advanced,HR,"Candidate should explain concepts, practical applications, advantages, limitations, and industry use cases of SK144.","SK144, fundamentals, implementation, best practices",MNC
Q01950,ROLE060,SK145,Explain the fundamentals of skill SK145 for ROLE060.,Beginner,Scenario,"Candidate should explain concepts, practical applications, advantages, limitations, and industry use cases of SK145.","SK145, fundamentals, implementation, best practices",FAANG
Q01951,ROLE060,SK146,Explain the fundamentals of skill SK146 for ROLE060.,Intermediate,Technical,"Candidate should explain concepts, practical applications, advantages, limitations, and industry use cases of SK146.","SK146, fundamentals, implementation, best practices",Startup
Q01952,ROLE060,SK147,Explain the fundamentals of skill SK147 for ROLE060.,Advanced,Coding,"Candidate should explain concepts, practical applications, advantages, limitations, and industry use cases of SK147.","SK147, fundamentals, implementation, best practices",Mid-size
Q01953,ROLE060,SK148,Explain the fundamentals of skill SK148 for ROLE060.,Beginner,HR,"Candidate should explain concepts, practical applications, advantages, limitations, and industry use cases of SK148.","SK148, fundamentals, implementation, best practices",MNC
Q01954,ROLE060,SK149,Explain the fundamentals of skill SK149 for ROLE060.,Intermediate,Scenario,"Candidate should explain concepts, practical applications, advantages, limitations, and industry use cases of SK149.","SK149, fundamentals, implementation, best practices",FAANG
Q01955,ROLE060,SK150,Explain the fundamentals of skill SK150 for ROLE060.,Advanced,Technical,"Candidate should explain concepts, practical applications, advantages, limitations, and industry use cases of SK150.","SK150, fundamentals, implementation, best practices",Startup
Q01956,ROLE060,SK151,Explain the fundamentals of skill SK151 for ROLE060.,Beginner,Coding,"Candidate should explain concepts, practical applications, advantages, limitations, and industry use cases of SK151.","SK151, fundamentals, implementation, best practices",Mid-size
Q01957,ROLE060,SK152,Explain the fundamentals of skill SK152 for ROLE060.,Intermediate,HR,"Candidate should explain concepts, practical applications, advantages, limitations, and industry use cases of SK152.","SK152, fundamentals, implementation, best practices",MNC
Q01958,ROLE060,SK153,Explain the fundamentals of skill SK153 for ROLE060.,Advanced,Scenario,"Candidate should explain concepts, practical applications, advantages, limitations, and industry use cases of SK153.","SK153, fundamentals, implementation, best practices",FAANG
Q01959,ROLE060,SK154,Explain the fundamentals of skill SK154 for ROLE060.,Beginner,Technical,"Candidate should explain concepts, practical applications, advantages, limitations, and industry use cases of SK154.","SK154, fundamentals, implementation, best practices",Startup
Q01960,ROLE060,SK155,Explain the fundamentals of skill SK155 for ROLE060.,Intermediate,Coding,"Candidate should explain concepts, practical applications, advantages, limitations, and industry use cases of SK155.","SK155, fundamentals, implementation, best practices",Mid-size
Q01961,ROLE060,SK156,Explain the fundamentals of skill SK156 for ROLE060.,Advanced,HR,"Candidate should explain concepts, practical applications, advantages, limitations, and industry use cases of SK156.","SK156, fundamentals, implementation, best practices",MNC
Q01962,ROLE060,SK157,Explain the fundamentals of skill SK157 for ROLE060.,Beginner,Scenario,"Candidate should explain concepts, practical applications, advantages, limitations, and industry use cases of SK157.","SK157, fundamentals, implementation, best practices",FAANG
Q01963,ROLE060,SK158,Explain the fundamentals of skill SK158 for ROLE060.,Intermediate,Technical,"Candidate should explain concepts, practical applications, advantages, limitations, and industry use cases of SK158.","SK158, fundamentals, implementation, best practices",Startup
Q01964,ROLE060,SK159,Explain the fundamentals of skill SK159 for ROLE060.,Advanced,Coding,"Candidate should explain concepts, practical applications, advantages, limitations, and industry use cases of SK159.","SK159, fundamentals, implementation, best practices",Mid-size
Q01965,ROLE060,SK160,Explain the fundamentals of skill SK160 for ROLE060.,Beginner,HR,"Candidate should explain concepts, practical applications, advantages, limitations, and industry use cases of SK160.","SK160, fundamentals, implementation, best practices",MNC
Q01966,ROLE060,SK161,Explain the fundamentals of skill SK161 for ROLE060.,Intermediate,Scenario,"Candidate should explain concepts, practical applications, advantages, limitations, and industry use cases of SK161.","SK161, fundamentals, implementation, best practices",FAANG
Q01967,ROLE060,SK162,Explain the fundamentals of skill SK162 for ROLE060.,Advanced,Technical,"Candidate should explain concepts, practical applications, advantages, limitations, and industry use cases of SK162.","SK162, fundamentals, implementation, best practices",Startup
Q01968,ROLE060,SK163,Explain the fundamentals of skill SK163 for ROLE060.,Beginner,Coding,"Candidate should explain concepts, practical applications, advantages, limitations, and industry use cases of SK163.","SK163, fundamentals, implementation, best practices",Mid-size
Q01969,ROLE060,SK164,Explain the fundamentals of skill SK164 for ROLE060.,Intermediate,HR,"Candidate should explain concepts, practical applications, advantages, limitations, and industry use cases of SK164.","SK164, fundamentals, implementation, best practices",MNC
Q01970,ROLE060,SK165,Explain the fundamentals of skill SK165 for ROLE060.,Advanced,Scenario,"Candidate should explain concepts, practical applications, advantages, limitations, and industry use cases of SK165.","SK165, fundamentals, implementation, best practices",FAANG
Q01971,ROLE060,SK166,Explain the fundamentals of skill SK166 for ROLE060.,Beginner,Technical,"Candidate should explain concepts, practical applications, advantages, limitations, and industry use cases of SK166.","SK166, fundamentals, implementation, best practices",Startup
Q01972,ROLE060,SK167,Explain the fundamentals of skill SK167 for ROLE060.,Intermediate,Coding,"Candidate should explain concepts, practical applications, advantages, limitations, and industry use cases of SK167.","SK167, fundamentals, implementation, best practices",Mid-size
Q01973,ROLE060,SK168,Explain the fundamentals of skill SK168 for ROLE060.,Advanced,HR,"Candidate should explain concepts, practical applications, advantages, limitations, and industry use cases of SK168.","SK168, fundamentals, implementation, best practices",MNC
Q01974,ROLE060,SK169,Explain the fundamentals of skill SK169 for ROLE060.,Beginner,Scenario,"Candidate should explain concepts, practical applications, advantages, limitations, and industry use cases of SK169.","SK169, fundamentals, implementation, best practices",FAANG
Q01975,ROLE060,SK170,Explain the fundamentals of skill SK170 for ROLE060.,Intermediate,Technical,"Candidate should explain concepts, practical applications, advantages, limitations, and industry use cases of SK170.","SK170, fundamentals, implementation, best practices",Startup
Q01976,ROLE060,SK171,Explain the fundamentals of skill SK171 for ROLE060.,Advanced,Coding,"Candidate should explain concepts, practical applications, advantages, limitations, and industry use cases of SK171.","SK171, fundamentals, implementation, best practices",Mid-size
Q01977,ROLE060,SK172,Explain the fundamentals of skill SK172 for ROLE060.,Beginner,HR,"Candidate should explain concepts, practical applications, advantages, limitations, and industry use cases of SK172.","SK172, fundamentals, implementation, best practices",MNC
Q01978,ROLE060,SK173,Explain the fundamentals of skill SK173 for ROLE060.,Intermediate,Scenario,"Candidate should explain concepts, practical applications, advantages, limitations, and industry use cases of SK173.","SK173, fundamentals, implementation, best practices",FAANG
Q01979,ROLE060,SK174,Explain the fundamentals of skill SK174 for ROLE060.,Advanced,Technical,"Candidate should explain concepts, practical applications, advantages, limitations, and industry use cases of SK174.","SK174, fundamentals, implementation, best practices",Startup
Q01980,ROLE060,SK175,Explain the fundamentals of skill SK175 for ROLE060.,Beginner,Coding,"Candidate should explain concepts, practical applications, advantages, limitations, and industry use cases of SK175.","SK175, fundamentals, implementation, best practices",Mid-size
