roadmap_id,role_id,roadmap_type,week_number,day_range,topic,skill_id,course_id,project_id,milestone,estimated_hours
RM0001,ROLE001,30-Day,1,Day 1-7,Learning Module 1,SK002,COURSE0002,PROJ0002,Complete Week 1 objectives,20
RM0002,ROLE001,30-Day,2,Day 8-14,Learning Module 2,SK003,COURSE0003,PROJ0003,Complete Week 2 objectives,20
RM0003,ROLE001,30-Day,3,Day 15-21,Learning Module 3,SK004,COURSE0004,PROJ0004,Complete Week 3 objectives,20
RM0004,ROLE001,30-Day,4,Day 22-28,Learning Module 4,SK005,COURSE0005,PROJ0005,Complete Week 4 objectives,20
RM0005,ROLE001,60-Day,1,Day 1-7,Learning Module 1,SK002,COURSE0002,PROJ0002,Complete Week 1 objectives,15
RM0006,ROLE001,60-Day,2,Day 8-14,Learning Module 2,SK003,COURSE0003,PROJ0003,Complete Week 2 objectives,15
RM0007,ROLE001,60-Day,3,Day 15-21,Learning Module 3,SK004,COURSE0004,PROJ0004,Complete Week 3 objectives,15
RM0008,ROLE001,60-Day,4,Day 22-28,Learning Module 4,SK005,COURSE0005,PROJ0005,Complete Week 4 objectives,15
RM0009,ROLE001,60-Day,5,Day 29-35,Learning Module 5,SK006,COURSE0006,PROJ0006,Complete Week 5 objectives,15
RM0010,ROLE001,60-Day,6,Day 36-42,Learning Module 6,SK007,COURSE0007,PROJ0007,Complete Week 6 objectives,15
RM0011,ROLE001,60-Day,7,Day 43-49,Learning Module 7,SK008,COURSE0008,PROJ0008,Complete Week 7 objectives,15
RM0012,ROLE001,60-Day,8,Day 50-56,Learning Module 8,SK009,COURSE0009,PROJ0009,Complete Week 8 objectives,15
RM0013,ROLE001,90-Day,1,Day 1-7,Learning Module 1,SK002,COURSE0002,PROJ0002,Complete Week 1 objectives,10
RM0014,ROLE001,90-Day,2,Day 8-14,Learning Module 2,SK003,COURSE0003,PROJ0003,Complete Week 2 objectives,10
RM0015,ROLE001,90-Day,3,Day 15-21,Learning Module 3,SK004,COURSE0004,PROJ0004,Complete Week 3 objectives,10
RM0016,ROLE001,90-Day,4,Day 22-28,Learning Module 4,SK005,COURSE0005,PROJ0005,Complete Week 4 objectives,10
RM0017,ROLE001,90-Day,5,Day 29-35,Learning Module 5,SK006,COURSE0006,PROJ0006,Complete Week 5 objectives,10
RM0018,ROLE001,90-Day,6,Day 36-42,Learning Module 6,SK007,COURSE0007,PROJ0007,Complete Week 6 objectives,10
RM0019,ROLE001,90-Day,7,Day 43-49,Learning Module 7,SK008,COURSE0008,PROJ0008,Complete Week 7 objectives,10
RM0020,ROLE001,90-Day,8,Day 50-56,Learning Module 8,SK009,COURSE0009,PROJ0009,Complete Week 8 objectives,10
RM0021,ROLE001,90-Day,9,Day 57-63,Learning Module 9,SK010,COURSE0010,PROJ0010,Complete Week 9 objectives,10
RM0022,ROLE001,90-Day,10,Day 64-70,Learning Module 10,SK011,COURSE0011,PROJ0011,Complete Week 10 objectives,10
RM0023,ROLE001,90-Day,11,Day 71-77,Learning Module 11,SK012,COURSE0012,PROJ0012,Complete Week 11 objectives,10
RM0024,ROLE001,90-Day,12,Day 78-84,Learning Module 12,SK013,COURSE0013,PROJ0013,Complete Week 12 objectives,10
RM0025,ROLE002,30-Day,1,Day 1-7,Learning Module 1,SK003,COURSE0003,PROJ0003,Complete Week 1 objectives,20
RM0026,ROLE002,30-Day,2,Day 8-14,Learning Module 2,SK005,COURSE0005,PROJ0005,Complete Week 2 objectives,20
RM0027,ROLE002,30-Day,3,Day 15-21,Learning Module 3,SK007,COURSE0007,PROJ0007,Complete Week 3 objectives,20
RM0028,ROLE002,30-Day,4,Day 22-28,Learning Module 4,SK009,COURSE0009,PROJ0009,Complete Week 4 objectives,20
RM0029,ROLE002,60-Day,1,Day 1-7,Learning Module 1,SK003,COURSE0003,PROJ0003,Complete Week 1 objectives,15
RM0030,ROLE002,60-Day,2,Day 8-14,Learning Module 2,SK005,COURSE0005,PROJ0005,Complete Week 2 objectives,15
RM0031,ROLE002,60-Day,3,Day 15-21,Learning Module 3,SK007,COURSE0007,PROJ0007,Complete Week 3 objectives,15
RM0032,ROLE002,60-Day,4,Day 22-28,Learning Module 4,SK009,COURSE0009,PROJ0009,Complete Week 4 objectives,15
RM0033,ROLE002,60-Day,5,Day 29-35,Learning Module 5,SK011,COURSE0011,PROJ0011,Complete Week 5 objectives,15
RM0034,ROLE002,60-Day,6,Day 36-42,Learning Module 6,SK013,COURSE0013,PROJ0013,Complete Week 6 objectives,15
RM0035,ROLE002,60-Day,7,Day 43-49,Learning Module 7,SK015,COURSE0015,PROJ0015,Complete Week 7 objectives,15
RM0036,ROLE002,60-Day,8,Day 50-56,Learning Module 8,SK017,COURSE0017,PROJ0017,Complete Week 8 objectives,15
RM0037,ROLE002,90-Day,1,Day 1-7,Learning Module 1,SK003,COURSE0003,PROJ0003,Complete Week 1 objectives,10
RM0038,ROLE002,90-Day,2,Day 8-14,Learning Module 2,SK005,COURSE0005,PROJ0005,Complete Week 2 objectives,10
RM0039,ROLE002,90-Day,3,Day 15-21,Learning Module 3,SK007,COURSE0007,PROJ0007,Complete Week 3 objectives,10
RM0040,ROLE002,90-Day,4,Day 22-28,Learning Module 4,SK009,COURSE0009,PROJ0009,Complete Week 4 objectives,10
RM0041,ROLE002,90-Day,5,Day 29-35,Learning Module 5,SK011,COURSE0011,PROJ0011,Complete Week 5 objectives,10
RM0042,ROLE002,90-Day,6,Day 36-42,Learning Module 6,SK013,COURSE0013,PROJ0013,Complete Week 6 objectives,10
RM0043,ROLE002,90-Day,7,Day 43-49,Learning Module 7,SK015,COURSE0015,PROJ0015,Complete Week 7 objectives,10
RM0044,ROLE002,90-Day,8,Day 50-56,Learning Module 8,SK017,COURSE0017,PROJ0017,Complete Week 8 objectives,10
RM0045,ROLE002,90-Day,9,Day 57-63,Learning Module 9,SK019,COURSE0019,PROJ0019,Complete Week 9 objectives,10
RM0046,ROLE002,90-Day,10,Day 64-70,Learning Module 10,SK021,COURSE0021,PROJ0021,Complete Week 10 objectives,10
RM0047,ROLE002,90-Day,11,Day 71-77,Learning Module 11,SK023,COURSE0023,PROJ0023,Complete Week 11 objectives,10
RM0048,ROLE002,90-Day,12,Day 78-84,Learning Module 12,SK025,COURSE0025,PROJ0025,Complete Week 12 objectives,10
RM0049,ROLE003,30-Day,1,Day 1-7,Learning Module 1,SK004,COURSE0004,PROJ0004,Complete Week 1 objectives,20
RM0050,ROLE003,30-Day,2,Day 8-14,Learning Module 2,SK007,COURSE0007,PROJ0007,Complete Week 2 objectives,20
RM0051,ROLE003,30-Day,3,Day 15-21,Learning Module 3,SK010,COURSE0010,PROJ0010,Complete Week 3 objectives,20
RM0052,ROLE003,30-Day,4,Day 22-28,Learning Module 4,SK013,COURSE0013,PROJ0013,Complete Week 4 objectives,20
RM0053,ROLE003,60-Day,1,Day 1-7,Learning Module 1,SK004,COURSE0004,PROJ0004,Complete Week 1 objectives,15
RM0054,ROLE003,60-Day,2,Day 8-14,Learning Module 2,SK007,COURSE0007,PROJ0007,Complete Week 2 objectives,15
RM0055,ROLE003,60-Day,3,Day 15-21,Learning Module 3,SK010,COURSE0010,PROJ0010,Complete Week 3 objectives,15
RM0056,ROLE003,60-Day,4,Day 22-28,Learning Module 4,SK013,COURSE0013,PROJ0013,Complete Week 4 objectives,15
RM0057,ROLE003,60-Day,5,Day 29-35,Learning Module 5,SK016,COURSE0016,PROJ0016,Complete Week 5 objectives,15
RM0058,ROLE003,60-Day,6,Day 36-42,Learning Module 6,SK019,COURSE0019,PROJ0019,Complete Week 6 objectives,15
RM0059,ROLE003,60-Day,7,Day 43-49,Learning Module 7,SK022,COURSE0022,PROJ0022,Complete Week 7 objectives,15
RM0060,ROLE003,60-Day,8,Day 50-56,Learning Module 8,SK025,COURSE0025,PROJ0025,Complete Week 8 objectives,15
RM0061,ROLE003,90-Day,1,Day 1-7,Learning Module 1,SK004,COURSE0004,PROJ0004,Complete Week 1 objectives,10
RM0062,ROLE003,90-Day,2,Day 8-14,Learning Module 2,SK007,COURSE0007,PROJ0007,Complete Week 2 objectives,10
RM0063,ROLE003,90-Day,3,Day 15-21,Learning Module 3,SK010,COURSE0010,PROJ0010,Complete Week 3 objectives,10
RM0064,ROLE003,90-Day,4,Day 22-28,Learning Module 4,SK013,COURSE0013,PROJ0013,Complete Week 4 objectives,10
RM0065,ROLE003,90-Day,5,Day 29-35,Learning Module 5,SK016,COURSE0016,PROJ0016,Complete Week 5 objectives,10
RM0066,ROLE003,90-Day,6,Day 36-42,Learning Module 6,SK019,COURSE0019,PROJ0019,Complete Week 6 objectives,10
RM0067,ROLE003,90-Day,7,Day 43-49,Learning Module 7,SK022,COURSE0022,PROJ0022,Complete Week 7 objectives,10
RM0068,ROLE003,90-Day,8,Day 50-56,Learning Module 8,SK025,COURSE0025,PROJ0025,Complete Week 8 objectives,10
RM0069,ROLE003,90-Day,9,Day 57-63,Learning Module 9,SK028,COURSE0028,PROJ0028,Complete Week 9 objectives,10
RM0070,ROLE003,90-Day,10,Day 64-70,Learning Module 10,SK031,COURSE0031,PROJ0031,Complete Week 10 objectives,10
RM0071,ROLE003,90-Day,11,Day 71-77,Learning Module 11,SK034,COURSE0034,PROJ0034,Complete Week 11 objectives,10
RM0072,ROLE003,90-Day,12,Day 78-84,Learning Module 12,SK037,COURSE0037,PROJ0037,Complete Week 12 objectives,10
RM0073,ROLE004,30-Day,1,Day 1-7,Learning Module 1,SK005,COURSE0005,PROJ0005,Complete Week 1 objectives,20
RM0074,ROLE004,30-Day,2,Day 8-14,Learning Module 2,SK009,COURSE0009,PROJ0009,Complete Week 2 objectives,20
RM0075,ROLE004,30-Day,3,Day 15-21,Learning Module 3,SK013,COURSE0013,PROJ0013,Complete Week 3 objectives,20
RM0076,ROLE004,30-Day,4,Day 22-28,Learning Module 4,SK017,COURSE0017,PROJ0017,Complete Week 4 objectives,20
RM0077,ROLE004,60-Day,1,Day 1-7,Learning Module 1,SK005,COURSE0005,PROJ0005,Complete Week 1 objectives,15
RM0078,ROLE004,60-Day,2,Day 8-14,Learning Module 2,SK009,COURSE0009,PROJ0009,Complete Week 2 objectives,15
RM0079,ROLE004,60-Day,3,Day 15-21,Learning Module 3,SK013,COURSE0013,PROJ0013,Complete Week 3 objectives,15
RM0080,ROLE004,60-Day,4,Day 22-28,Learning Module 4,SK017,COURSE0017,PROJ0017,Complete Week 4 objectives,15
RM0081,ROLE004,60-Day,5,Day 29-35,Learning Module 5,SK021,COURSE0021,PROJ0021,Complete Week 5 objectives,15
RM0082,ROLE004,60-Day,6,Day 36-42,Learning Module 6,SK025,COURSE0025,PROJ0025,Complete Week 6 objectives,15
RM0083,ROLE004,60-Day,7,Day 43-49,Learning Module 7,SK029,COURSE0029,PROJ0029,Complete Week 7 objectives,15
RM0084,ROLE004,60-Day,8,Day 50-56,Learning Module 8,SK033,COURSE0033,PROJ0033,Complete Week 8 objectives,15
RM0085,ROLE004,90-Day,1,Day 1-7,Learning Module 1,SK005,COURSE0005,PROJ0005,Complete Week 1 objectives,10
RM0086,ROLE004,90-Day,2,Day 8-14,Learning Module 2,SK009,COURSE0009,PROJ0009,Complete Week 2 objectives,10
RM0087,ROLE004,90-Day,3,Day 15-21,Learning Module 3,SK013,COURSE0013,PROJ0013,Complete Week 3 objectives,10
RM0088,ROLE004,90-Day,4,Day 22-28,Learning Module 4,SK017,COURSE0017,PROJ0017,Complete Week 4 objectives,10
RM0089,ROLE004,90-Day,5,Day 29-35,Learning Module 5,SK021,COURSE0021,PROJ0021,Complete Week 5 objectives,10
RM0090,ROLE004,90-Day,6,Day 36-42,Learning Module 6,SK025,COURSE0025,PROJ0025,Complete Week 6 objectives,10
RM0091,ROLE004,90-Day,7,Day 43-49,Learning Module 7,SK029,COURSE0029,PROJ0029,Complete Week 7 objectives,10
RM0092,ROLE004,90-Day,8,Day 50-56,Learning Module 8,SK033,COURSE0033,PROJ0033,Complete Week 8 objectives,10
RM0093,ROLE004,90-Day,9,Day 57-63,Learning Module 9,SK037,COURSE0037,PROJ0037,Complete Week 9 objectives,10
RM0094,ROLE004,90-Day,10,Day 64-70,Learning Module 10,SK041,COURSE0041,PROJ0041,Complete Week 10 objectives,10
RM0095,ROLE004,90-Day,11,Day 71-77,Learning Module 11,SK045,COURSE0045,PROJ0045,Complete Week 11 objectives,10
RM0096,ROLE004,90-Day,12,Day 78-84,Learning Module 12,SK049,COURSE0049,PROJ0049,Complete Week 12 objectives,10
RM0097,ROLE005,30-Day,1,Day 1-7,Learning Module 1,SK006,COURSE0006,PROJ0006,Complete Week 1 objectives,20
RM0098,ROLE005,30-Day,2,Day 8-14,Learning Module 2,SK011,COURSE0011,PROJ0011,Complete Week 2 objectives,20
RM0099,ROLE005,30-Day,3,Day 15-21,Learning Module 3,SK016,COURSE0016,PROJ0016,Complete Week 3 objectives,20
RM0100,ROLE005,30-Day,4,Day 22-28,Learning Module 4,SK021,COURSE0021,PROJ0021,Complete Week 4 objectives,20
RM0101,ROLE005,60-Day,1,Day 1-7,Learning Module 1,SK006,COURSE0006,PROJ0006,Complete Week 1 objectives,15
RM0102,ROLE005,60-Day,2,Day 8-14,Learning Module 2,SK011,COURSE0011,PROJ0011,Complete Week 2 objectives,15
RM0103,ROLE005,60-Day,3,Day 15-21,Learning Module 3,SK016,COURSE0016,PROJ0016,Complete Week 3 objectives,15
RM0104,ROLE005,60-Day,4,Day 22-28,Learning Module 4,SK021,COURSE0021,PROJ0021,Complete Week 4 objectives,15
RM0105,ROLE005,60-Day,5,Day 29-35,Learning Module 5,SK026,COURSE0026,PROJ0026,Complete Week 5 objectives,15
RM0106,ROLE005,60-Day,6,Day 36-42,Learning Module 6,SK031,COURSE0031,PROJ0031,Complete Week 6 objectives,15
RM0107,ROLE005,60-Day,7,Day 43-49,Learning Module 7,SK036,COURSE0036,PROJ0036,Complete Week 7 objectives,15
RM0108,ROLE005,60-Day,8,Day 50-56,Learning Module 8,SK041,COURSE0041,PROJ0041,Complete Week 8 objectives,15
RM0109,ROLE005,90-Day,1,Day 1-7,Learning Module 1,SK006,COURSE0006,PROJ0006,Complete Week 1 objectives,10
RM0110,ROLE005,90-Day,2,Day 8-14,Learning Module 2,SK011,COURSE0011,PROJ0011,Complete Week 2 objectives,10
RM0111,ROLE005,90-Day,3,Day 15-21,Learning Module 3,SK016,COURSE0016,PROJ0016,Complete Week 3 objectives,10
RM0112,ROLE005,90-Day,4,Day 22-28,Learning Module 4,SK021,COURSE0021,PROJ0021,Complete Week 4 objectives,10
RM0113,ROLE005,90-Day,5,Day 29-35,Learning Module 5,SK026,COURSE0026,PROJ0026,Complete Week 5 objectives,10
RM0114,ROLE005,90-Day,6,Day 36-42,Learning Module 6,SK031,COURSE0031,PROJ0031,Complete Week 6 objectives,10
RM0115,ROLE005,90-Day,7,Day 43-49,Learning Module 7,SK036,COURSE0036,PROJ0036,Complete Week 7 objectives,10
RM0116,ROLE005,90-Day,8,Day 50-56,Learning Module 8,SK041,COURSE0041,PROJ0041,Complete Week 8 objectives,10
RM0117,ROLE005,90-Day,9,Day 57-63,Learning Module 9,SK046,COURSE0046,PROJ0046,Complete Week 9 objectives,10
RM0118,ROLE005,90-Day,10,Day 64-70,Learning Module 10,SK051,COURSE0051,PROJ0051,Complete Week 10 objectives,10
RM0119,ROLE005,90-Day,11,Day 71-77,Learning Module 11,SK056,COURSE0056,PROJ0056,Complete Week 11 objectives,10
RM0120,ROLE005,90-Day,12,Day 78-84,Learning Module 12,SK061,COURSE0061,PROJ0061,Complete Week 12 objectives,10
RM0121,ROLE006,30-Day,1,Day 1-7,Learning Module 1,SK007,COURSE0007,PROJ0007,Complete Week 1 objectives,20
RM0122,ROLE006,30-Day,2,Day 8-14,Learning Module 2,SK013,COURSE0013,PROJ0013,Complete Week 2 objectives,20
RM0123,ROLE006,30-Day,3,Day 15-21,Learning Module 3,SK019,COURSE0019,PROJ0019,Complete Week 3 objectives,20
RM0124,ROLE006,30-Day,4,Day 22-28,Learning Module 4,SK025,COURSE0025,PROJ0025,Complete Week 4 objectives,20
RM0125,ROLE006,60-Day,1,Day 1-7,Learning Module 1,SK007,COURSE0007,PROJ0007,Complete Week 1 objectives,15
RM0126,ROLE006,60-Day,2,Day 8-14,Learning Module 2,SK013,COURSE0013,PROJ0013,Complete Week 2 objectives,15
RM0127,ROLE006,60-Day,3,Day 15-21,Learning Module 3,SK019,COURSE0019,PROJ0019,Complete Week 3 objectives,15
RM0128,ROLE006,60-Day,4,Day 22-28,Learning Module 4,SK025,COURSE0025,PROJ0025,Complete Week 4 objectives,15
RM0129,ROLE006,60-Day,5,Day 29-35,Learning Module 5,SK031,COURSE0031,PROJ0031,Complete Week 5 objectives,15
RM0130,ROLE006,60-Day,6,Day 36-42,Learning Module 6,SK037,COURSE0037,PROJ0037,Complete Week 6 objectives,15
RM0131,ROLE006,60-Day,7,Day 43-49,Learning Module 7,SK043,COURSE0043,PROJ0043,Complete Week 7 objectives,15
RM0132,ROLE006,60-Day,8,Day 50-56,Learning Module 8,SK049,COURSE0049,PROJ0049,Complete Week 8 objectives,15
RM0133,ROLE006,90-Day,1,Day 1-7,Learning Module 1,SK007,COURSE0007,PROJ0007,Complete Week 1 objectives,10
RM0134,ROLE006,90-Day,2,Day 8-14,Learning Module 2,SK013,COURSE0013,PROJ0013,Complete Week 2 objectives,10
RM0135,ROLE006,90-Day,3,Day 15-21,Learning Module 3,SK019,COURSE0019,PROJ0019,Complete Week 3 objectives,10
RM0136,ROLE006,90-Day,4,Day 22-28,Learning Module 4,SK025,COURSE0025,PROJ0025,Complete Week 4 objectives,10
RM0137,ROLE006,90-Day,5,Day 29-35,Learning Module 5,SK031,COURSE0031,PROJ0031,Complete Week 5 objectives,10
RM0138,ROLE006,90-Day,6,Day 36-42,Learning Module 6,SK037,COURSE0037,PROJ0037,Complete Week 6 objectives,10
RM0139,ROLE006,90-Day,7,Day 43-49,Learning Module 7,SK043,COURSE0043,PROJ0043,Complete Week 7 objectives,10
RM0140,ROLE006,90-Day,8,Day 50-56,Learning Module 8,SK049,COURSE0049,PROJ0049,Complete Week 8 objectives,10
RM0141,ROLE006,90-Day,9,Day 57-63,Learning Module 9,SK055,COURSE0055,PROJ0055,Complete Week 9 objectives,10
RM0142,ROLE006,90-Day,10,Day 64-70,Learning Module 10,SK061,COURSE0061,PROJ0061,Complete Week 10 objectives,10
RM0143,ROLE006,90-Day,11,Day 71-77,Learning Module 11,SK067,COURSE0067,PROJ0067,Complete Week 11 objectives,10
RM0144,ROLE006,90-Day,12,Day 78-84,Learning Module 12,SK073,COURSE0073,PROJ0073,Complete Week 12 objectives,10
RM0145,ROLE007,30-Day,1,Day 1-7,Learning Module 1,SK008,COURSE0008,PROJ0008,Complete Week 1 objectives,20
RM0146,ROLE007,30-Day,2,Day 8-14,Learning Module 2,SK015,COURSE0015,PROJ0015,Complete Week 2 objectives,20
RM0147,ROLE007,30-Day,3,Day 15-21,Learning Module 3,SK022,COURSE0022,PROJ0022,Complete Week 3 objectives,20
RM0148,ROLE007,30-Day,4,Day 22-28,Learning Module 4,SK029,COURSE0029,PROJ0029,Complete Week 4 objectives,20
RM0149,ROLE007,60-Day,1,Day 1-7,Learning Module 1,SK008,COURSE0008,PROJ0008,Complete Week 1 objectives,15
RM0150,ROLE007,60-Day,2,Day 8-14,Learning Module 2,SK015,COURSE0015,PROJ0015,Complete Week 2 objectives,15
RM0151,ROLE007,60-Day,3,Day 15-21,Learning Module 3,SK022,COURSE0022,PROJ0022,Complete Week 3 objectives,15
RM0152,ROLE007,60-Day,4,Day 22-28,Learning Module 4,SK029,COURSE0029,PROJ0029,Complete Week 4 objectives,15
RM0153,ROLE007,60-Day,5,Day 29-35,Learning Module 5,SK036,COURSE0036,PROJ0036,Complete Week 5 objectives,15
RM0154,ROLE007,60-Day,6,Day 36-42,Learning Module 6,SK043,COURSE0043,PROJ0043,Complete Week 6 objectives,15
RM0155,ROLE007,60-Day,7,Day 43-49,Learning Module 7,SK050,COURSE0050,PROJ0050,Complete Week 7 objectives,15
RM0156,ROLE007,60-Day,8,Day 50-56,Learning Module 8,SK057,COURSE0057,PROJ0057,Complete Week 8 objectives,15
RM0157,ROLE007,90-Day,1,Day 1-7,Learning Module 1,SK008,COURSE0008,PROJ0008,Complete Week 1 objectives,10
RM0158,ROLE007,90-Day,2,Day 8-14,Learning Module 2,SK015,COURSE0015,PROJ0015,Complete Week 2 objectives,10
RM0159,ROLE007,90-Day,3,Day 15-21,Learning Module 3,SK022,COURSE0022,PROJ0022,Complete Week 3 objectives,10
RM0160,ROLE007,90-Day,4,Day 22-28,Learning Module 4,SK029,COURSE0029,PROJ0029,Complete Week 4 objectives,10
RM0161,ROLE007,90-Day,5,Day 29-35,Learning Module 5,SK036,COURSE0036,PROJ0036,Complete Week 5 objectives,10
RM0162,ROLE007,90-Day,6,Day 36-42,Learning Module 6,SK043,COURSE0043,PROJ0043,Complete Week 6 objectives,10
RM0163,ROLE007,90-Day,7,Day 43-49,Learning Module 7,SK050,COURSE0050,PROJ0050,Complete Week 7 objectives,10
RM0164,ROLE007,90-Day,8,Day 50-56,Learning Module 8,SK057,COURSE0057,PROJ0057,Complete Week 8 objectives,10
RM0165,ROLE007,90-Day,9,Day 57-63,Learning Module 9,SK064,COURSE0064,PROJ0064,Complete Week 9 objectives,10
RM0166,ROLE007,90-Day,10,Day 64-70,Learning Module 10,SK071,COURSE0071,PROJ0071,Complete Week 10 objectives,10
RM0167,ROLE007,90-Day,11,Day 71-77,Learning Module 11,SK078,COURSE0078,PROJ0078,Complete Week 11 objectives,10
RM0168,ROLE007,90-Day,12,Day 78-84,Learning Module 12,SK085,COURSE0085,PROJ0085,Complete Week 12 objectives,10
RM0169,ROLE008,30-Day,1,Day 1-7,Learning Module 1,SK009,COURSE0009,PROJ0009,Complete Week 1 objectives,20
RM0170,ROLE008,30-Day,2,Day 8-14,Learning Module 2,SK017,COURSE0017,PROJ0017,Complete Week 2 objectives,20
RM0171,ROLE008,30-Day,3,Day 15-21,Learning Module 3,SK025,COURSE0025,PROJ0025,Complete Week 3 objectives,20
RM0172,ROLE008,30-Day,4,Day 22-28,Learning Module 4,SK033,COURSE0033,PROJ0033,Complete Week 4 objectives,20
RM0173,ROLE008,60-Day,1,Day 1-7,Learning Module 1,SK009,COURSE0009,PROJ0009,Complete Week 1 objectives,15
RM0174,ROLE008,60-Day,2,Day 8-14,Learning Module 2,SK017,COURSE0017,PROJ0017,Complete Week 2 objectives,15
RM0175,ROLE008,60-Day,3,Day 15-21,Learning Module 3,SK025,COURSE0025,PROJ0025,Complete Week 3 objectives,15
RM0176,ROLE008,60-Day,4,Day 22-28,Learning Module 4,SK033,COURSE0033,PROJ0033,Complete Week 4 objectives,15
RM0177,ROLE008,60-Day,5,Day 29-35,Learning Module 5,SK041,COURSE0041,PROJ0041,Complete Week 5 objectives,15
RM0178,ROLE008,60-Day,6,Day 36-42,Learning Module 6,SK049,COURSE0049,PROJ0049,Complete Week 6 objectives,15
RM0179,ROLE008,60-Day,7,Day 43-49,Learning Module 7,SK057,COURSE0057,PROJ0057,Complete Week 7 objectives,15
RM0180,ROLE008,60-Day,8,Day 50-56,Learning Module 8,SK065,COURSE0065,PROJ0065,Complete Week 8 objectives,15
RM0181,ROLE008,90-Day,1,Day 1-7,Learning Module 1,SK009,COURSE0009,PROJ0009,Complete Week 1 objectives,10
RM0182,ROLE008,90-Day,2,Day 8-14,Learning Module 2,SK017,COURSE0017,PROJ0017,Complete Week 2 objectives,10
RM0183,ROLE008,90-Day,3,Day 15-21,Learning Module 3,SK025,COURSE0025,PROJ0025,Complete Week 3 objectives,10
RM0184,ROLE008,90-Day,4,Day 22-28,Learning Module 4,SK033,COURSE0033,PROJ0033,Complete Week 4 objectives,10
RM0185,ROLE008,90-Day,5,Day 29-35,Learning Module 5,SK041,COURSE0041,PROJ0041,Complete Week 5 objectives,10
RM0186,ROLE008,90-Day,6,Day 36-42,Learning Module 6,SK049,COURSE0049,PROJ0049,Complete Week 6 objectives,10
RM0187,ROLE008,90-Day,7,Day 43-49,Learning Module 7,SK057,COURSE0057,PROJ0057,Complete Week 7 objectives,10
RM0188,ROLE008,90-Day,8,Day 50-56,Learning Module 8,SK065,COURSE0065,PROJ0065,Complete Week 8 objectives,10
RM0189,ROLE008,90-Day,9,Day 57-63,Learning Module 9,SK073,COURSE0073,PROJ0073,Complete Week 9 objectives,10
RM0190,ROLE008,90-Day,10,Day 64-70,Learning Module 10,SK081,COURSE0081,PROJ0081,Complete Week 10 objectives,10
RM0191,ROLE008,90-Day,11,Day 71-77,Learning Module 11,SK089,COURSE0089,PROJ0089,Complete Week 11 objectives,10
RM0192,ROLE008,90-Day,12,Day 78-84,Learning Module 12,SK097,COURSE0097,PROJ0097,Complete Week 12 objectives,10
RM0193,ROLE009,30-Day,1,Day 1-7,Learning Module 1,SK010,COURSE0010,PROJ0010,Complete Week 1 objectives,20
RM0194,ROLE009,30-Day,2,Day 8-14,Learning Module 2,SK019,COURSE0019,PROJ0019,Complete Week 2 objectives,20
RM0195,ROLE009,30-Day,3,Day 15-21,Learning Module 3,SK028,COURSE0028,PROJ0028,Complete Week 3 objectives,20
RM0196,ROLE009,30-Day,4,Day 22-28,Learning Module 4,SK037,COURSE0037,PROJ0037,Complete Week 4 objectives,20
RM0197,ROLE009,60-Day,1,Day 1-7,Learning Module 1,SK010,COURSE0010,PROJ0010,Complete Week 1 objectives,15
RM0198,ROLE009,60-Day,2,Day 8-14,Learning Module 2,SK019,COURSE0019,PROJ0019,Complete Week 2 objectives,15
RM0199,ROLE009,60-Day,3,Day 15-21,Learning Module 3,SK028,COURSE0028,PROJ0028,Complete Week 3 objectives,15
RM0200,ROLE009,60-Day,4,Day 22-28,Learning Module 4,SK037,COURSE0037,PROJ0037,Complete Week 4 objectives,15
RM0201,ROLE009,60-Day,5,Day 29-35,Learning Module 5,SK046,COURSE0046,PROJ0046,Complete Week 5 objectives,15
RM0202,ROLE009,60-Day,6,Day 36-42,Learning Module 6,SK055,COURSE0055,PROJ0055,Complete Week 6 objectives,15
RM0203,ROLE009,60-Day,7,Day 43-49,Learning Module 7,SK064,COURSE0064,PROJ0064,Complete Week 7 objectives,15
RM0204,ROLE009,60-Day,8,Day 50-56,Learning Module 8,SK073,COURSE0073,PROJ0073,Complete Week 8 objectives,15
RM0205,ROLE009,90-Day,1,Day 1-7,Learning Module 1,SK010,COURSE0010,PROJ0010,Complete Week 1 objectives,10
RM0206,ROLE009,90-Day,2,Day 8-14,Learning Module 2,SK019,COURSE0019,PROJ0019,Complete Week 2 objectives,10
RM0207,ROLE009,90-Day,3,Day 15-21,Learning Module 3,SK028,COURSE0028,PROJ0028,Complete Week 3 objectives,10
RM0208,ROLE009,90-Day,4,Day 22-28,Learning Module 4,SK037,COURSE0037,PROJ0037,Complete Week 4 objectives,10
RM0209,ROLE009,90-Day,5,Day 29-35,Learning Module 5,SK046,COURSE0046,PROJ0046,Complete Week 5 objectives,10
RM0210,ROLE009,90-Day,6,Day 36-42,Learning Module 6,SK055,COURSE0055,PROJ0055,Complete Week 6 objectives,10
RM0211,ROLE009,90-Day,7,Day 43-49,Learning Module 7,SK064,COURSE0064,PROJ0064,Complete Week 7 objectives,10
RM0212,ROLE009,90-Day,8,Day 50-56,Learning Module 8,SK073,COURSE0073,PROJ0073,Complete Week 8 objectives,10
RM0213,ROLE009,90-Day,9,Day 57-63,Learning Module 9,SK082,COURSE0082,PROJ0082,Complete Week 9 objectives,10
RM0214,ROLE009,90-Day,10,Day 64-70,Learning Module 10,SK091,COURSE0091,PROJ0091,Complete Week 10 objectives,10
RM0215,ROLE009,90-Day,11,Day 71-77,Learning Module 11,SK100,COURSE0100,PROJ0100,Complete Week 11 objectives,10
RM0216,ROLE009,90-Day,12,Day 78-84,Learning Module 12,SK109,COURSE0109,PROJ0109,Complete Week 12 objectives,10
RM0217,ROLE010,30-Day,1,Day 1-7,Learning Module 1,SK011,COURSE0011,PROJ0011,Complete Week 1 objectives,20
RM0218,ROLE010,30-Day,2,Day 8-14,Learning Module 2,SK021,COURSE0021,PROJ0021,Complete Week 2 objectives,20
RM0219,ROLE010,30-Day,3,Day 15-21,Learning Module 3,SK031,COURSE0031,PROJ0031,Complete Week 3 objectives,20
RM0220,ROLE010,30-Day,4,Day 22-28,Learning Module 4,SK041,COURSE0041,PROJ0041,Complete Week 4 objectives,20
RM0221,ROLE010,60-Day,1,Day 1-7,Learning Module 1,SK011,COURSE0011,PROJ0011,Complete Week 1 objectives,15
RM0222,ROLE010,60-Day,2,Day 8-14,Learning Module 2,SK021,COURSE0021,PROJ0021,Complete Week 2 objectives,15
RM0223,ROLE010,60-Day,3,Day 15-21,Learning Module 3,SK031,COURSE0031,PROJ0031,Complete Week 3 objectives,15
RM0224,ROLE010,60-Day,4,Day 22-28,Learning Module 4,SK041,COURSE0041,PROJ0041,Complete Week 4 objectives,15
RM0225,ROLE010,60-Day,5,Day 29-35,Learning Module 5,SK051,COURSE0051,PROJ0051,Complete Week 5 objectives,15
RM0226,ROLE010,60-Day,6,Day 36-42,Learning Module 6,SK061,COURSE0061,PROJ0061,Complete Week 6 objectives,15
RM0227,ROLE010,60-Day,7,Day 43-49,Learning Module 7,SK071,COURSE0071,PROJ0071,Complete Week 7 objectives,15
RM0228,ROLE010,60-Day,8,Day 50-56,Learning Module 8,SK081,COURSE0081,PROJ0081,Complete Week 8 objectives,15
RM0229,ROLE010,90-Day,1,Day 1-7,Learning Module 1,SK011,COURSE0011,PROJ0011,Complete Week 1 objectives,10
RM0230,ROLE010,90-Day,2,Day 8-14,Learning Module 2,SK021,COURSE0021,PROJ0021,Complete Week 2 objectives,10
RM0231,ROLE010,90-Day,3,Day 15-21,Learning Module 3,SK031,COURSE0031,PROJ0031,Complete Week 3 objectives,10
RM0232,ROLE010,90-Day,4,Day 22-28,Learning Module 4,SK041,COURSE0041,PROJ0041,Complete Week 4 objectives,10
RM0233,ROLE010,90-Day,5,Day 29-35,Learning Module 5,SK051,COURSE0051,PROJ0051,Complete Week 5 objectives,10
RM0234,ROLE010,90-Day,6,Day 36-42,Learning Module 6,SK061,COURSE0061,PROJ0061,Complete Week 6 objectives,10
RM0235,ROLE010,90-Day,7,Day 43-49,Learning Module 7,SK071,COURSE0071,PROJ0071,Complete Week 7 objectives,10
RM0236,ROLE010,90-Day,8,Day 50-56,Learning Module 8,SK081,COURSE0081,PROJ0081,Complete Week 8 objectives,10
RM0237,ROLE010,90-Day,9,Day 57-63,Learning Module 9,SK091,COURSE0091,PROJ0091,Complete Week 9 objectives,10
RM0238,ROLE010,90-Day,10,Day 64-70,Learning Module 10,SK101,COURSE0101,PROJ0101,Complete Week 10 objectives,10
RM0239,ROLE010,90-Day,11,Day 71-77,Learning Module 11,SK111,COURSE0111,PROJ0111,Complete Week 11 objectives,10
RM0240,ROLE010,90-Day,12,Day 78-84,Learning Module 12,SK121,COURSE0121,PROJ0121,Complete Week 12 objectives,10
RM0241,ROLE011,30-Day,1,Day 1-7,Learning Module 1,SK012,COURSE0012,PROJ0012,Complete Week 1 objectives,20
RM0242,ROLE011,30-Day,2,Day 8-14,Learning Module 2,SK023,COURSE0023,PROJ0023,Complete Week 2 objectives,20
RM0243,ROLE011,30-Day,3,Day 15-21,Learning Module 3,SK034,COURSE0034,PROJ0034,Complete Week 3 objectives,20
RM0244,ROLE011,30-Day,4,Day 22-28,Learning Module 4,SK045,COURSE0045,PROJ0045,Complete Week 4 objectives,20
RM0245,ROLE011,60-Day,1,Day 1-7,Learning Module 1,SK012,COURSE0012,PROJ0012,Complete Week 1 objectives,15
RM0246,ROLE011,60-Day,2,Day 8-14,Learning Module 2,SK023,COURSE0023,PROJ0023,Complete Week 2 objectives,15
RM0247,ROLE011,60-Day,3,Day 15-21,Learning Module 3,SK034,COURSE0034,PROJ0034,Complete Week 3 objectives,15
RM0248,ROLE011,60-Day,4,Day 22-28,Learning Module 4,SK045,COURSE0045,PROJ0045,Complete Week 4 objectives,15
RM0249,ROLE011,60-Day,5,Day 29-35,Learning Module 5,SK056,COURSE0056,PROJ0056,Complete Week 5 objectives,15
RM0250,ROLE011,60-Day,6,Day 36-42,Learning Module 6,SK067,COURSE0067,PROJ0067,Complete Week 6 objectives,15
RM0251,ROLE011,60-Day,7,Day 43-49,Learning Module 7,SK078,COURSE0078,PROJ0078,Complete Week 7 objectives,15
RM0252,ROLE011,60-Day,8,Day 50-56,Learning Module 8,SK089,COURSE0089,PROJ0089,Complete Week 8 objectives,15
RM0253,ROLE011,90-Day,1,Day 1-7,Learning Module 1,SK012,COURSE0012,PROJ0012,Complete Week 1 objectives,10
RM0254,ROLE011,90-Day,2,Day 8-14,Learning Module 2,SK023,COURSE0023,PROJ0023,Complete Week 2 objectives,10
RM0255,ROLE011,90-Day,3,Day 15-21,Learning Module 3,SK034,COURSE0034,PROJ0034,Complete Week 3 objectives,10
RM0256,ROLE011,90-Day,4,Day 22-28,Learning Module 4,SK045,COURSE0045,PROJ0045,Complete Week 4 objectives,10
RM0257,ROLE011,90-Day,5,Day 29-35,Learning Module 5,SK056,COURSE0056,PROJ0056,Complete Week 5 objectives,10
RM0258,ROLE011,90-Day,6,Day 36-42,Learning Module 6,SK067,COURSE0067,PROJ0067,Complete Week 6 objectives,10
RM0259,ROLE011,90-Day,7,Day 43-49,Learning Module 7,SK078,COURSE0078,PROJ0078,Complete Week 7 objectives,10
RM0260,ROLE011,90-Day,8,Day 50-56,Learning Module 8,SK089,COURSE0089,PROJ0089,Complete Week 8 objectives,10
RM0261,ROLE011,90-Day,9,Day 57-63,Learning Module 9,SK100,COURSE0100,PROJ0100,Complete Week 9 objectives,10
RM0262,ROLE011,90-Day,10,Day 64-70,Learning Module 10,SK111,COURSE0111,PROJ0111,Complete Week 10 objectives,10
RM0263,ROLE011,90-Day,11,Day 71-77,Learning Module 11,SK122,COURSE0122,PROJ0122,Complete Week 11 objectives,10
RM0264,ROLE011,90-Day,12,Day 78-84,Learning Module 12,SK133,COURSE0133,PROJ0133,Complete Week 12 objectives,10
RM0265,ROLE012,30-Day,1,Day 1-7,Learning Module 1,SK013,COURSE0013,PROJ0013,Complete Week 1 objectives,20
RM0266,ROLE012,30-Day,2,Day 8-14,Learning Module 2,SK025,COURSE0025,PROJ0025,Complete Week 2 objectives,20
RM0267,ROLE012,30-Day,3,Day 15-21,Learning Module 3,SK037,COURSE0037,PROJ0037,Complete Week 3 objectives,20
RM0268,ROLE012,30-Day,4,Day 22-28,Learning Module 4,SK049,COURSE0049,PROJ0049,Complete Week 4 objectives,20
RM0269,ROLE012,60-Day,1,Day 1-7,Learning Module 1,SK013,COURSE0013,PROJ0013,Complete Week 1 objectives,15
RM0270,ROLE012,60-Day,2,Day 8-14,Learning Module 2,SK025,COURSE0025,PROJ0025,Complete Week 2 objectives,15
RM0271,ROLE012,60-Day,3,Day 15-21,Learning Module 3,SK037,COURSE0037,PROJ0037,Complete Week 3 objectives,15
RM0272,ROLE012,60-Day,4,Day 22-28,Learning Module 4,SK049,COURSE0049,PROJ0049,Complete Week 4 objectives,15
RM0273,ROLE012,60-Day,5,Day 29-35,Learning Module 5,SK061,COURSE0061,PROJ0061,Complete Week 5 objectives,15
RM0274,ROLE012,60-Day,6,Day 36-42,Learning Module 6,SK073,COURSE0073,PROJ0073,Complete Week 6 objectives,15
RM0275,ROLE012,60-Day,7,Day 43-49,Learning Module 7,SK085,COURSE0085,PROJ0085,Complete Week 7 objectives,15
RM0276,ROLE012,60-Day,8,Day 50-56,Learning Module 8,SK097,COURSE0097,PROJ0097,Complete Week 8 objectives,15
RM0277,ROLE012,90-Day,1,Day 1-7,Learning Module 1,SK013,COURSE0013,PROJ0013,Complete Week 1 objectives,10
RM0278,ROLE012,90-Day,2,Day 8-14,Learning Module 2,SK025,COURSE0025,PROJ0025,Complete Week 2 objectives,10
RM0279,ROLE012,90-Day,3,Day 15-21,Learning Module 3,SK037,COURSE0037,PROJ0037,Complete Week 3 objectives,10
RM0280,ROLE012,90-Day,4,Day 22-28,Learning Module 4,SK049,COURSE0049,PROJ0049,Complete Week 4 objectives,10
RM0281,ROLE012,90-Day,5,Day 29-35,Learning Module 5,SK061,COURSE0061,PROJ0061,Complete Week 5 objectives,10
RM0282,ROLE012,90-Day,6,Day 36-42,Learning Module 6,SK073,COURSE0073,PROJ0073,Complete Week 6 objectives,10
RM0283,ROLE012,90-Day,7,Day 43-49,Learning Module 7,SK085,COURSE0085,PROJ0085,Complete Week 7 objectives,10
RM0284,ROLE012,90-Day,8,Day 50-56,Learning Module 8,SK097,COURSE0097,PROJ0097,Complete Week 8 objectives,10
RM0285,ROLE012,90-Day,9,Day 57-63,Learning Module 9,SK109,COURSE0109,PROJ0109,Complete Week 9 objectives,10
RM0286,ROLE012,90-Day,10,Day 64-70,Learning Module 10,SK121,COURSE0121,PROJ0121,Complete Week 10 objectives,10
RM0287,ROLE012,90-Day,11,Day 71-77,Learning Module 11,SK133,COURSE0133,PROJ0133,Complete Week 11 objectives,10
RM0288,ROLE012,90-Day,12,Day 78-84,Learning Module 12,SK145,COURSE0145,PROJ0145,Complete Week 12 objectives,10
RM0289,ROLE013,30-Day,1,Day 1-7,Learning Module 1,SK014,COURSE0014,PROJ0014,Complete Week 1 objectives,20
RM0290,ROLE013,30-Day,2,Day 8-14,Learning Module 2,SK027,COURSE0027,PROJ0027,Complete Week 2 objectives,20
RM0291,ROLE013,30-Day,3,Day 15-21,Learning Module 3,SK040,COURSE0040,PROJ0040,Complete Week 3 objectives,20
RM0292,ROLE013,30-Day,4,Day 22-28,Learning Module 4,SK053,COURSE0053,PROJ0053,Complete Week 4 objectives,20
RM0293,ROLE013,60-Day,1,Day 1-7,Learning Module 1,SK014,COURSE0014,PROJ0014,Complete Week 1 objectives,15
RM0294,ROLE013,60-Day,2,Day 8-14,Learning Module 2,SK027,COURSE0027,PROJ0027,Complete Week 2 objectives,15
RM0295,ROLE013,60-Day,3,Day 15-21,Learning Module 3,SK040,COURSE0040,PROJ0040,Complete Week 3 objectives,15
RM0296,ROLE013,60-Day,4,Day 22-28,Learning Module 4,SK053,COURSE0053,PROJ0053,Complete Week 4 objectives,15
RM0297,ROLE013,60-Day,5,Day 29-35,Learning Module 5,SK066,COURSE0066,PROJ0066,Complete Week 5 objectives,15
RM0298,ROLE013,60-Day,6,Day 36-42,Learning Module 6,SK079,COURSE0079,PROJ0079,Complete Week 6 objectives,15
RM0299,ROLE013,60-Day,7,Day 43-49,Learning Module 7,SK092,COURSE0092,PROJ0092,Complete Week 7 objectives,15
RM0300,ROLE013,60-Day,8,Day 50-56,Learning Module 8,SK105,COURSE0105,PROJ0105,Complete Week 8 objectives,15
RM0301,ROLE013,90-Day,1,Day 1-7,Learning Module 1,SK014,COURSE0014,PROJ0014,Complete Week 1 objectives,10
RM0302,ROLE013,90-Day,2,Day 8-14,Learning Module 2,SK027,COURSE0027,PROJ0027,Complete Week 2 objectives,10
RM0303,ROLE013,90-Day,3,Day 15-21,Learning Module 3,SK040,COURSE0040,PROJ0040,Complete Week 3 objectives,10
RM0304,ROLE013,90-Day,4,Day 22-28,Learning Module 4,SK053,COURSE0053,PROJ0053,Complete Week 4 objectives,10
RM0305,ROLE013,90-Day,5,Day 29-35,Learning Module 5,SK066,COURSE0066,PROJ0066,Complete Week 5 objectives,10
RM0306,ROLE013,90-Day,6,Day 36-42,Learning Module 6,SK079,COURSE0079,PROJ0079,Complete Week 6 objectives,10
RM0307,ROLE013,90-Day,7,Day 43-49,Learning Module 7,SK092,COURSE0092,PROJ0092,Complete Week 7 objectives,10
RM0308,ROLE013,90-Day,8,Day 50-56,Learning Module 8,SK105,COURSE0105,PROJ0105,Complete Week 8 objectives,10
RM0309,ROLE013,90-Day,9,Day 57-63,Learning Module 9,SK118,COURSE0118,PROJ0118,Complete Week 9 objectives,10
RM0310,ROLE013,90-Day,10,Day 64-70,Learning Module 10,SK131,COURSE0131,PROJ0131,Complete Week 10 objectives,10
RM0311,ROLE013,90-Day,11,Day 71-77,Learning Module 11,SK144,COURSE0144,PROJ0144,Complete Week 11 objectives,10
RM0312,ROLE013,90-Day,12,Day 78-84,Learning Module 12,SK157,COURSE0157,PROJ0157,Complete Week 12 objectives,10
RM0313,ROLE014,30-Day,1,Day 1-7,Learning Module 1,SK015,COURSE0015,PROJ0015,Complete Week 1 objectives,20
RM0314,ROLE014,30-Day,2,Day 8-14,Learning Module 2,SK029,COURSE0029,PROJ0029,Complete Week 2 objectives,20
RM0315,ROLE014,30-Day,3,Day 15-21,Learning Module 3,SK043,COURSE0043,PROJ0043,Complete Week 3 objectives,20
RM0316,ROLE014,30-Day,4,Day 22-28,Learning Module 4,SK057,COURSE0057,PROJ0057,Complete Week 4 objectives,20
RM0317,ROLE014,60-Day,1,Day 1-7,Learning Module 1,SK015,COURSE0015,PROJ0015,Complete Week 1 objectives,15
RM0318,ROLE014,60-Day,2,Day 8-14,Learning Module 2,SK029,COURSE0029,PROJ0029,Complete Week 2 objectives,15
RM0319,ROLE014,60-Day,3,Day 15-21,Learning Module 3,SK043,COURSE0043,PROJ0043,Complete Week 3 objectives,15
RM0320,ROLE014,60-Day,4,Day 22-28,Learning Module 4,SK057,COURSE0057,PROJ0057,Complete Week 4 objectives,15
RM0321,ROLE014,60-Day,5,Day 29-35,Learning Module 5,SK071,COURSE0071,PROJ0071,Complete Week 5 objectives,15
RM0322,ROLE014,60-Day,6,Day 36-42,Learning Module 6,SK085,COURSE0085,PROJ0085,Complete Week 6 objectives,15
RM0323,ROLE014,60-Day,7,Day 43-49,Learning Module 7,SK099,COURSE0099,PROJ0099,Complete Week 7 objectives,15
RM0324,ROLE014,60-Day,8,Day 50-56,Learning Module 8,SK113,COURSE0113,PROJ0113,Complete Week 8 objectives,15
RM0325,ROLE014,90-Day,1,Day 1-7,Learning Module 1,SK015,COURSE0015,PROJ0015,Complete Week 1 objectives,10
RM0326,ROLE014,90-Day,2,Day 8-14,Learning Module 2,SK029,COURSE0029,PROJ0029,Complete Week 2 objectives,10
RM0327,ROLE014,90-Day,3,Day 15-21,Learning Module 3,SK043,COURSE0043,PROJ0043,Complete Week 3 objectives,10
RM0328,ROLE014,90-Day,4,Day 22-28,Learning Module 4,SK057,COURSE0057,PROJ0057,Complete Week 4 objectives,10
RM0329,ROLE014,90-Day,5,Day 29-35,Learning Module 5,SK071,COURSE0071,PROJ0071,Complete Week 5 objectives,10
RM0330,ROLE014,90-Day,6,Day 36-42,Learning Module 6,SK085,COURSE0085,PROJ0085,Complete Week 6 objectives,10
RM0331,ROLE014,90-Day,7,Day 43-49,Learning Module 7,SK099,COURSE0099,PROJ0099,Complete Week 7 objectives,10
RM0332,ROLE014,90-Day,8,Day 50-56,Learning Module 8,SK113,COURSE0113,PROJ0113,Complete Week 8 objectives,10
RM0333,ROLE014,90-Day,9,Day 57-63,Learning Module 9,SK127,COURSE0127,PROJ0127,Complete Week 9 objectives,10
RM0334,ROLE014,90-Day,10,Day 64-70,Learning Module 10,SK141,COURSE0141,PROJ0141,Complete Week 10 objectives,10
RM0335,ROLE014,90-Day,11,Day 71-77,Learning Module 11,SK155,COURSE0155,PROJ0155,Complete Week 11 objectives,10
RM0336,ROLE014,90-Day,12,Day 78-84,Learning Module 12,SK169,COURSE0169,PROJ0169,Complete Week 12 objectives,10
RM0337,ROLE015,30-Day,1,Day 1-7,Learning Module 1,SK016,COURSE0016,PROJ0016,Complete Week 1 objectives,20
RM0338,ROLE015,30-Day,2,Day 8-14,Learning Module 2,SK031,COURSE0031,PROJ0031,Complete Week 2 objectives,20
RM0339,ROLE015,30-Day,3,Day 15-21,Learning Module 3,SK046,COURSE0046,PROJ0046,Complete Week 3 objectives,20
RM0340,ROLE015,30-Day,4,Day 22-28,Learning Module 4,SK061,COURSE0061,PROJ0061,Complete Week 4 objectives,20
RM0341,ROLE015,60-Day,1,Day 1-7,Learning Module 1,SK016,COURSE0016,PROJ0016,Complete Week 1 objectives,15
RM0342,ROLE015,60-Day,2,Day 8-14,Learning Module 2,SK031,COURSE0031,PROJ0031,Complete Week 2 objectives,15
RM0343,ROLE015,60-Day,3,Day 15-21,Learning Module 3,SK046,COURSE0046,PROJ0046,Complete Week 3 objectives,15
RM0344,ROLE015,60-Day,4,Day 22-28,Learning Module 4,SK061,COURSE0061,PROJ0061,Complete Week 4 objectives,15
RM0345,ROLE015,60-Day,5,Day 29-35,Learning Module 5,SK076,COURSE0076,PROJ0076,Complete Week 5 objectives,15
RM0346,ROLE015,60-Day,6,Day 36-42,Learning Module 6,SK091,COURSE0091,PROJ0091,Complete Week 6 objectives,15
RM0347,ROLE015,60-Day,7,Day 43-49,Learning Module 7,SK106,COURSE0106,PROJ0106,Complete Week 7 objectives,15
RM0348,ROLE015,60-Day,8,Day 50-56,Learning Module 8,SK121,COURSE0121,PROJ0121,Complete Week 8 objectives,15
RM0349,ROLE015,90-Day,1,Day 1-7,Learning Module 1,SK016,COURSE0016,PROJ0016,Complete Week 1 objectives,10
RM0350,ROLE015,90-Day,2,Day 8-14,Learning Module 2,SK031,COURSE0031,PROJ0031,Complete Week 2 objectives,10
RM0351,ROLE015,90-Day,3,Day 15-21,Learning Module 3,SK046,COURSE0046,PROJ0046,Complete Week 3 objectives,10
RM0352,ROLE015,90-Day,4,Day 22-28,Learning Module 4,SK061,COURSE0061,PROJ0061,Complete Week 4 objectives,10
RM0353,ROLE015,90-Day,5,Day 29-35,Learning Module 5,SK076,COURSE0076,PROJ0076,Complete Week 5 objectives,10
RM0354,ROLE015,90-Day,6,Day 36-42,Learning Module 6,SK091,COURSE0091,PROJ0091,Complete Week 6 objectives,10
RM0355,ROLE015,90-Day,7,Day 43-49,Learning Module 7,SK106,COURSE0106,PROJ0106,Complete Week 7 objectives,10
RM0356,ROLE015,90-Day,8,Day 50-56,Learning Module 8,SK121,COURSE0121,PROJ0121,Complete Week 8 objectives,10
RM0357,ROLE015,90-Day,9,Day 57-63,Learning Module 9,SK136,COURSE0136,PROJ0136,Complete Week 9 objectives,10
RM0358,ROLE015,90-Day,10,Day 64-70,Learning Module 10,SK151,COURSE0151,PROJ0151,Complete Week 10 objectives,10
RM0359,ROLE015,90-Day,11,Day 71-77,Learning Module 11,SK166,COURSE0166,PROJ0166,Complete Week 11 objectives,10
RM0360,ROLE015,90-Day,12,Day 78-84,Learning Module 12,SK181,COURSE0181,PROJ0181,Complete Week 12 objectives,10
RM0361,ROLE016,30-Day,1,Day 1-7,Learning Module 1,SK017,COURSE0017,PROJ0017,Complete Week 1 objectives,20
RM0362,ROLE016,30-Day,2,Day 8-14,Learning Module 2,SK033,COURSE0033,PROJ0033,Complete Week 2 objectives,20
RM0363,ROLE016,30-Day,3,Day 15-21,Learning Module 3,SK049,COURSE0049,PROJ0049,Complete Week 3 objectives,20
RM0364,ROLE016,30-Day,4,Day 22-28,Learning Module 4,SK065,COURSE0065,PROJ0065,Complete Week 4 objectives,20
RM0365,ROLE016,60-Day,1,Day 1-7,Learning Module 1,SK017,COURSE0017,PROJ0017,Complete Week 1 objectives,15
RM0366,ROLE016,60-Day,2,Day 8-14,Learning Module 2,SK033,COURSE0033,PROJ0033,Complete Week 2 objectives,15
RM0367,ROLE016,60-Day,3,Day 15-21,Learning Module 3,SK049,COURSE0049,PROJ0049,Complete Week 3 objectives,15
RM0368,ROLE016,60-Day,4,Day 22-28,Learning Module 4,SK065,COURSE0065,PROJ0065,Complete Week 4 objectives,15
RM0369,ROLE016,60-Day,5,Day 29-35,Learning Module 5,SK081,COURSE0081,PROJ0081,Complete Week 5 objectives,15
RM0370,ROLE016,60-Day,6,Day 36-42,Learning Module 6,SK097,COURSE0097,PROJ0097,Complete Week 6 objectives,15
RM0371,ROLE016,60-Day,7,Day 43-49,Learning Module 7,SK113,COURSE0113,PROJ0113,Complete Week 7 objectives,15
RM0372,ROLE016,60-Day,8,Day 50-56,Learning Module 8,SK129,COURSE0129,PROJ0129,Complete Week 8 objectives,15
RM0373,ROLE016,90-Day,1,Day 1-7,Learning Module 1,SK017,COURSE0017,PROJ0017,Complete Week 1 objectives,10
RM0374,ROLE016,90-Day,2,Day 8-14,Learning Module 2,SK033,COURSE0033,PROJ0033,Complete Week 2 objectives,10
RM0375,ROLE016,90-Day,3,Day 15-21,Learning Module 3,SK049,COURSE0049,PROJ0049,Complete Week 3 objectives,10
RM0376,ROLE016,90-Day,4,Day 22-28,Learning Module 4,SK065,COURSE0065,PROJ0065,Complete Week 4 objectives,10
RM0377,ROLE016,90-Day,5,Day 29-35,Learning Module 5,SK081,COURSE0081,PROJ0081,Complete Week 5 objectives,10
RM0378,ROLE016,90-Day,6,Day 36-42,Learning Module 6,SK097,COURSE0097,PROJ0097,Complete Week 6 objectives,10
RM0379,ROLE016,90-Day,7,Day 43-49,Learning Module 7,SK113,COURSE0113,PROJ0113,Complete Week 7 objectives,10
RM0380,ROLE016,90-Day,8,Day 50-56,Learning Module 8,SK129,COURSE0129,PROJ0129,Complete Week 8 objectives,10
RM0381,ROLE016,90-Day,9,Day 57-63,Learning Module 9,SK145,COURSE0145,PROJ0145,Complete Week 9 objectives,10
RM0382,ROLE016,90-Day,10,Day 64-70,Learning Module 10,SK161,COURSE0161,PROJ0161,Complete Week 10 objectives,10
RM0383,ROLE016,90-Day,11,Day 71-77,Learning Module 11,SK177,COURSE0177,PROJ0177,Complete Week 11 objectives,10
RM0384,ROLE016,90-Day,12,Day 78-84,Learning Module 12,SK193,COURSE0193,PROJ0193,Complete Week 12 objectives,10
RM0385,ROLE017,30-Day,1,Day 1-7,Learning Module 1,SK018,COURSE0018,PROJ0018,Complete Week 1 objectives,20
RM0386,ROLE017,30-Day,2,Day 8-14,Learning Module 2,SK035,COURSE0035,PROJ0035,Complete Week 2 objectives,20
RM0387,ROLE017,30-Day,3,Day 15-21,Learning Module 3,SK052,COURSE0052,PROJ0052,Complete Week 3 objectives,20
RM0388,ROLE017,30-Day,4,Day 22-28,Learning Module 4,SK069,COURSE0069,PROJ0069,Complete Week 4 objectives,20
RM0389,ROLE017,60-Day,1,Day 1-7,Learning Module 1,SK018,COURSE0018,PROJ0018,Complete Week 1 objectives,15
RM0390,ROLE017,60-Day,2,Day 8-14,Learning Module 2,SK035,COURSE0035,PROJ0035,Complete Week 2 objectives,15
RM0391,ROLE017,60-Day,3,Day 15-21,Learning Module 3,SK052,COURSE0052,PROJ0052,Complete Week 3 objectives,15
RM0392,ROLE017,60-Day,4,Day 22-28,Learning Module 4,SK069,COURSE0069,PROJ0069,Complete Week 4 objectives,15
RM0393,ROLE017,60-Day,5,Day 29-35,Learning Module 5,SK086,COURSE0086,PROJ0086,Complete Week 5 objectives,15
RM0394,ROLE017,60-Day,6,Day 36-42,Learning Module 6,SK103,COURSE0103,PROJ0103,Complete Week 6 objectives,15
RM0395,ROLE017,60-Day,7,Day 43-49,Learning Module 7,SK120,COURSE0120,PROJ0120,Complete Week 7 objectives,15
RM0396,ROLE017,60-Day,8,Day 50-56,Learning Module 8,SK137,COURSE0137,PROJ0137,Complete Week 8 objectives,15
RM0397,ROLE017,90-Day,1,Day 1-7,Learning Module 1,SK018,COURSE0018,PROJ0018,Complete Week 1 objectives,10
RM0398,ROLE017,90-Day,2,Day 8-14,Learning Module 2,SK035,COURSE0035,PROJ0035,Complete Week 2 objectives,10
RM0399,ROLE017,90-Day,3,Day 15-21,Learning Module 3,SK052,COURSE0052,PROJ0052,Complete Week 3 objectives,10
RM0400,ROLE017,90-Day,4,Day 22-28,Learning Module 4,SK069,COURSE0069,PROJ0069,Complete Week 4 objectives,10
RM0401,ROLE017,90-Day,5,Day 29-35,Learning Module 5,SK086,COURSE0086,PROJ0086,Complete Week 5 objectives,10
RM0402,ROLE017,90-Day,6,Day 36-42,Learning Module 6,SK103,COURSE0103,PROJ0103,Complete Week 6 objectives,10
RM0403,ROLE017,90-Day,7,Day 43-49,Learning Module 7,SK120,COURSE0120,PROJ0120,Complete Week 7 objectives,10
RM0404,ROLE017,90-Day,8,Day 50-56,Learning Module 8,SK137,COURSE0137,PROJ0137,Complete Week 8 objectives,10
RM0405,ROLE017,90-Day,9,Day 57-63,Learning Module 9,SK154,COURSE0154,PROJ0154,Complete Week 9 objectives,10
RM0406,ROLE017,90-Day,10,Day 64-70,Learning Module 10,SK171,COURSE0171,PROJ0171,Complete Week 10 objectives,10
RM0407,ROLE017,90-Day,11,Day 71-77,Learning Module 11,SK188,COURSE0188,PROJ0188,Complete Week 11 objectives,10
RM0408,ROLE017,90-Day,12,Day 78-84,Learning Module 12,SK205,COURSE0205,PROJ0205,Complete Week 12 objectives,10
RM0409,ROLE018,30-Day,1,Day 1-7,Learning Module 1,SK019,COURSE0019,PROJ0019,Complete Week 1 objectives,20
RM0410,ROLE018,30-Day,2,Day 8-14,Learning Module 2,SK037,COURSE0037,PROJ0037,Complete Week 2 objectives,20
RM0411,ROLE018,30-Day,3,Day 15-21,Learning Module 3,SK055,COURSE0055,PROJ0055,Complete Week 3 objectives,20
RM0412,ROLE018,30-Day,4,Day 22-28,Learning Module 4,SK073,COURSE0073,PROJ0073,Complete Week 4 objectives,20
RM0413,ROLE018,60-Day,1,Day 1-7,Learning Module 1,SK019,COURSE0019,PROJ0019,Complete Week 1 objectives,15
RM0414,ROLE018,60-Day,2,Day 8-14,Learning Module 2,SK037,COURSE0037,PROJ0037,Complete Week 2 objectives,15
RM0415,ROLE018,60-Day,3,Day 15-21,Learning Module 3,SK055,COURSE0055,PROJ0055,Complete Week 3 objectives,15
RM0416,ROLE018,60-Day,4,Day 22-28,Learning Module 4,SK073,COURSE0073,PROJ0073,Complete Week 4 objectives,15
RM0417,ROLE018,60-Day,5,Day 29-35,Learning Module 5,SK091,COURSE0091,PROJ0091,Complete Week 5 objectives,15
RM0418,ROLE018,60-Day,6,Day 36-42,Learning Module 6,SK109,COURSE0109,PROJ0109,Complete Week 6 objectives,15
RM0419,ROLE018,60-Day,7,Day 43-49,Learning Module 7,SK127,COURSE0127,PROJ0127,Complete Week 7 objectives,15
RM0420,ROLE018,60-Day,8,Day 50-56,Learning Module 8,SK145,COURSE0145,PROJ0145,Complete Week 8 objectives,15
RM0421,ROLE018,90-Day,1,Day 1-7,Learning Module 1,SK019,COURSE0019,PROJ0019,Complete Week 1 objectives,10
RM0422,ROLE018,90-Day,2,Day 8-14,Learning Module 2,SK037,COURSE0037,PROJ0037,Complete Week 2 objectives,10
RM0423,ROLE018,90-Day,3,Day 15-21,Learning Module 3,SK055,COURSE0055,PROJ0055,Complete Week 3 objectives,10
RM0424,ROLE018,90-Day,4,Day 22-28,Learning Module 4,SK073,COURSE0073,PROJ0073,Complete Week 4 objectives,10
RM0425,ROLE018,90-Day,5,Day 29-35,Learning Module 5,SK091,COURSE0091,PROJ0091,Complete Week 5 objectives,10
RM0426,ROLE018,90-Day,6,Day 36-42,Learning Module 6,SK109,COURSE0109,PROJ0109,Complete Week 6 objectives,10
RM0427,ROLE018,90-Day,7,Day 43-49,Learning Module 7,SK127,COURSE0127,PROJ0127,Complete Week 7 objectives,10
RM0428,ROLE018,90-Day,8,Day 50-56,Learning Module 8,SK145,COURSE0145,PROJ0145,Complete Week 8 objectives,10
RM0429,ROLE018,90-Day,9,Day 57-63,Learning Module 9,SK163,COURSE0163,PROJ0163,Complete Week 9 objectives,10
RM0430,ROLE018,90-Day,10,Day 64-70,Learning Module 10,SK181,COURSE0181,PROJ0181,Complete Week 10 objectives,10
RM0431,ROLE018,90-Day,11,Day 71-77,Learning Module 11,SK199,COURSE0199,PROJ0199,Complete Week 11 objectives,10
RM0432,ROLE018,90-Day,12,Day 78-84,Learning Module 12,SK217,COURSE0217,PROJ0217,Complete Week 12 objectives,10
RM0433,ROLE019,30-Day,1,Day 1-7,Learning Module 1,SK020,COURSE0020,PROJ0020,Complete Week 1 objectives,20
RM0434,ROLE019,30-Day,2,Day 8-14,Learning Module 2,SK039,COURSE0039,PROJ0039,Complete Week 2 objectives,20
RM0435,ROLE019,30-Day,3,Day 15-21,Learning Module 3,SK058,COURSE0058,PROJ0058,Complete Week 3 objectives,20
RM0436,ROLE019,30-Day,4,Day 22-28,Learning Module 4,SK077,COURSE0077,PROJ0077,Complete Week 4 objectives,20
RM0437,ROLE019,60-Day,1,Day 1-7,Learning Module 1,SK020,COURSE0020,PROJ0020,Complete Week 1 objectives,15
RM0438,ROLE019,60-Day,2,Day 8-14,Learning Module 2,SK039,COURSE0039,PROJ0039,Complete Week 2 objectives,15
RM0439,ROLE019,60-Day,3,Day 15-21,Learning Module 3,SK058,COURSE0058,PROJ0058,Complete Week 3 objectives,15
RM0440,ROLE019,60-Day,4,Day 22-28,Learning Module 4,SK077,COURSE0077,PROJ0077,Complete Week 4 objectives,15
RM0441,ROLE019,60-Day,5,Day 29-35,Learning Module 5,SK096,COURSE0096,PROJ0096,Complete Week 5 objectives,15
RM0442,ROLE019,60-Day,6,Day 36-42,Learning Module 6,SK115,COURSE0115,PROJ0115,Complete Week 6 objectives,15
RM0443,ROLE019,60-Day,7,Day 43-49,Learning Module 7,SK134,COURSE0134,PROJ0134,Complete Week 7 objectives,15
RM0444,ROLE019,60-Day,8,Day 50-56,Learning Module 8,SK153,COURSE0153,PROJ0153,Complete Week 8 objectives,15
RM0445,ROLE019,90-Day,1,Day 1-7,Learning Module 1,SK020,COURSE0020,PROJ0020,Complete Week 1 objectives,10
RM0446,ROLE019,90-Day,2,Day 8-14,Learning Module 2,SK039,COURSE0039,PROJ0039,Complete Week 2 objectives,10
RM0447,ROLE019,90-Day,3,Day 15-21,Learning Module 3,SK058,COURSE0058,PROJ0058,Complete Week 3 objectives,10
RM0448,ROLE019,90-Day,4,Day 22-28,Learning Module 4,SK077,COURSE0077,PROJ0077,Complete Week 4 objectives,10
RM0449,ROLE019,90-Day,5,Day 29-35,Learning Module 5,SK096,COURSE0096,PROJ0096,Complete Week 5 objectives,10
RM0450,ROLE019,90-Day,6,Day 36-42,Learning Module 6,SK115,COURSE0115,PROJ0115,Complete Week 6 objectives,10
RM0451,ROLE019,90-Day,7,Day 43-49,Learning Module 7,SK134,COURSE0134,PROJ0134,Complete Week 7 objectives,10
RM0452,ROLE019,90-Day,8,Day 50-56,Learning Module 8,SK153,COURSE0153,PROJ0153,Complete Week 8 objectives,10
RM0453,ROLE019,90-Day,9,Day 57-63,Learning Module 9,SK172,COURSE0172,PROJ0172,Complete Week 9 objectives,10
RM0454,ROLE019,90-Day,10,Day 64-70,Learning Module 10,SK191,COURSE0191,PROJ0191,Complete Week 10 objectives,10
RM0455,ROLE019,90-Day,11,Day 71-77,Learning Module 11,SK210,COURSE0210,PROJ0210,Complete Week 11 objectives,10
RM0456,ROLE019,90-Day,12,Day 78-84,Learning Module 12,SK229,COURSE0229,PROJ0229,Complete Week 12 objectives,10
RM0457,ROLE020,30-Day,1,Day 1-7,Learning Module 1,SK021,COURSE0021,PROJ0021,Complete Week 1 objectives,20
RM0458,ROLE020,30-Day,2,Day 8-14,Learning Module 2,SK041,COURSE0041,PROJ0041,Complete Week 2 objectives,20
RM0459,ROLE020,30-Day,3,Day 15-21,Learning Module 3,SK061,COURSE0061,PROJ0061,Complete Week 3 objectives,20
RM0460,ROLE020,30-Day,4,Day 22-28,Learning Module 4,SK081,COURSE0081,PROJ0081,Complete Week 4 objectives,20
RM0461,ROLE020,60-Day,1,Day 1-7,Learning Module 1,SK021,COURSE0021,PROJ0021,Complete Week 1 objectives,15
RM0462,ROLE020,60-Day,2,Day 8-14,Learning Module 2,SK041,COURSE0041,PROJ0041,Complete Week 2 objectives,15
RM0463,ROLE020,60-Day,3,Day 15-21,Learning Module 3,SK061,COURSE0061,PROJ0061,Complete Week 3 objectives,15
RM0464,ROLE020,60-Day,4,Day 22-28,Learning Module 4,SK081,COURSE0081,PROJ0081,Complete Week 4 objectives,15
RM0465,ROLE020,60-Day,5,Day 29-35,Learning Module 5,SK101,COURSE0101,PROJ0101,Complete Week 5 objectives,15
RM0466,ROLE020,60-Day,6,Day 36-42,Learning Module 6,SK121,COURSE0121,PROJ0121,Complete Week 6 objectives,15
RM0467,ROLE020,60-Day,7,Day 43-49,Learning Module 7,SK141,COURSE0141,PROJ0141,Complete Week 7 objectives,15
RM0468,ROLE020,60-Day,8,Day 50-56,Learning Module 8,SK161,COURSE0161,PROJ0161,Complete Week 8 objectives,15
RM0469,ROLE020,90-Day,1,Day 1-7,Learning Module 1,SK021,COURSE0021,PROJ0021,Complete Week 1 objectives,10
RM0470,ROLE020,90-Day,2,Day 8-14,Learning Module 2,SK041,COURSE0041,PROJ0041,Complete Week 2 objectives,10
RM0471,ROLE020,90-Day,3,Day 15-21,Learning Module 3,SK061,COURSE0061,PROJ0061,Complete Week 3 objectives,10
RM0472,ROLE020,90-Day,4,Day 22-28,Learning Module 4,SK081,COURSE0081,PROJ0081,Complete Week 4 objectives,10
RM0473,ROLE020,90-Day,5,Day 29-35,Learning Module 5,SK101,COURSE0101,PROJ0101,Complete Week 5 objectives,10
RM0474,ROLE020,90-Day,6,Day 36-42,Learning Module 6,SK121,COURSE0121,PROJ0121,Complete Week 6 objectives,10
RM0475,ROLE020,90-Day,7,Day 43-49,Learning Module 7,SK141,COURSE0141,PROJ0141,Complete Week 7 objectives,10
RM0476,ROLE020,90-Day,8,Day 50-56,Learning Module 8,SK161,COURSE0161,PROJ0161,Complete Week 8 objectives,10
RM0477,ROLE020,90-Day,9,Day 57-63,Learning Module 9,SK181,COURSE0181,PROJ0181,Complete Week 9 objectives,10
RM0478,ROLE020,90-Day,10,Day 64-70,Learning Module 10,SK201,COURSE0201,PROJ0201,Complete Week 10 objectives,10
RM0479,ROLE020,90-Day,11,Day 71-77,Learning Module 11,SK221,COURSE0221,PROJ0221,Complete Week 11 objectives,10
RM0480,ROLE020,90-Day,12,Day 78-84,Learning Module 12,SK241,COURSE0241,PROJ0241,Complete Week 12 objectives,10
RM0481,ROLE021,30-Day,1,Day 1-7,Learning Module 1,SK022,COURSE0022,PROJ0022,Complete Week 1 objectives,20
RM0482,ROLE021,30-Day,2,Day 8-14,Learning Module 2,SK043,COURSE0043,PROJ0043,Complete Week 2 objectives,20
RM0483,ROLE021,30-Day,3,Day 15-21,Learning Module 3,SK064,COURSE0064,PROJ0064,Complete Week 3 objectives,20
RM0484,ROLE021,30-Day,4,Day 22-28,Learning Module 4,SK085,COURSE0085,PROJ0085,Complete Week 4 objectives,20
RM0485,ROLE021,60-Day,1,Day 1-7,Learning Module 1,SK022,COURSE0022,PROJ0022,Complete Week 1 objectives,15
RM0486,ROLE021,60-Day,2,Day 8-14,Learning Module 2,SK043,COURSE0043,PROJ0043,Complete Week 2 objectives,15
RM0487,ROLE021,60-Day,3,Day 15-21,Learning Module 3,SK064,COURSE0064,PROJ0064,Complete Week 3 objectives,15
RM0488,ROLE021,60-Day,4,Day 22-28,Learning Module 4,SK085,COURSE0085,PROJ0085,Complete Week 4 objectives,15
RM0489,ROLE021,60-Day,5,Day 29-35,Learning Module 5,SK106,COURSE0106,PROJ0106,Complete Week 5 objectives,15
RM0490,ROLE021,60-Day,6,Day 36-42,Learning Module 6,SK127,COURSE0127,PROJ0127,Complete Week 6 objectives,15
RM0491,ROLE021,60-Day,7,Day 43-49,Learning Module 7,SK148,COURSE0148,PROJ0148,Complete Week 7 objectives,15
RM0492,ROLE021,60-Day,8,Day 50-56,Learning Module 8,SK169,COURSE0169,PROJ0169,Complete Week 8 objectives,15
RM0493,ROLE021,90-Day,1,Day 1-7,Learning Module 1,SK022,COURSE0022,PROJ0022,Complete Week 1 objectives,10
RM0494,ROLE021,90-Day,2,Day 8-14,Learning Module 2,SK043,COURSE0043,PROJ0043,Complete Week 2 objectives,10
RM0495,ROLE021,90-Day,3,Day 15-21,Learning Module 3,SK064,COURSE0064,PROJ0064,Complete Week 3 objectives,10
RM0496,ROLE021,90-Day,4,Day 22-28,Learning Module 4,SK085,COURSE0085,PROJ0085,Complete Week 4 objectives,10
RM0497,ROLE021,90-Day,5,Day 29-35,Learning Module 5,SK106,COURSE0106,PROJ0106,Complete Week 5 objectives,10
RM0498,ROLE021,90-Day,6,Day 36-42,Learning Module 6,SK127,COURSE0127,PROJ0127,Complete Week 6 objectives,10
RM0499,ROLE021,90-Day,7,Day 43-49,Learning Module 7,SK148,COURSE0148,PROJ0148,Complete Week 7 objectives,10
RM0500,ROLE021,90-Day,8,Day 50-56,Learning Module 8,SK169,COURSE0169,PROJ0169,Complete Week 8 objectives,10
RM0501,ROLE021,90-Day,9,Day 57-63,Learning Module 9,SK190,COURSE0190,PROJ0190,Complete Week 9 objectives,10
RM0502,ROLE021,90-Day,10,Day 64-70,Learning Module 10,SK211,COURSE0211,PROJ0211,Complete Week 10 objectives,10
RM0503,ROLE021,90-Day,11,Day 71-77,Learning Module 11,SK232,COURSE0232,PROJ0232,Complete Week 11 objectives,10
RM0504,ROLE021,90-Day,12,Day 78-84,Learning Module 12,SK253,COURSE0253,PROJ0253,Complete Week 12 objectives,10
RM0505,ROLE022,30-Day,1,Day 1-7,Learning Module 1,SK023,COURSE0023,PROJ0023,Complete Week 1 objectives,20
RM0506,ROLE022,30-Day,2,Day 8-14,Learning Module 2,SK045,COURSE0045,PROJ0045,Complete Week 2 objectives,20
RM0507,ROLE022,30-Day,3,Day 15-21,Learning Module 3,SK067,COURSE0067,PROJ0067,Complete Week 3 objectives,20
RM0508,ROLE022,30-Day,4,Day 22-28,Learning Module 4,SK089,COURSE0089,PROJ0089,Complete Week 4 objectives,20
RM0509,ROLE022,60-Day,1,Day 1-7,Learning Module 1,SK023,COURSE0023,PROJ0023,Complete Week 1 objectives,15
RM0510,ROLE022,60-Day,2,Day 8-14,Learning Module 2,SK045,COURSE0045,PROJ0045,Complete Week 2 objectives,15
RM0511,ROLE022,60-Day,3,Day 15-21,Learning Module 3,SK067,COURSE0067,PROJ0067,Complete Week 3 objectives,15
RM0512,ROLE022,60-Day,4,Day 22-28,Learning Module 4,SK089,COURSE0089,PROJ0089,Complete Week 4 objectives,15
RM0513,ROLE022,60-Day,5,Day 29-35,Learning Module 5,SK111,COURSE0111,PROJ0111,Complete Week 5 objectives,15
RM0514,ROLE022,60-Day,6,Day 36-42,Learning Module 6,SK133,COURSE0133,PROJ0133,Complete Week 6 objectives,15
RM0515,ROLE022,60-Day,7,Day 43-49,Learning Module 7,SK155,COURSE0155,PROJ0155,Complete Week 7 objectives,15
RM0516,ROLE022,60-Day,8,Day 50-56,Learning Module 8,SK177,COURSE0177,PROJ0177,Complete Week 8 objectives,15
RM0517,ROLE022,90-Day,1,Day 1-7,Learning Module 1,SK023,COURSE0023,PROJ0023,Complete Week 1 objectives,10
RM0518,ROLE022,90-Day,2,Day 8-14,Learning Module 2,SK045,COURSE0045,PROJ0045,Complete Week 2 objectives,10
RM0519,ROLE022,90-Day,3,Day 15-21,Learning Module 3,SK067,COURSE0067,PROJ0067,Complete Week 3 objectives,10
RM0520,ROLE022,90-Day,4,Day 22-28,Learning Module 4,SK089,COURSE0089,PROJ0089,Complete Week 4 objectives,10
RM0521,ROLE022,90-Day,5,Day 29-35,Learning Module 5,SK111,COURSE0111,PROJ0111,Complete Week 5 objectives,10
RM0522,ROLE022,90-Day,6,Day 36-42,Learning Module 6,SK133,COURSE0133,PROJ0133,Complete Week 6 objectives,10
RM0523,ROLE022,90-Day,7,Day 43-49,Learning Module 7,SK155,COURSE0155,PROJ0155,Complete Week 7 objectives,10
RM0524,ROLE022,90-Day,8,Day 50-56,Learning Module 8,SK177,COURSE0177,PROJ0177,Complete Week 8 objectives,10
RM0525,ROLE022,90-Day,9,Day 57-63,Learning Module 9,SK199,COURSE0199,PROJ0199,Complete Week 9 objectives,10
RM0526,ROLE022,90-Day,10,Day 64-70,Learning Module 10,SK221,COURSE0221,PROJ0221,Complete Week 10 objectives,10
RM0527,ROLE022,90-Day,11,Day 71-77,Learning Module 11,SK243,COURSE0243,PROJ0243,Complete Week 11 objectives,10
RM0528,ROLE022,90-Day,12,Day 78-84,Learning Module 12,SK265,COURSE0265,PROJ0265,Complete Week 12 objectives,10
RM0529,ROLE023,30-Day,1,Day 1-7,Learning Module 1,SK024,COURSE0024,PROJ0024,Complete Week 1 objectives,20
RM0530,ROLE023,30-Day,2,Day 8-14,Learning Module 2,SK047,COURSE0047,PROJ0047,Complete Week 2 objectives,20
RM0531,ROLE023,30-Day,3,Day 15-21,Learning Module 3,SK070,COURSE0070,PROJ0070,Complete Week 3 objectives,20
RM0532,ROLE023,30-Day,4,Day 22-28,Learning Module 4,SK093,COURSE0093,PROJ0093,Complete Week 4 objectives,20
RM0533,ROLE023,60-Day,1,Day 1-7,Learning Module 1,SK024,COURSE0024,PROJ0024,Complete Week 1 objectives,15
RM0534,ROLE023,60-Day,2,Day 8-14,Learning Module 2,SK047,COURSE0047,PROJ0047,Complete Week 2 objectives,15
RM0535,ROLE023,60-Day,3,Day 15-21,Learning Module 3,SK070,COURSE0070,PROJ0070,Complete Week 3 objectives,15
RM0536,ROLE023,60-Day,4,Day 22-28,Learning Module 4,SK093,COURSE0093,PROJ0093,Complete Week 4 objectives,15
RM0537,ROLE023,60-Day,5,Day 29-35,Learning Module 5,SK116,COURSE0116,PROJ0116,Complete Week 5 objectives,15
RM0538,ROLE023,60-Day,6,Day 36-42,Learning Module 6,SK139,COURSE0139,PROJ0139,Complete Week 6 objectives,15
RM0539,ROLE023,60-Day,7,Day 43-49,Learning Module 7,SK162,COURSE0162,PROJ0162,Complete Week 7 objectives,15
RM0540,ROLE023,60-Day,8,Day 50-56,Learning Module 8,SK185,COURSE0185,PROJ0185,Complete Week 8 objectives,15
RM0541,ROLE023,90-Day,1,Day 1-7,Learning Module 1,SK024,COURSE0024,PROJ0024,Complete Week 1 objectives,10
RM0542,ROLE023,90-Day,2,Day 8-14,Learning Module 2,SK047,COURSE0047,PROJ0047,Complete Week 2 objectives,10
RM0543,ROLE023,90-Day,3,Day 15-21,Learning Module 3,SK070,COURSE0070,PROJ0070,Complete Week 3 objectives,10
RM0544,ROLE023,90-Day,4,Day 22-28,Learning Module 4,SK093,COURSE0093,PROJ0093,Complete Week 4 objectives,10
RM0545,ROLE023,90-Day,5,Day 29-35,Learning Module 5,SK116,COURSE0116,PROJ0116,Complete Week 5 objectives,10
RM0546,ROLE023,90-Day,6,Day 36-42,Learning Module 6,SK139,COURSE0139,PROJ0139,Complete Week 6 objectives,10
RM0547,ROLE023,90-Day,7,Day 43-49,Learning Module 7,SK162,COURSE0162,PROJ0162,Complete Week 7 objectives,10
RM0548,ROLE023,90-Day,8,Day 50-56,Learning Module 8,SK185,COURSE0185,PROJ0185,Complete Week 8 objectives,10
RM0549,ROLE023,90-Day,9,Day 57-63,Learning Module 9,SK208,COURSE0208,PROJ0208,Complete Week 9 objectives,10
RM0550,ROLE023,90-Day,10,Day 64-70,Learning Module 10,SK231,COURSE0231,PROJ0231,Complete Week 10 objectives,10
RM0551,ROLE023,90-Day,11,Day 71-77,Learning Module 11,SK254,COURSE0254,PROJ0254,Complete Week 11 objectives,10
RM0552,ROLE023,90-Day,12,Day 78-84,Learning Module 12,SK277,COURSE0277,PROJ0277,Complete Week 12 objectives,10
RM0553,ROLE024,30-Day,1,Day 1-7,Learning Module 1,SK025,COURSE0025,PROJ0025,Complete Week 1 objectives,20
RM0554,ROLE024,30-Day,2,Day 8-14,Learning Module 2,SK049,COURSE0049,PROJ0049,Complete Week 2 objectives,20
RM0555,ROLE024,30-Day,3,Day 15-21,Learning Module 3,SK073,COURSE0073,PROJ0073,Complete Week 3 objectives,20
RM0556,ROLE024,30-Day,4,Day 22-28,Learning Module 4,SK097,COURSE0097,PROJ0097,Complete Week 4 objectives,20
RM0557,ROLE024,60-Day,1,Day 1-7,Learning Module 1,SK025,COURSE0025,PROJ0025,Complete Week 1 objectives,15
RM0558,ROLE024,60-Day,2,Day 8-14,Learning Module 2,SK049,COURSE0049,PROJ0049,Complete Week 2 objectives,15
RM0559,ROLE024,60-Day,3,Day 15-21,Learning Module 3,SK073,COURSE0073,PROJ0073,Complete Week 3 objectives,15
RM0560,ROLE024,60-Day,4,Day 22-28,Learning Module 4,SK097,COURSE0097,PROJ0097,Complete Week 4 objectives,15
RM0561,ROLE024,60-Day,5,Day 29-35,Learning Module 5,SK121,COURSE0121,PROJ0121,Complete Week 5 objectives,15
RM0562,ROLE024,60-Day,6,Day 36-42,Learning Module 6,SK145,COURSE0145,PROJ0145,Complete Week 6 objectives,15
RM0563,ROLE024,60-Day,7,Day 43-49,Learning Module 7,SK169,COURSE0169,PROJ0169,Complete Week 7 objectives,15
RM0564,ROLE024,60-Day,8,Day 50-56,Learning Module 8,SK193,COURSE0193,PROJ0193,Complete Week 8 objectives,15
RM0565,ROLE024,90-Day,1,Day 1-7,Learning Module 1,SK025,COURSE0025,PROJ0025,Complete Week 1 objectives,10
RM0566,ROLE024,90-Day,2,Day 8-14,Learning Module 2,SK049,COURSE0049,PROJ0049,Complete Week 2 objectives,10
RM0567,ROLE024,90-Day,3,Day 15-21,Learning Module 3,SK073,COURSE0073,PROJ0073,Complete Week 3 objectives,10
RM0568,ROLE024,90-Day,4,Day 22-28,Learning Module 4,SK097,COURSE0097,PROJ0097,Complete Week 4 objectives,10
RM0569,ROLE024,90-Day,5,Day 29-35,Learning Module 5,SK121,COURSE0121,PROJ0121,Complete Week 5 objectives,10
RM0570,ROLE024,90-Day,6,Day 36-42,Learning Module 6,SK145,COURSE0145,PROJ0145,Complete Week 6 objectives,10
RM0571,ROLE024,90-Day,7,Day 43-49,Learning Module 7,SK169,COURSE0169,PROJ0169,Complete Week 7 objectives,10
RM0572,ROLE024,90-Day,8,Day 50-56,Learning Module 8,SK193,COURSE0193,PROJ0193,Complete Week 8 objectives,10
RM0573,ROLE024,90-Day,9,Day 57-63,Learning Module 9,SK217,COURSE0217,PROJ0217,Complete Week 9 objectives,10
RM0574,ROLE024,90-Day,10,Day 64-70,Learning Module 10,SK241,COURSE0241,PROJ0241,Complete Week 10 objectives,10
RM0575,ROLE024,90-Day,11,Day 71-77,Learning Module 11,SK265,COURSE0265,PROJ0265,Complete Week 11 objectives,10
RM0576,ROLE024,90-Day,12,Day 78-84,Learning Module 12,SK010,COURSE0289,PROJ0289,Complete Week 12 objectives,10
RM0577,ROLE025,30-Day,1,Day 1-7,Learning Module 1,SK026,COURSE0026,PROJ0026,Complete Week 1 objectives,20
RM0578,ROLE025,30-Day,2,Day 8-14,Learning Module 2,SK051,COURSE0051,PROJ0051,Complete Week 2 objectives,20
RM0579,ROLE025,30-Day,3,Day 15-21,Learning Module 3,SK076,COURSE0076,PROJ0076,Complete Week 3 objectives,20
RM0580,ROLE025,30-Day,4,Day 22-28,Learning Module 4,SK101,COURSE0101,PROJ0101,Complete Week 4 objectives,20
RM0581,ROLE025,60-Day,1,Day 1-7,Learning Module 1,SK026,COURSE0026,PROJ0026,Complete Week 1 objectives,15
RM0582,ROLE025,60-Day,2,Day 8-14,Learning Module 2,SK051,COURSE0051,PROJ0051,Complete Week 2 objectives,15
RM0583,ROLE025,60-Day,3,Day 15-21,Learning Module 3,SK076,COURSE0076,PROJ0076,Complete Week 3 objectives,15
RM0584,ROLE025,60-Day,4,Day 22-28,Learning Module 4,SK101,COURSE0101,PROJ0101,Complete Week 4 objectives,15
RM0585,ROLE025,60-Day,5,Day 29-35,Learning Module 5,SK126,COURSE0126,PROJ0126,Complete Week 5 objectives,15
RM0586,ROLE025,60-Day,6,Day 36-42,Learning Module 6,SK151,COURSE0151,PROJ0151,Complete Week 6 objectives,15
RM0587,ROLE025,60-Day,7,Day 43-49,Learning Module 7,SK176,COURSE0176,PROJ0176,Complete Week 7 objectives,15
RM0588,ROLE025,60-Day,8,Day 50-56,Learning Module 8,SK201,COURSE0201,PROJ0201,Complete Week 8 objectives,15
RM0589,ROLE025,90-Day,1,Day 1-7,Learning Module 1,SK026,COURSE0026,PROJ0026,Complete Week 1 objectives,10
RM0590,ROLE025,90-Day,2,Day 8-14,Learning Module 2,SK051,COURSE0051,PROJ0051,Complete Week 2 objectives,10
RM0591,ROLE025,90-Day,3,Day 15-21,Learning Module 3,SK076,COURSE0076,PROJ0076,Complete Week 3 objectives,10
RM0592,ROLE025,90-Day,4,Day 22-28,Learning Module 4,SK101,COURSE0101,PROJ0101,Complete Week 4 objectives,10
RM0593,ROLE025,90-Day,5,Day 29-35,Learning Module 5,SK126,COURSE0126,PROJ0126,Complete Week 5 objectives,10
RM0594,ROLE025,90-Day,6,Day 36-42,Learning Module 6,SK151,COURSE0151,PROJ0151,Complete Week 6 objectives,10
RM0595,ROLE025,90-Day,7,Day 43-49,Learning Module 7,SK176,COURSE0176,PROJ0176,Complete Week 7 objectives,10
RM0596,ROLE025,90-Day,8,Day 50-56,Learning Module 8,SK201,COURSE0201,PROJ0201,Complete Week 8 objectives,10
RM0597,ROLE025,90-Day,9,Day 57-63,Learning Module 9,SK226,COURSE0226,PROJ0226,Complete Week 9 objectives,10
RM0598,ROLE025,90-Day,10,Day 64-70,Learning Module 10,SK251,COURSE0251,PROJ0251,Complete Week 10 objectives,10
RM0599,ROLE025,90-Day,11,Day 71-77,Learning Module 11,SK276,COURSE0276,PROJ0276,Complete Week 11 objectives,10
RM0600,ROLE025,90-Day,12,Day 78-84,Learning Module 12,SK022,COURSE0301,PROJ0301,Complete Week 12 objectives,10
RM0601,ROLE026,30-Day,1,Day 1-7,Learning Module 1,SK027,COURSE0027,PROJ0027,Complete Week 1 objectives,20
RM0602,ROLE026,30-Day,2,Day 8-14,Learning Module 2,SK053,COURSE0053,PROJ0053,Complete Week 2 objectives,20
RM0603,ROLE026,30-Day,3,Day 15-21,Learning Module 3,SK079,COURSE0079,PROJ0079,Complete Week 3 objectives,20
RM0604,ROLE026,30-Day,4,Day 22-28,Learning Module 4,SK105,COURSE0105,PROJ0105,Complete Week 4 objectives,20
RM0605,ROLE026,60-Day,1,Day 1-7,Learning Module 1,SK027,COURSE0027,PROJ0027,Complete Week 1 objectives,15
RM0606,ROLE026,60-Day,2,Day 8-14,Learning Module 2,SK053,COURSE0053,PROJ0053,Complete Week 2 objectives,15
RM0607,ROLE026,60-Day,3,Day 15-21,Learning Module 3,SK079,COURSE0079,PROJ0079,Complete Week 3 objectives,15
RM0608,ROLE026,60-Day,4,Day 22-28,Learning Module 4,SK105,COURSE0105,PROJ0105,Complete Week 4 objectives,15
RM0609,ROLE026,60-Day,5,Day 29-35,Learning Module 5,SK131,COURSE0131,PROJ0131,Complete Week 5 objectives,15
RM0610,ROLE026,60-Day,6,Day 36-42,Learning Module 6,SK157,COURSE0157,PROJ0157,Complete Week 6 objectives,15
RM0611,ROLE026,60-Day,7,Day 43-49,Learning Module 7,SK183,COURSE0183,PROJ0183,Complete Week 7 objectives,15
RM0612,ROLE026,60-Day,8,Day 50-56,Learning Module 8,SK209,COURSE0209,PROJ0209,Complete Week 8 objectives,15
RM0613,ROLE026,90-Day,1,Day 1-7,Learning Module 1,SK027,COURSE0027,PROJ0027,Complete Week 1 objectives,10
RM0614,ROLE026,90-Day,2,Day 8-14,Learning Module 2,SK053,COURSE0053,PROJ0053,Complete Week 2 objectives,10
RM0615,ROLE026,90-Day,3,Day 15-21,Learning Module 3,SK079,COURSE0079,PROJ0079,Complete Week 3 objectives,10
RM0616,ROLE026,90-Day,4,Day 22-28,Learning Module 4,SK105,COURSE0105,PROJ0105,Complete Week 4 objectives,10
RM0617,ROLE026,90-Day,5,Day 29-35,Learning Module 5,SK131,COURSE0131,PROJ0131,Complete Week 5 objectives,10
RM0618,ROLE026,90-Day,6,Day 36-42,Learning Module 6,SK157,COURSE0157,PROJ0157,Complete Week 6 objectives,10
RM0619,ROLE026,90-Day,7,Day 43-49,Learning Module 7,SK183,COURSE0183,PROJ0183,Complete Week 7 objectives,10
RM0620,ROLE026,90-Day,8,Day 50-56,Learning Module 8,SK209,COURSE0209,PROJ0209,Complete Week 8 objectives,10
RM0621,ROLE026,90-Day,9,Day 57-63,Learning Module 9,SK235,COURSE0235,PROJ0235,Complete Week 9 objectives,10
RM0622,ROLE026,90-Day,10,Day 64-70,Learning Module 10,SK261,COURSE0261,PROJ0261,Complete Week 10 objectives,10
RM0623,ROLE026,90-Day,11,Day 71-77,Learning Module 11,SK008,COURSE0287,PROJ0287,Complete Week 11 objectives,10
RM0624,ROLE026,90-Day,12,Day 78-84,Learning Module 12,SK034,COURSE0313,PROJ0313,Complete Week 12 objectives,10
RM0625,ROLE027,30-Day,1,Day 1-7,Learning Module 1,SK028,COURSE0028,PROJ0028,Complete Week 1 objectives,20
RM0626,ROLE027,30-Day,2,Day 8-14,Learning Module 2,SK055,COURSE0055,PROJ0055,Complete Week 2 objectives,20
RM0627,ROLE027,30-Day,3,Day 15-21,Learning Module 3,SK082,COURSE0082,PROJ0082,Complete Week 3 objectives,20
RM0628,ROLE027,30-Day,4,Day 22-28,Learning Module 4,SK109,COURSE0109,PROJ0109,Complete Week 4 objectives,20
RM0629,ROLE027,60-Day,1,Day 1-7,Learning Module 1,SK028,COURSE0028,PROJ0028,Complete Week 1 objectives,15
RM0630,ROLE027,60-Day,2,Day 8-14,Learning Module 2,SK055,COURSE0055,PROJ0055,Complete Week 2 objectives,15
RM0631,ROLE027,60-Day,3,Day 15-21,Learning Module 3,SK082,COURSE0082,PROJ0082,Complete Week 3 objectives,15
RM0632,ROLE027,60-Day,4,Day 22-28,Learning Module 4,SK109,COURSE0109,PROJ0109,Complete Week 4 objectives,15
RM0633,ROLE027,60-Day,5,Day 29-35,Learning Module 5,SK136,COURSE0136,PROJ0136,Complete Week 5 objectives,15
RM0634,ROLE027,60-Day,6,Day 36-42,Learning Module 6,SK163,COURSE0163,PROJ0163,Complete Week 6 objectives,15
RM0635,ROLE027,60-Day,7,Day 43-49,Learning Module 7,SK190,COURSE0190,PROJ0190,Complete Week 7 objectives,15
RM0636,ROLE027,60-Day,8,Day 50-56,Learning Module 8,SK217,COURSE0217,PROJ0217,Complete Week 8 objectives,15
RM0637,ROLE027,90-Day,1,Day 1-7,Learning Module 1,SK028,COURSE0028,PROJ0028,Complete Week 1 objectives,10
RM0638,ROLE027,90-Day,2,Day 8-14,Learning Module 2,SK055,COURSE0055,PROJ0055,Complete Week 2 objectives,10
RM0639,ROLE027,90-Day,3,Day 15-21,Learning Module 3,SK082,COURSE0082,PROJ0082,Complete Week 3 objectives,10
RM0640,ROLE027,90-Day,4,Day 22-28,Learning Module 4,SK109,COURSE0109,PROJ0109,Complete Week 4 objectives,10
RM0641,ROLE027,90-Day,5,Day 29-35,Learning Module 5,SK136,COURSE0136,PROJ0136,Complete Week 5 objectives,10
RM0642,ROLE027,90-Day,6,Day 36-42,Learning Module 6,SK163,COURSE0163,PROJ0163,Complete Week 6 objectives,10
RM0643,ROLE027,90-Day,7,Day 43-49,Learning Module 7,SK190,COURSE0190,PROJ0190,Complete Week 7 objectives,10
RM0644,ROLE027,90-Day,8,Day 50-56,Learning Module 8,SK217,COURSE0217,PROJ0217,Complete Week 8 objectives,10
RM0645,ROLE027,90-Day,9,Day 57-63,Learning Module 9,SK244,COURSE0244,PROJ0244,Complete Week 9 objectives,10
RM0646,ROLE027,90-Day,10,Day 64-70,Learning Module 10,SK271,COURSE0271,PROJ0271,Complete Week 10 objectives,10
RM0647,ROLE027,90-Day,11,Day 71-77,Learning Module 11,SK019,COURSE0298,PROJ0298,Complete Week 11 objectives,10
RM0648,ROLE027,90-Day,12,Day 78-84,Learning Module 12,SK046,COURSE0325,PROJ0325,Complete Week 12 objectives,10
RM0649,ROLE028,30-Day,1,Day 1-7,Learning Module 1,SK029,COURSE0029,PROJ0029,Complete Week 1 objectives,20
RM0650,ROLE028,30-Day,2,Day 8-14,Learning Module 2,SK057,COURSE0057,PROJ0057,Complete Week 2 objectives,20
RM0651,ROLE028,30-Day,3,Day 15-21,Learning Module 3,SK085,COURSE0085,PROJ0085,Complete Week 3 objectives,20
RM0652,ROLE028,30-Day,4,Day 22-28,Learning Module 4,SK113,COURSE0113,PROJ0113,Complete Week 4 objectives,20
RM0653,ROLE028,60-Day,1,Day 1-7,Learning Module 1,SK029,COURSE0029,PROJ0029,Complete Week 1 objectives,15
RM0654,ROLE028,60-Day,2,Day 8-14,Learning Module 2,SK057,COURSE0057,PROJ0057,Complete Week 2 objectives,15
RM0655,ROLE028,60-Day,3,Day 15-21,Learning Module 3,SK085,COURSE0085,PROJ0085,Complete Week 3 objectives,15
RM0656,ROLE028,60-Day,4,Day 22-28,Learning Module 4,SK113,COURSE0113,PROJ0113,Complete Week 4 objectives,15
RM0657,ROLE028,60-Day,5,Day 29-35,Learning Module 5,SK141,COURSE0141,PROJ0141,Complete Week 5 objectives,15
RM0658,ROLE028,60-Day,6,Day 36-42,Learning Module 6,SK169,COURSE0169,PROJ0169,Complete Week 6 objectives,15
RM0659,ROLE028,60-Day,7,Day 43-49,Learning Module 7,SK197,COURSE0197,PROJ0197,Complete Week 7 objectives,15
RM0660,ROLE028,60-Day,8,Day 50-56,Learning Module 8,SK225,COURSE0225,PROJ0225,Complete Week 8 objectives,15
RM0661,ROLE028,90-Day,1,Day 1-7,Learning Module 1,SK029,COURSE0029,PROJ0029,Complete Week 1 objectives,10
RM0662,ROLE028,90-Day,2,Day 8-14,Learning Module 2,SK057,COURSE0057,PROJ0057,Complete Week 2 objectives,10
RM0663,ROLE028,90-Day,3,Day 15-21,Learning Module 3,SK085,COURSE0085,PROJ0085,Complete Week 3 objectives,10
RM0664,ROLE028,90-Day,4,Day 22-28,Learning Module 4,SK113,COURSE0113,PROJ0113,Complete Week 4 objectives,10
RM0665,ROLE028,90-Day,5,Day 29-35,Learning Module 5,SK141,COURSE0141,PROJ0141,Complete Week 5 objectives,10
RM0666,ROLE028,90-Day,6,Day 36-42,Learning Module 6,SK169,COURSE0169,PROJ0169,Complete Week 6 objectives,10
RM0667,ROLE028,90-Day,7,Day 43-49,Learning Module 7,SK197,COURSE0197,PROJ0197,Complete Week 7 objectives,10
RM0668,ROLE028,90-Day,8,Day 50-56,Learning Module 8,SK225,COURSE0225,PROJ0225,Complete Week 8 objectives,10
RM0669,ROLE028,90-Day,9,Day 57-63,Learning Module 9,SK253,COURSE0253,PROJ0253,Complete Week 9 objectives,10
RM0670,ROLE028,90-Day,10,Day 64-70,Learning Module 10,SK002,COURSE0281,PROJ0281,Complete Week 10 objectives,10
RM0671,ROLE028,90-Day,11,Day 71-77,Learning Module 11,SK030,COURSE0309,PROJ0309,Complete Week 11 objectives,10
RM0672,ROLE028,90-Day,12,Day 78-84,Learning Module 12,SK058,COURSE0337,PROJ0337,Complete Week 12 objectives,10
RM0673,ROLE029,30-Day,1,Day 1-7,Learning Module 1,SK030,COURSE0030,PROJ0030,Complete Week 1 objectives,20
RM0674,ROLE029,30-Day,2,Day 8-14,Learning Module 2,SK059,COURSE0059,PROJ0059,Complete Week 2 objectives,20
RM0675,ROLE029,30-Day,3,Day 15-21,Learning Module 3,SK088,COURSE0088,PROJ0088,Complete Week 3 objectives,20
RM0676,ROLE029,30-Day,4,Day 22-28,Learning Module 4,SK117,COURSE0117,PROJ0117,Complete Week 4 objectives,20
RM0677,ROLE029,60-Day,1,Day 1-7,Learning Module 1,SK030,COURSE0030,PROJ0030,Complete Week 1 objectives,15
RM0678,ROLE029,60-Day,2,Day 8-14,Learning Module 2,SK059,COURSE0059,PROJ0059,Complete Week 2 objectives,15
RM0679,ROLE029,60-Day,3,Day 15-21,Learning Module 3,SK088,COURSE0088,PROJ0088,Complete Week 3 objectives,15
RM0680,ROLE029,60-Day,4,Day 22-28,Learning Module 4,SK117,COURSE0117,PROJ0117,Complete Week 4 objectives,15
RM0681,ROLE029,60-Day,5,Day 29-35,Learning Module 5,SK146,COURSE0146,PROJ0146,Complete Week 5 objectives,15
RM0682,ROLE029,60-Day,6,Day 36-42,Learning Module 6,SK175,COURSE0175,PROJ0175,Complete Week 6 objectives,15
RM0683,ROLE029,60-Day,7,Day 43-49,Learning Module 7,SK204,COURSE0204,PROJ0204,Complete Week 7 objectives,15
RM0684,ROLE029,60-Day,8,Day 50-56,Learning Module 8,SK233,COURSE0233,PROJ0233,Complete Week 8 objectives,15
RM0685,ROLE029,90-Day,1,Day 1-7,Learning Module 1,SK030,COURSE0030,PROJ0030,Complete Week 1 objectives,10
RM0686,ROLE029,90-Day,2,Day 8-14,Learning Module 2,SK059,COURSE0059,PROJ0059,Complete Week 2 objectives,10
RM0687,ROLE029,90-Day,3,Day 15-21,Learning Module 3,SK088,COURSE0088,PROJ0088,Complete Week 3 objectives,10
RM0688,ROLE029,90-Day,4,Day 22-28,Learning Module 4,SK117,COURSE0117,PROJ0117,Complete Week 4 objectives,10
RM0689,ROLE029,90-Day,5,Day 29-35,Learning Module 5,SK146,COURSE0146,PROJ0146,Complete Week 5 objectives,10
RM0690,ROLE029,90-Day,6,Day 36-42,Learning Module 6,SK175,COURSE0175,PROJ0175,Complete Week 6 objectives,10
RM0691,ROLE029,90-Day,7,Day 43-49,Learning Module 7,SK204,COURSE0204,PROJ0204,Complete Week 7 objectives,10
RM0692,ROLE029,90-Day,8,Day 50-56,Learning Module 8,SK233,COURSE0233,PROJ0233,Complete Week 8 objectives,10
RM0693,ROLE029,90-Day,9,Day 57-63,Learning Module 9,SK262,COURSE0262,PROJ0262,Complete Week 9 objectives,10
RM0694,ROLE029,90-Day,10,Day 64-70,Learning Module 10,SK012,COURSE0291,PROJ0291,Complete Week 10 objectives,10
RM0695,ROLE029,90-Day,11,Day 71-77,Learning Module 11,SK041,COURSE0320,PROJ0320,Complete Week 11 objectives,10
RM0696,ROLE029,90-Day,12,Day 78-84,Learning Module 12,SK070,COURSE0349,PROJ0349,Complete Week 12 objectives,10
RM0697,ROLE030,30-Day,1,Day 1-7,Learning Module 1,SK031,COURSE0031,PROJ0031,Complete Week 1 objectives,20
RM0698,ROLE030,30-Day,2,Day 8-14,Learning Module 2,SK061,COURSE0061,PROJ0061,Complete Week 2 objectives,20
RM0699,ROLE030,30-Day,3,Day 15-21,Learning Module 3,SK091,COURSE0091,PROJ0091,Complete Week 3 objectives,20
RM0700,ROLE030,30-Day,4,Day 22-28,Learning Module 4,SK121,COURSE0121,PROJ0121,Complete Week 4 objectives,20
RM0701,ROLE030,60-Day,1,Day 1-7,Learning Module 1,SK031,COURSE0031,PROJ0031,Complete Week 1 objectives,15
RM0702,ROLE030,60-Day,2,Day 8-14,Learning Module 2,SK061,COURSE0061,PROJ0061,Complete Week 2 objectives,15
RM0703,ROLE030,60-Day,3,Day 15-21,Learning Module 3,SK091,COURSE0091,PROJ0091,Complete Week 3 objectives,15
RM0704,ROLE030,60-Day,4,Day 22-28,Learning Module 4,SK121,COURSE0121,PROJ0121,Complete Week 4 objectives,15
RM0705,ROLE030,60-Day,5,Day 29-35,Learning Module 5,SK151,COURSE0151,PROJ0151,Complete Week 5 objectives,15
RM0706,ROLE030,60-Day,6,Day 36-42,Learning Module 6,SK181,COURSE0181,PROJ0181,Complete Week 6 objectives,15
RM0707,ROLE030,60-Day,7,Day 43-49,Learning Module 7,SK211,COURSE0211,PROJ0211,Complete Week 7 objectives,15
RM0708,ROLE030,60-Day,8,Day 50-56,Learning Module 8,SK241,COURSE0241,PROJ0241,Complete Week 8 objectives,15
RM0709,ROLE030,90-Day,1,Day 1-7,Learning Module 1,SK031,COURSE0031,PROJ0031,Complete Week 1 objectives,10
RM0710,ROLE030,90-Day,2,Day 8-14,Learning Module 2,SK061,COURSE0061,PROJ0061,Complete Week 2 objectives,10
RM0711,ROLE030,90-Day,3,Day 15-21,Learning Module 3,SK091,COURSE0091,PROJ0091,Complete Week 3 objectives,10
RM0712,ROLE030,90-Day,4,Day 22-28,Learning Module 4,SK121,COURSE0121,PROJ0121,Complete Week 4 objectives,10
RM0713,ROLE030,90-Day,5,Day 29-35,Learning Module 5,SK151,COURSE0151,PROJ0151,Complete Week 5 objectives,10
RM0714,ROLE030,90-Day,6,Day 36-42,Learning Module 6,SK181,COURSE0181,PROJ0181,Complete Week 6 objectives,10
RM0715,ROLE030,90-Day,7,Day 43-49,Learning Module 7,SK211,COURSE0211,PROJ0211,Complete Week 7 objectives,10
RM0716,ROLE030,90-Day,8,Day 50-56,Learning Module 8,SK241,COURSE0241,PROJ0241,Complete Week 8 objectives,10
RM0717,ROLE030,90-Day,9,Day 57-63,Learning Module 9,SK271,COURSE0271,PROJ0271,Complete Week 9 objectives,10
RM0718,ROLE030,90-Day,10,Day 64-70,Learning Module 10,SK022,COURSE0301,PROJ0301,Complete Week 10 objectives,10
RM0719,ROLE030,90-Day,11,Day 71-77,Learning Module 11,SK052,COURSE0331,PROJ0331,Complete Week 11 objectives,10
RM0720,ROLE030,90-Day,12,Day 78-84,Learning Module 12,SK082,COURSE0361,PROJ0361,Complete Week 12 objectives,10
RM0721,ROLE031,30-Day,1,Day 1-7,Learning Module 1,SK032,COURSE0032,PROJ0032,Complete Week 1 objectives,20
RM0722,ROLE031,30-Day,2,Day 8-14,Learning Module 2,SK063,COURSE0063,PROJ0063,Complete Week 2 objectives,20
RM0723,ROLE031,30-Day,3,Day 15-21,Learning Module 3,SK094,COURSE0094,PROJ0094,Complete Week 3 objectives,20
RM0724,ROLE031,30-Day,4,Day 22-28,Learning Module 4,SK125,COURSE0125,PROJ0125,Complete Week 4 objectives,20
RM0725,ROLE031,60-Day,1,Day 1-7,Learning Module 1,SK032,COURSE0032,PROJ0032,Complete Week 1 objectives,15
RM0726,ROLE031,60-Day,2,Day 8-14,Learning Module 2,SK063,COURSE0063,PROJ0063,Complete Week 2 objectives,15
RM0727,ROLE031,60-Day,3,Day 15-21,Learning Module 3,SK094,COURSE0094,PROJ0094,Complete Week 3 objectives,15
RM0728,ROLE031,60-Day,4,Day 22-28,Learning Module 4,SK125,COURSE0125,PROJ0125,Complete Week 4 objectives,15
RM0729,ROLE031,60-Day,5,Day 29-35,Learning Module 5,SK156,COURSE0156,PROJ0156,Complete Week 5 objectives,15
RM0730,ROLE031,60-Day,6,Day 36-42,Learning Module 6,SK187,COURSE0187,PROJ0187,Complete Week 6 objectives,15
RM0731,ROLE031,60-Day,7,Day 43-49,Learning Module 7,SK218,COURSE0218,PROJ0218,Complete Week 7 objectives,15
RM0732,ROLE031,60-Day,8,Day 50-56,Learning Module 8,SK249,COURSE0249,PROJ0249,Complete Week 8 objectives,15
RM0733,ROLE031,90-Day,1,Day 1-7,Learning Module 1,SK032,COURSE0032,PROJ0032,Complete Week 1 objectives,10
RM0734,ROLE031,90-Day,2,Day 8-14,Learning Module 2,SK063,COURSE0063,PROJ0063,Complete Week 2 objectives,10
RM0735,ROLE031,90-Day,3,Day 15-21,Learning Module 3,SK094,COURSE0094,PROJ0094,Complete Week 3 objectives,10
RM0736,ROLE031,90-Day,4,Day 22-28,Learning Module 4,SK125,COURSE0125,PROJ0125,Complete Week 4 objectives,10
RM0737,ROLE031,90-Day,5,Day 29-35,Learning Module 5,SK156,COURSE0156,PROJ0156,Complete Week 5 objectives,10
RM0738,ROLE031,90-Day,6,Day 36-42,Learning Module 6,SK187,COURSE0187,PROJ0187,Complete Week 6 objectives,10
RM0739,ROLE031,90-Day,7,Day 43-49,Learning Module 7,SK218,COURSE0218,PROJ0218,Complete Week 7 objectives,10
RM0740,ROLE031,90-Day,8,Day 50-56,Learning Module 8,SK249,COURSE0249,PROJ0249,Complete Week 8 objectives,10
RM0741,ROLE031,90-Day,9,Day 57-63,Learning Module 9,SK001,COURSE0280,PROJ0280,Complete Week 9 objectives,10
RM0742,ROLE031,90-Day,10,Day 64-70,Learning Module 10,SK032,COURSE0311,PROJ0311,Complete Week 10 objectives,10
RM0743,ROLE031,90-Day,11,Day 71-77,Learning Module 11,SK063,COURSE0342,PROJ0342,Complete Week 11 objectives,10
RM0744,ROLE031,90-Day,12,Day 78-84,Learning Module 12,SK094,COURSE0373,PROJ0373,Complete Week 12 objectives,10
RM0745,ROLE032,30-Day,1,Day 1-7,Learning Module 1,SK033,COURSE0033,PROJ0033,Complete Week 1 objectives,20
RM0746,ROLE032,30-Day,2,Day 8-14,Learning Module 2,SK065,COURSE0065,PROJ0065,Complete Week 2 objectives,20
RM0747,ROLE032,30-Day,3,Day 15-21,Learning Module 3,SK097,COURSE0097,PROJ0097,Complete Week 3 objectives,20
RM0748,ROLE032,30-Day,4,Day 22-28,Learning Module 4,SK129,COURSE0129,PROJ0129,Complete Week 4 objectives,20
RM0749,ROLE032,60-Day,1,Day 1-7,Learning Module 1,SK033,COURSE0033,PROJ0033,Complete Week 1 objectives,15
RM0750,ROLE032,60-Day,2,Day 8-14,Learning Module 2,SK065,COURSE0065,PROJ0065,Complete Week 2 objectives,15
RM0751,ROLE032,60-Day,3,Day 15-21,Learning Module 3,SK097,COURSE0097,PROJ0097,Complete Week 3 objectives,15
RM0752,ROLE032,60-Day,4,Day 22-28,Learning Module 4,SK129,COURSE0129,PROJ0129,Complete Week 4 objectives,15
RM0753,ROLE032,60-Day,5,Day 29-35,Learning Module 5,SK161,COURSE0161,PROJ0161,Complete Week 5 objectives,15
RM0754,ROLE032,60-Day,6,Day 36-42,Learning Module 6,SK193,COURSE0193,PROJ0193,Complete Week 6 objectives,15
RM0755,ROLE032,60-Day,7,Day 43-49,Learning Module 7,SK225,COURSE0225,PROJ0225,Complete Week 7 objectives,15
RM0756,ROLE032,60-Day,8,Day 50-56,Learning Module 8,SK257,COURSE0257,PROJ0257,Complete Week 8 objectives,15
RM0757,ROLE032,90-Day,1,Day 1-7,Learning Module 1,SK033,COURSE0033,PROJ0033,Complete Week 1 objectives,10
RM0758,ROLE032,90-Day,2,Day 8-14,Learning Module 2,SK065,COURSE0065,PROJ0065,Complete Week 2 objectives,10
RM0759,ROLE032,90-Day,3,Day 15-21,Learning Module 3,SK097,COURSE0097,PROJ0097,Complete Week 3 objectives,10
RM0760,ROLE032,90-Day,4,Day 22-28,Learning Module 4,SK129,COURSE0129,PROJ0129,Complete Week 4 objectives,10
RM0761,ROLE032,90-Day,5,Day 29-35,Learning Module 5,SK161,COURSE0161,PROJ0161,Complete Week 5 objectives,10
RM0762,ROLE032,90-Day,6,Day 36-42,Learning Module 6,SK193,COURSE0193,PROJ0193,Complete Week 6 objectives,10
RM0763,ROLE032,90-Day,7,Day 43-49,Learning Module 7,SK225,COURSE0225,PROJ0225,Complete Week 7 objectives,10
RM0764,ROLE032,90-Day,8,Day 50-56,Learning Module 8,SK257,COURSE0257,PROJ0257,Complete Week 8 objectives,10
RM0765,ROLE032,90-Day,9,Day 57-63,Learning Module 9,SK010,COURSE0289,PROJ0289,Complete Week 9 objectives,10
RM0766,ROLE032,90-Day,10,Day 64-70,Learning Module 10,SK042,COURSE0321,PROJ0321,Complete Week 10 objectives,10
RM0767,ROLE032,90-Day,11,Day 71-77,Learning Module 11,SK074,COURSE0353,PROJ0353,Complete Week 11 objectives,10
RM0768,ROLE032,90-Day,12,Day 78-84,Learning Module 12,SK106,COURSE0385,PROJ0385,Complete Week 12 objectives,10
RM0769,ROLE033,30-Day,1,Day 1-7,Learning Module 1,SK034,COURSE0034,PROJ0034,Complete Week 1 objectives,20
RM0770,ROLE033,30-Day,2,Day 8-14,Learning Module 2,SK067,COURSE0067,PROJ0067,Complete Week 2 objectives,20
RM0771,ROLE033,30-Day,3,Day 15-21,Learning Module 3,SK100,COURSE0100,PROJ0100,Complete Week 3 objectives,20
RM0772,ROLE033,30-Day,4,Day 22-28,Learning Module 4,SK133,COURSE0133,PROJ0133,Complete Week 4 objectives,20
RM0773,ROLE033,60-Day,1,Day 1-7,Learning Module 1,SK034,COURSE0034,PROJ0034,Complete Week 1 objectives,15
RM0774,ROLE033,60-Day,2,Day 8-14,Learning Module 2,SK067,COURSE0067,PROJ0067,Complete Week 2 objectives,15
RM0775,ROLE033,60-Day,3,Day 15-21,Learning Module 3,SK100,COURSE0100,PROJ0100,Complete Week 3 objectives,15
RM0776,ROLE033,60-Day,4,Day 22-28,Learning Module 4,SK133,COURSE0133,PROJ0133,Complete Week 4 objectives,15
RM0777,ROLE033,60-Day,5,Day 29-35,Learning Module 5,SK166,COURSE0166,PROJ0166,Complete Week 5 objectives,15
RM0778,ROLE033,60-Day,6,Day 36-42,Learning Module 6,SK199,COURSE0199,PROJ0199,Complete Week 6 objectives,15
RM0779,ROLE033,60-Day,7,Day 43-49,Learning Module 7,SK232,COURSE0232,PROJ0232,Complete Week 7 objectives,15
RM0780,ROLE033,60-Day,8,Day 50-56,Learning Module 8,SK265,COURSE0265,PROJ0265,Complete Week 8 objectives,15
RM0781,ROLE033,90-Day,1,Day 1-7,Learning Module 1,SK034,COURSE0034,PROJ0034,Complete Week 1 objectives,10
RM0782,ROLE033,90-Day,2,Day 8-14,Learning Module 2,SK067,COURSE0067,PROJ0067,Complete Week 2 objectives,10
RM0783,ROLE033,90-Day,3,Day 15-21,Learning Module 3,SK100,COURSE0100,PROJ0100,Complete Week 3 objectives,10
RM0784,ROLE033,90-Day,4,Day 22-28,Learning Module 4,SK133,COURSE0133,PROJ0133,Complete Week 4 objectives,10
RM0785,ROLE033,90-Day,5,Day 29-35,Learning Module 5,SK166,COURSE0166,PROJ0166,Complete Week 5 objectives,10
RM0786,ROLE033,90-Day,6,Day 36-42,Learning Module 6,SK199,COURSE0199,PROJ0199,Complete Week 6 objectives,10
RM0787,ROLE033,90-Day,7,Day 43-49,Learning Module 7,SK232,COURSE0232,PROJ0232,Complete Week 7 objectives,10
RM0788,ROLE033,90-Day,8,Day 50-56,Learning Module 8,SK265,COURSE0265,PROJ0265,Complete Week 8 objectives,10
RM0789,ROLE033,90-Day,9,Day 57-63,Learning Module 9,SK019,COURSE0298,PROJ0298,Complete Week 9 objectives,10
RM0790,ROLE033,90-Day,10,Day 64-70,Learning Module 10,SK052,COURSE0331,PROJ0331,Complete Week 10 objectives,10
RM0791,ROLE033,90-Day,11,Day 71-77,Learning Module 11,SK085,COURSE0364,PROJ0364,Complete Week 11 objectives,10
RM0792,ROLE033,90-Day,12,Day 78-84,Learning Module 12,SK118,COURSE0397,PROJ0397,Complete Week 12 objectives,10
RM0793,ROLE034,30-Day,1,Day 1-7,Learning Module 1,SK035,COURSE0035,PROJ0035,Complete Week 1 objectives,20
RM0794,ROLE034,30-Day,2,Day 8-14,Learning Module 2,SK069,COURSE0069,PROJ0069,Complete Week 2 objectives,20
RM0795,ROLE034,30-Day,3,Day 15-21,Learning Module 3,SK103,COURSE0103,PROJ0103,Complete Week 3 objectives,20
RM0796,ROLE034,30-Day,4,Day 22-28,Learning Module 4,SK137,COURSE0137,PROJ0137,Complete Week 4 objectives,20
RM0797,ROLE034,60-Day,1,Day 1-7,Learning Module 1,SK035,COURSE0035,PROJ0035,Complete Week 1 objectives,15
RM0798,ROLE034,60-Day,2,Day 8-14,Learning Module 2,SK069,COURSE0069,PROJ0069,Complete Week 2 objectives,15
RM0799,ROLE034,60-Day,3,Day 15-21,Learning Module 3,SK103,COURSE0103,PROJ0103,Complete Week 3 objectives,15
RM0800,ROLE034,60-Day,4,Day 22-28,Learning Module 4,SK137,COURSE0137,PROJ0137,Complete Week 4 objectives,15
RM0801,ROLE034,60-Day,5,Day 29-35,Learning Module 5,SK171,COURSE0171,PROJ0171,Complete Week 5 objectives,15
RM0802,ROLE034,60-Day,6,Day 36-42,Learning Module 6,SK205,COURSE0205,PROJ0205,Complete Week 6 objectives,15
RM0803,ROLE034,60-Day,7,Day 43-49,Learning Module 7,SK239,COURSE0239,PROJ0239,Complete Week 7 objectives,15
RM0804,ROLE034,60-Day,8,Day 50-56,Learning Module 8,SK273,COURSE0273,PROJ0273,Complete Week 8 objectives,15
RM0805,ROLE034,90-Day,1,Day 1-7,Learning Module 1,SK035,COURSE0035,PROJ0035,Complete Week 1 objectives,10
RM0806,ROLE034,90-Day,2,Day 8-14,Learning Module 2,SK069,COURSE0069,PROJ0069,Complete Week 2 objectives,10
RM0807,ROLE034,90-Day,3,Day 15-21,Learning Module 3,SK103,COURSE0103,PROJ0103,Complete Week 3 objectives,10
RM0808,ROLE034,90-Day,4,Day 22-28,Learning Module 4,SK137,COURSE0137,PROJ0137,Complete Week 4 objectives,10
RM0809,ROLE034,90-Day,5,Day 29-35,Learning Module 5,SK171,COURSE0171,PROJ0171,Complete Week 5 objectives,10
RM0810,ROLE034,90-Day,6,Day 36-42,Learning Module 6,SK205,COURSE0205,PROJ0205,Complete Week 6 objectives,10
RM0811,ROLE034,90-Day,7,Day 43-49,Learning Module 7,SK239,COURSE0239,PROJ0239,Complete Week 7 objectives,10
RM0812,ROLE034,90-Day,8,Day 50-56,Learning Module 8,SK273,COURSE0273,PROJ0273,Complete Week 8 objectives,10
RM0813,ROLE034,90-Day,9,Day 57-63,Learning Module 9,SK028,COURSE0307,PROJ0307,Complete Week 9 objectives,10
RM0814,ROLE034,90-Day,10,Day 64-70,Learning Module 10,SK062,COURSE0341,PROJ0341,Complete Week 10 objectives,10
RM0815,ROLE034,90-Day,11,Day 71-77,Learning Module 11,SK096,COURSE0375,PROJ0375,Complete Week 11 objectives,10
RM0816,ROLE034,90-Day,12,Day 78-84,Learning Module 12,SK130,COURSE0409,PROJ0009,Complete Week 12 objectives,10
RM0817,ROLE035,30-Day,1,Day 1-7,Learning Module 1,SK036,COURSE0036,PROJ0036,Complete Week 1 objectives,20
RM0818,ROLE035,30-Day,2,Day 8-14,Learning Module 2,SK071,COURSE0071,PROJ0071,Complete Week 2 objectives,20
RM0819,ROLE035,30-Day,3,Day 15-21,Learning Module 3,SK106,COURSE0106,PROJ0106,Complete Week 3 objectives,20
RM0820,ROLE035,30-Day,4,Day 22-28,Learning Module 4,SK141,COURSE0141,PROJ0141,Complete Week 4 objectives,20
RM0821,ROLE035,60-Day,1,Day 1-7,Learning Module 1,SK036,COURSE0036,PROJ0036,Complete Week 1 objectives,15
RM0822,ROLE035,60-Day,2,Day 8-14,Learning Module 2,SK071,COURSE0071,PROJ0071,Complete Week 2 objectives,15
RM0823,ROLE035,60-Day,3,Day 15-21,Learning Module 3,SK106,COURSE0106,PROJ0106,Complete Week 3 objectives,15
RM0824,ROLE035,60-Day,4,Day 22-28,Learning Module 4,SK141,COURSE0141,PROJ0141,Complete Week 4 objectives,15
RM0825,ROLE035,60-Day,5,Day 29-35,Learning Module 5,SK176,COURSE0176,PROJ0176,Complete Week 5 objectives,15
RM0826,ROLE035,60-Day,6,Day 36-42,Learning Module 6,SK211,COURSE0211,PROJ0211,Complete Week 6 objectives,15
RM0827,ROLE035,60-Day,7,Day 43-49,Learning Module 7,SK246,COURSE0246,PROJ0246,Complete Week 7 objectives,15
RM0828,ROLE035,60-Day,8,Day 50-56,Learning Module 8,SK002,COURSE0281,PROJ0281,Complete Week 8 objectives,15
RM0829,ROLE035,90-Day,1,Day 1-7,Learning Module 1,SK036,COURSE0036,PROJ0036,Complete Week 1 objectives,10
RM0830,ROLE035,90-Day,2,Day 8-14,Learning Module 2,SK071,COURSE0071,PROJ0071,Complete Week 2 objectives,10
RM0831,ROLE035,90-Day,3,Day 15-21,Learning Module 3,SK106,COURSE0106,PROJ0106,Complete Week 3 objectives,10
RM0832,ROLE035,90-Day,4,Day 22-28,Learning Module 4,SK141,COURSE0141,PROJ0141,Complete Week 4 objectives,10
RM0833,ROLE035,90-Day,5,Day 29-35,Learning Module 5,SK176,COURSE0176,PROJ0176,Complete Week 5 objectives,10
RM0834,ROLE035,90-Day,6,Day 36-42,Learning Module 6,SK211,COURSE0211,PROJ0211,Complete Week 6 objectives,10
RM0835,ROLE035,90-Day,7,Day 43-49,Learning Module 7,SK246,COURSE0246,PROJ0246,Complete Week 7 objectives,10
RM0836,ROLE035,90-Day,8,Day 50-56,Learning Module 8,SK002,COURSE0281,PROJ0281,Complete Week 8 objectives,10
RM0837,ROLE035,90-Day,9,Day 57-63,Learning Module 9,SK037,COURSE0316,PROJ0316,Complete Week 9 objectives,10
RM0838,ROLE035,90-Day,10,Day 64-70,Learning Module 10,SK072,COURSE0351,PROJ0351,Complete Week 10 objectives,10
RM0839,ROLE035,90-Day,11,Day 71-77,Learning Module 11,SK107,COURSE0386,PROJ0386,Complete Week 11 objectives,10
RM0840,ROLE035,90-Day,12,Day 78-84,Learning Module 12,SK142,COURSE0421,PROJ0021,Complete Week 12 objectives,10
RM0841,ROLE036,30-Day,1,Day 1-7,Learning Module 1,SK037,COURSE0037,PROJ0037,Complete Week 1 objectives,20
RM0842,ROLE036,30-Day,2,Day 8-14,Learning Module 2,SK073,COURSE0073,PROJ0073,Complete Week 2 objectives,20
RM0843,ROLE036,30-Day,3,Day 15-21,Learning Module 3,SK109,COURSE0109,PROJ0109,Complete Week 3 objectives,20
RM0844,ROLE036,30-Day,4,Day 22-28,Learning Module 4,SK145,COURSE0145,PROJ0145,Complete Week 4 objectives,20
RM0845,ROLE036,60-Day,1,Day 1-7,Learning Module 1,SK037,COURSE0037,PROJ0037,Complete Week 1 objectives,15
RM0846,ROLE036,60-Day,2,Day 8-14,Learning Module 2,SK073,COURSE0073,PROJ0073,Complete Week 2 objectives,15
RM0847,ROLE036,60-Day,3,Day 15-21,Learning Module 3,SK109,COURSE0109,PROJ0109,Complete Week 3 objectives,15
RM0848,ROLE036,60-Day,4,Day 22-28,Learning Module 4,SK145,COURSE0145,PROJ0145,Complete Week 4 objectives,15
RM0849,ROLE036,60-Day,5,Day 29-35,Learning Module 5,SK181,COURSE0181,PROJ0181,Complete Week 5 objectives,15
RM0850,ROLE036,60-Day,6,Day 36-42,Learning Module 6,SK217,COURSE0217,PROJ0217,Complete Week 6 objectives,15
RM0851,ROLE036,60-Day,7,Day 43-49,Learning Module 7,SK253,COURSE0253,PROJ0253,Complete Week 7 objectives,15
RM0852,ROLE036,60-Day,8,Day 50-56,Learning Module 8,SK010,COURSE0289,PROJ0289,Complete Week 8 objectives,15
RM0853,ROLE036,90-Day,1,Day 1-7,Learning Module 1,SK037,COURSE0037,PROJ0037,Complete Week 1 objectives,10
RM0854,ROLE036,90-Day,2,Day 8-14,Learning Module 2,SK073,COURSE0073,PROJ0073,Complete Week 2 objectives,10
RM0855,ROLE036,90-Day,3,Day 15-21,Learning Module 3,SK109,COURSE0109,PROJ0109,Complete Week 3 objectives,10
RM0856,ROLE036,90-Day,4,Day 22-28,Learning Module 4,SK145,COURSE0145,PROJ0145,Complete Week 4 objectives,10
RM0857,ROLE036,90-Day,5,Day 29-35,Learning Module 5,SK181,COURSE0181,PROJ0181,Complete Week 5 objectives,10
RM0858,ROLE036,90-Day,6,Day 36-42,Learning Module 6,SK217,COURSE0217,PROJ0217,Complete Week 6 objectives,10
RM0859,ROLE036,90-Day,7,Day 43-49,Learning Module 7,SK253,COURSE0253,PROJ0253,Complete Week 7 objectives,10
RM0860,ROLE036,90-Day,8,Day 50-56,Learning Module 8,SK010,COURSE0289,PROJ0289,Complete Week 8 objectives,10
RM0861,ROLE036,90-Day,9,Day 57-63,Learning Module 9,SK046,COURSE0325,PROJ0325,Complete Week 9 objectives,10
RM0862,ROLE036,90-Day,10,Day 64-70,Learning Module 10,SK082,COURSE0361,PROJ0361,Complete Week 10 objectives,10
RM0863,ROLE036,90-Day,11,Day 71-77,Learning Module 11,SK118,COURSE0397,PROJ0397,Complete Week 11 objectives,10
RM0864,ROLE036,90-Day,12,Day 78-84,Learning Module 12,SK154,COURSE0433,PROJ0033,Complete Week 12 objectives,10
RM0865,ROLE037,30-Day,1,Day 1-7,Learning Module 1,SK038,COURSE0038,PROJ0038,Complete Week 1 objectives,20
RM0866,ROLE037,30-Day,2,Day 8-14,Learning Module 2,SK075,COURSE0075,PROJ0075,Complete Week 2 objectives,20
RM0867,ROLE037,30-Day,3,Day 15-21,Learning Module 3,SK112,COURSE0112,PROJ0112,Complete Week 3 objectives,20
RM0868,ROLE037,30-Day,4,Day 22-28,Learning Module 4,SK149,COURSE0149,PROJ0149,Complete Week 4 objectives,20
RM0869,ROLE037,60-Day,1,Day 1-7,Learning Module 1,SK038,COURSE0038,PROJ0038,Complete Week 1 objectives,15
RM0870,ROLE037,60-Day,2,Day 8-14,Learning Module 2,SK075,COURSE0075,PROJ0075,Complete Week 2 objectives,15
RM0871,ROLE037,60-Day,3,Day 15-21,Learning Module 3,SK112,COURSE0112,PROJ0112,Complete Week 3 objectives,15
RM0872,ROLE037,60-Day,4,Day 22-28,Learning Module 4,SK149,COURSE0149,PROJ0149,Complete Week 4 objectives,15
RM0873,ROLE037,60-Day,5,Day 29-35,Learning Module 5,SK186,COURSE0186,PROJ0186,Complete Week 5 objectives,15
RM0874,ROLE037,60-Day,6,Day 36-42,Learning Module 6,SK223,COURSE0223,PROJ0223,Complete Week 6 objectives,15
RM0875,ROLE037,60-Day,7,Day 43-49,Learning Module 7,SK260,COURSE0260,PROJ0260,Complete Week 7 objectives,15
RM0876,ROLE037,60-Day,8,Day 50-56,Learning Module 8,SK018,COURSE0297,PROJ0297,Complete Week 8 objectives,15
RM0877,ROLE037,90-Day,1,Day 1-7,Learning Module 1,SK038,COURSE0038,PROJ0038,Complete Week 1 objectives,10
RM0878,ROLE037,90-Day,2,Day 8-14,Learning Module 2,SK075,COURSE0075,PROJ0075,Complete Week 2 objectives,10
RM0879,ROLE037,90-Day,3,Day 15-21,Learning Module 3,SK112,COURSE0112,PROJ0112,Complete Week 3 objectives,10
RM0880,ROLE037,90-Day,4,Day 22-28,Learning Module 4,SK149,COURSE0149,PROJ0149,Complete Week 4 objectives,10
RM0881,ROLE037,90-Day,5,Day 29-35,Learning Module 5,SK186,COURSE0186,PROJ0186,Complete Week 5 objectives,10
RM0882,ROLE037,90-Day,6,Day 36-42,Learning Module 6,SK223,COURSE0223,PROJ0223,Complete Week 6 objectives,10
RM0883,ROLE037,90-Day,7,Day 43-49,Learning Module 7,SK260,COURSE0260,PROJ0260,Complete Week 7 objectives,10
RM0884,ROLE037,90-Day,8,Day 50-56,Learning Module 8,SK018,COURSE0297,PROJ0297,Complete Week 8 objectives,10
RM0885,ROLE037,90-Day,9,Day 57-63,Learning Module 9,SK055,COURSE0334,PROJ0334,Complete Week 9 objectives,10
RM0886,ROLE037,90-Day,10,Day 64-70,Learning Module 10,SK092,COURSE0371,PROJ0371,Complete Week 10 objectives,10
RM0887,ROLE037,90-Day,11,Day 71-77,Learning Module 11,SK129,COURSE0408,PROJ0008,Complete Week 11 objectives,10
RM0888,ROLE037,90-Day,12,Day 78-84,Learning Module 12,SK166,COURSE0445,PROJ0045,Complete Week 12 objectives,10
RM0889,ROLE038,30-Day,1,Day 1-7,Learning Module 1,SK039,COURSE0039,PROJ0039,Complete Week 1 objectives,20
RM0890,ROLE038,30-Day,2,Day 8-14,Learning Module 2,SK077,COURSE0077,PROJ0077,Complete Week 2 objectives,20
RM0891,ROLE038,30-Day,3,Day 15-21,Learning Module 3,SK115,COURSE0115,PROJ0115,Complete Week 3 objectives,20
RM0892,ROLE038,30-Day,4,Day 22-28,Learning Module 4,SK153,COURSE0153,PROJ0153,Complete Week 4 objectives,20
RM0893,ROLE038,60-Day,1,Day 1-7,Learning Module 1,SK039,COURSE0039,PROJ0039,Complete Week 1 objectives,15
RM0894,ROLE038,60-Day,2,Day 8-14,Learning Module 2,SK077,COURSE0077,PROJ0077,Complete Week 2 objectives,15
RM0895,ROLE038,60-Day,3,Day 15-21,Learning Module 3,SK115,COURSE0115,PROJ0115,Complete Week 3 objectives,15
RM0896,ROLE038,60-Day,4,Day 22-28,Learning Module 4,SK153,COURSE0153,PROJ0153,Complete Week 4 objectives,15
RM0897,ROLE038,60-Day,5,Day 29-35,Learning Module 5,SK191,COURSE0191,PROJ0191,Complete Week 5 objectives,15
RM0898,ROLE038,60-Day,6,Day 36-42,Learning Module 6,SK229,COURSE0229,PROJ0229,Complete Week 6 objectives,15
RM0899,ROLE038,60-Day,7,Day 43-49,Learning Module 7,SK267,COURSE0267,PROJ0267,Complete Week 7 objectives,15
RM0900,ROLE038,60-Day,8,Day 50-56,Learning Module 8,SK026,COURSE0305,PROJ0305,Complete Week 8 objectives,15
RM0901,ROLE038,90-Day,1,Day 1-7,Learning Module 1,SK039,COURSE0039,PROJ0039,Complete Week 1 objectives,10
RM0902,ROLE038,90-Day,2,Day 8-14,Learning Module 2,SK077,COURSE0077,PROJ0077,Complete Week 2 objectives,10
RM0903,ROLE038,90-Day,3,Day 15-21,Learning Module 3,SK115,COURSE0115,PROJ0115,Complete Week 3 objectives,10
RM0904,ROLE038,90-Day,4,Day 22-28,Learning Module 4,SK153,COURSE0153,PROJ0153,Complete Week 4 objectives,10
RM0905,ROLE038,90-Day,5,Day 29-35,Learning Module 5,SK191,COURSE0191,PROJ0191,Complete Week 5 objectives,10
RM0906,ROLE038,90-Day,6,Day 36-42,Learning Module 6,SK229,COURSE0229,PROJ0229,Complete Week 6 objectives,10
RM0907,ROLE038,90-Day,7,Day 43-49,Learning Module 7,SK267,COURSE0267,PROJ0267,Complete Week 7 objectives,10
RM0908,ROLE038,90-Day,8,Day 50-56,Learning Module 8,SK026,COURSE0305,PROJ0305,Complete Week 8 objectives,10
RM0909,ROLE038,90-Day,9,Day 57-63,Learning Module 9,SK064,COURSE0343,PROJ0343,Complete Week 9 objectives,10
RM0910,ROLE038,90-Day,10,Day 64-70,Learning Module 10,SK102,COURSE0381,PROJ0381,Complete Week 10 objectives,10
RM0911,ROLE038,90-Day,11,Day 71-77,Learning Module 11,SK140,COURSE0419,PROJ0019,Complete Week 11 objectives,10
RM0912,ROLE038,90-Day,12,Day 78-84,Learning Module 12,SK178,COURSE0457,PROJ0057,Complete Week 12 objectives,10
RM0913,ROLE039,30-Day,1,Day 1-7,Learning Module 1,SK040,COURSE0040,PROJ0040,Complete Week 1 objectives,20
RM0914,ROLE039,30-Day,2,Day 8-14,Learning Module 2,SK079,COURSE0079,PROJ0079,Complete Week 2 objectives,20
RM0915,ROLE039,30-Day,3,Day 15-21,Learning Module 3,SK118,COURSE0118,PROJ0118,Complete Week 3 objectives,20
RM0916,ROLE039,30-Day,4,Day 22-28,Learning Module 4,SK157,COURSE0157,PROJ0157,Complete Week 4 objectives,20
RM0917,ROLE039,60-Day,1,Day 1-7,Learning Module 1,SK040,COURSE0040,PROJ0040,Complete Week 1 objectives,15
RM0918,ROLE039,60-Day,2,Day 8-14,Learning Module 2,SK079,COURSE0079,PROJ0079,Complete Week 2 objectives,15
RM0919,ROLE039,60-Day,3,Day 15-21,Learning Module 3,SK118,COURSE0118,PROJ0118,Complete Week 3 objectives,15
RM0920,ROLE039,60-Day,4,Day 22-28,Learning Module 4,SK157,COURSE0157,PROJ0157,Complete Week 4 objectives,15
RM0921,ROLE039,60-Day,5,Day 29-35,Learning Module 5,SK196,COURSE0196,PROJ0196,Complete Week 5 objectives,15
RM0922,ROLE039,60-Day,6,Day 36-42,Learning Module 6,SK235,COURSE0235,PROJ0235,Complete Week 6 objectives,15
RM0923,ROLE039,60-Day,7,Day 43-49,Learning Module 7,SK274,COURSE0274,PROJ0274,Complete Week 7 objectives,15
RM0924,ROLE039,60-Day,8,Day 50-56,Learning Module 8,SK034,COURSE0313,PROJ0313,Complete Week 8 objectives,15
RM0925,ROLE039,90-Day,1,Day 1-7,Learning Module 1,SK040,COURSE0040,PROJ0040,Complete Week 1 objectives,10
RM0926,ROLE039,90-Day,2,Day 8-14,Learning Module 2,SK079,COURSE0079,PROJ0079,Complete Week 2 objectives,10
RM0927,ROLE039,90-Day,3,Day 15-21,Learning Module 3,SK118,COURSE0118,PROJ0118,Complete Week 3 objectives,10
RM0928,ROLE039,90-Day,4,Day 22-28,Learning Module 4,SK157,COURSE0157,PROJ0157,Complete Week 4 objectives,10
RM0929,ROLE039,90-Day,5,Day 29-35,Learning Module 5,SK196,COURSE0196,PROJ0196,Complete Week 5 objectives,10
RM0930,ROLE039,90-Day,6,Day 36-42,Learning Module 6,SK235,COURSE0235,PROJ0235,Complete Week 6 objectives,10
RM0931,ROLE039,90-Day,7,Day 43-49,Learning Module 7,SK274,COURSE0274,PROJ0274,Complete Week 7 objectives,10
RM0932,ROLE039,90-Day,8,Day 50-56,Learning Module 8,SK034,COURSE0313,PROJ0313,Complete Week 8 objectives,10
RM0933,ROLE039,90-Day,9,Day 57-63,Learning Module 9,SK073,COURSE0352,PROJ0352,Complete Week 9 objectives,10
RM0934,ROLE039,90-Day,10,Day 64-70,Learning Module 10,SK112,COURSE0391,PROJ0391,Complete Week 10 objectives,10
RM0935,ROLE039,90-Day,11,Day 71-77,Learning Module 11,SK151,COURSE0430,PROJ0030,Complete Week 11 objectives,10
RM0936,ROLE039,90-Day,12,Day 78-84,Learning Module 12,SK190,COURSE0469,PROJ0069,Complete Week 12 objectives,10
RM0937,ROLE040,30-Day,1,Day 1-7,Learning Module 1,SK041,COURSE0041,PROJ0041,Complete Week 1 objectives,20
RM0938,ROLE040,30-Day,2,Day 8-14,Learning Module 2,SK081,COURSE0081,PROJ0081,Complete Week 2 objectives,20
RM0939,ROLE040,30-Day,3,Day 15-21,Learning Module 3,SK121,COURSE0121,PROJ0121,Complete Week 3 objectives,20
RM0940,ROLE040,30-Day,4,Day 22-28,Learning Module 4,SK161,COURSE0161,PROJ0161,Complete Week 4 objectives,20
RM0941,ROLE040,60-Day,1,Day 1-7,Learning Module 1,SK041,COURSE0041,PROJ0041,Complete Week 1 objectives,15
RM0942,ROLE040,60-Day,2,Day 8-14,Learning Module 2,SK081,COURSE0081,PROJ0081,Complete Week 2 objectives,15
RM0943,ROLE040,60-Day,3,Day 15-21,Learning Module 3,SK121,COURSE0121,PROJ0121,Complete Week 3 objectives,15
RM0944,ROLE040,60-Day,4,Day 22-28,Learning Module 4,SK161,COURSE0161,PROJ0161,Complete Week 4 objectives,15
RM0945,ROLE040,60-Day,5,Day 29-35,Learning Module 5,SK201,COURSE0201,PROJ0201,Complete Week 5 objectives,15
RM0946,ROLE040,60-Day,6,Day 36-42,Learning Module 6,SK241,COURSE0241,PROJ0241,Complete Week 6 objectives,15
RM0947,ROLE040,60-Day,7,Day 43-49,Learning Module 7,SK002,COURSE0281,PROJ0281,Complete Week 7 objectives,15
RM0948,ROLE040,60-Day,8,Day 50-56,Learning Module 8,SK042,COURSE0321,PROJ0321,Complete Week 8 objectives,15
RM0949,ROLE040,90-Day,1,Day 1-7,Learning Module 1,SK041,COURSE0041,PROJ0041,Complete Week 1 objectives,10
RM0950,ROLE040,90-Day,2,Day 8-14,Learning Module 2,SK081,COURSE0081,PROJ0081,Complete Week 2 objectives,10
RM0951,ROLE040,90-Day,3,Day 15-21,Learning Module 3,SK121,COURSE0121,PROJ0121,Complete Week 3 objectives,10
RM0952,ROLE040,90-Day,4,Day 22-28,Learning Module 4,SK161,COURSE0161,PROJ0161,Complete Week 4 objectives,10
RM0953,ROLE040,90-Day,5,Day 29-35,Learning Module 5,SK201,COURSE0201,PROJ0201,Complete Week 5 objectives,10
RM0954,ROLE040,90-Day,6,Day 36-42,Learning Module 6,SK241,COURSE0241,PROJ0241,Complete Week 6 objectives,10
RM0955,ROLE040,90-Day,7,Day 43-49,Learning Module 7,SK002,COURSE0281,PROJ0281,Complete Week 7 objectives,10
RM0956,ROLE040,90-Day,8,Day 50-56,Learning Module 8,SK042,COURSE0321,PROJ0321,Complete Week 8 objectives,10
RM0957,ROLE040,90-Day,9,Day 57-63,Learning Module 9,SK082,COURSE0361,PROJ0361,Complete Week 9 objectives,10
RM0958,ROLE040,90-Day,10,Day 64-70,Learning Module 10,SK122,COURSE0401,PROJ0001,Complete Week 10 objectives,10
RM0959,ROLE040,90-Day,11,Day 71-77,Learning Module 11,SK162,COURSE0441,PROJ0041,Complete Week 11 objectives,10
RM0960,ROLE040,90-Day,12,Day 78-84,Learning Module 12,SK202,COURSE0481,PROJ0081,Complete Week 12 objectives,10
RM0961,ROLE041,30-Day,1,Day 1-7,Learning Module 1,SK042,COURSE0042,PROJ0042,Complete Week 1 objectives,20
RM0962,ROLE041,30-Day,2,Day 8-14,Learning Module 2,SK083,COURSE0083,PROJ0083,Complete Week 2 objectives,20
RM0963,ROLE041,30-Day,3,Day 15-21,Learning Module 3,SK124,COURSE0124,PROJ0124,Complete Week 3 objectives,20
RM0964,ROLE041,30-Day,4,Day 22-28,Learning Module 4,SK165,COURSE0165,PROJ0165,Complete Week 4 objectives,20
RM0965,ROLE041,60-Day,1,Day 1-7,Learning Module 1,SK042,COURSE0042,PROJ0042,Complete Week 1 objectives,15
RM0966,ROLE041,60-Day,2,Day 8-14,Learning Module 2,SK083,COURSE0083,PROJ0083,Complete Week 2 objectives,15
RM0967,ROLE041,60-Day,3,Day 15-21,Learning Module 3,SK124,COURSE0124,PROJ0124,Complete Week 3 objectives,15
RM0968,ROLE041,60-Day,4,Day 22-28,Learning Module 4,SK165,COURSE0165,PROJ0165,Complete Week 4 objectives,15
RM0969,ROLE041,60-Day,5,Day 29-35,Learning Module 5,SK206,COURSE0206,PROJ0206,Complete Week 5 objectives,15
RM0970,ROLE041,60-Day,6,Day 36-42,Learning Module 6,SK247,COURSE0247,PROJ0247,Complete Week 6 objectives,15
RM0971,ROLE041,60-Day,7,Day 43-49,Learning Module 7,SK009,COURSE0288,PROJ0288,Complete Week 7 objectives,15
RM0972,ROLE041,60-Day,8,Day 50-56,Learning Module 8,SK050,COURSE0329,PROJ0329,Complete Week 8 objectives,15
RM0973,ROLE041,90-Day,1,Day 1-7,Learning Module 1,SK042,COURSE0042,PROJ0042,Complete Week 1 objectives,10
RM0974,ROLE041,90-Day,2,Day 8-14,Learning Module 2,SK083,COURSE0083,PROJ0083,Complete Week 2 objectives,10
RM0975,ROLE041,90-Day,3,Day 15-21,Learning Module 3,SK124,COURSE0124,PROJ0124,Complete Week 3 objectives,10
RM0976,ROLE041,90-Day,4,Day 22-28,Learning Module 4,SK165,COURSE0165,PROJ0165,Complete Week 4 objectives,10
RM0977,ROLE041,90-Day,5,Day 29-35,Learning Module 5,SK206,COURSE0206,PROJ0206,Complete Week 5 objectives,10
RM0978,ROLE041,90-Day,6,Day 36-42,Learning Module 6,SK247,COURSE0247,PROJ0247,Complete Week 6 objectives,10
RM0979,ROLE041,90-Day,7,Day 43-49,Learning Module 7,SK009,COURSE0288,PROJ0288,Complete Week 7 objectives,10
RM0980,ROLE041,90-Day,8,Day 50-56,Learning Module 8,SK050,COURSE0329,PROJ0329,Complete Week 8 objectives,10
RM0981,ROLE041,90-Day,9,Day 57-63,Learning Module 9,SK091,COURSE0370,PROJ0370,Complete Week 9 objectives,10
RM0982,ROLE041,90-Day,10,Day 64-70,Learning Module 10,SK132,COURSE0411,PROJ0011,Complete Week 10 objectives,10
RM0983,ROLE041,90-Day,11,Day 71-77,Learning Module 11,SK173,COURSE0452,PROJ0052,Complete Week 11 objectives,10
RM0984,ROLE041,90-Day,12,Day 78-84,Learning Module 12,SK214,COURSE0493,PROJ0093,Complete Week 12 objectives,10
RM0985,ROLE042,30-Day,1,Day 1-7,Learning Module 1,SK043,COURSE0043,PROJ0043,Complete Week 1 objectives,20
RM0986,ROLE042,30-Day,2,Day 8-14,Learning Module 2,SK085,COURSE0085,PROJ0085,Complete Week 2 objectives,20
RM0987,ROLE042,30-Day,3,Day 15-21,Learning Module 3,SK127,COURSE0127,PROJ0127,Complete Week 3 objectives,20
RM0988,ROLE042,30-Day,4,Day 22-28,Learning Module 4,SK169,COURSE0169,PROJ0169,Complete Week 4 objectives,20
RM0989,ROLE042,60-Day,1,Day 1-7,Learning Module 1,SK043,COURSE0043,PROJ0043,Complete Week 1 objectives,15
RM0990,ROLE042,60-Day,2,Day 8-14,Learning Module 2,SK085,COURSE0085,PROJ0085,Complete Week 2 objectives,15
RM0991,ROLE042,60-Day,3,Day 15-21,Learning Module 3,SK127,COURSE0127,PROJ0127,Complete Week 3 objectives,15
RM0992,ROLE042,60-Day,4,Day 22-28,Learning Module 4,SK169,COURSE0169,PROJ0169,Complete Week 4 objectives,15
RM0993,ROLE042,60-Day,5,Day 29-35,Learning Module 5,SK211,COURSE0211,PROJ0211,Complete Week 5 objectives,15
RM0994,ROLE042,60-Day,6,Day 36-42,Learning Module 6,SK253,COURSE0253,PROJ0253,Complete Week 6 objectives,15
RM0995,ROLE042,60-Day,7,Day 43-49,Learning Module 7,SK016,COURSE0295,PROJ0295,Complete Week 7 objectives,15
RM0996,ROLE042,60-Day,8,Day 50-56,Learning Module 8,SK058,COURSE0337,PROJ0337,Complete Week 8 objectives,15
RM0997,ROLE042,90-Day,1,Day 1-7,Learning Module 1,SK043,COURSE0043,PROJ0043,Complete Week 1 objectives,10
RM0998,ROLE042,90-Day,2,Day 8-14,Learning Module 2,SK085,COURSE0085,PROJ0085,Complete Week 2 objectives,10
RM0999,ROLE042,90-Day,3,Day 15-21,Learning Module 3,SK127,COURSE0127,PROJ0127,Complete Week 3 objectives,10
RM1000,ROLE042,90-Day,4,Day 22-28,Learning Module 4,SK169,COURSE0169,PROJ0169,Complete Week 4 objectives,10
RM1001,ROLE042,90-Day,5,Day 29-35,Learning Module 5,SK211,COURSE0211,PROJ0211,Complete Week 5 objectives,10
RM1002,ROLE042,90-Day,6,Day 36-42,Learning Module 6,SK253,COURSE0253,PROJ0253,Complete Week 6 objectives,10
RM1003,ROLE042,90-Day,7,Day 43-49,Learning Module 7,SK016,COURSE0295,PROJ0295,Complete Week 7 objectives,10
RM1004,ROLE042,90-Day,8,Day 50-56,Learning Module 8,SK058,COURSE0337,PROJ0337,Complete Week 8 objectives,10
RM1005,ROLE042,90-Day,9,Day 57-63,Learning Module 9,SK100,COURSE0379,PROJ0379,Complete Week 9 objectives,10
RM1006,ROLE042,90-Day,10,Day 64-70,Learning Module 10,SK142,COURSE0421,PROJ0021,Complete Week 10 objectives,10
RM1007,ROLE042,90-Day,11,Day 71-77,Learning Module 11,SK184,COURSE0463,PROJ0063,Complete Week 11 objectives,10
RM1008,ROLE042,90-Day,12,Day 78-84,Learning Module 12,SK226,COURSE0505,PROJ0105,Complete Week 12 objectives,10
RM1009,ROLE043,30-Day,1,Day 1-7,Learning Module 1,SK044,COURSE0044,PROJ0044,Complete Week 1 objectives,20
RM1010,ROLE043,30-Day,2,Day 8-14,Learning Module 2,SK087,COURSE0087,PROJ0087,Complete Week 2 objectives,20
RM1011,ROLE043,30-Day,3,Day 15-21,Learning Module 3,SK130,COURSE0130,PROJ0130,Complete Week 3 objectives,20
RM1012,ROLE043,30-Day,4,Day 22-28,Learning Module 4,SK173,COURSE0173,PROJ0173,Complete Week 4 objectives,20
RM1013,ROLE043,60-Day,1,Day 1-7,Learning Module 1,SK044,COURSE0044,PROJ0044,Complete Week 1 objectives,15
RM1014,ROLE043,60-Day,2,Day 8-14,Learning Module 2,SK087,COURSE0087,PROJ0087,Complete Week 2 objectives,15
RM1015,ROLE043,60-Day,3,Day 15-21,Learning Module 3,SK130,COURSE0130,PROJ0130,Complete Week 3 objectives,15
RM1016,ROLE043,60-Day,4,Day 22-28,Learning Module 4,SK173,COURSE0173,PROJ0173,Complete Week 4 objectives,15
RM1017,ROLE043,60-Day,5,Day 29-35,Learning Module 5,SK216,COURSE0216,PROJ0216,Complete Week 5 objectives,15
RM1018,ROLE043,60-Day,6,Day 36-42,Learning Module 6,SK259,COURSE0259,PROJ0259,Complete Week 6 objectives,15
RM1019,ROLE043,60-Day,7,Day 43-49,Learning Module 7,SK023,COURSE0302,PROJ0302,Complete Week 7 objectives,15
RM1020,ROLE043,60-Day,8,Day 50-56,Learning Module 8,SK066,COURSE0345,PROJ0345,Complete Week 8 objectives,15
RM1021,ROLE043,90-Day,1,Day 1-7,Learning Module 1,SK044,COURSE0044,PROJ0044,Complete Week 1 objectives,10
RM1022,ROLE043,90-Day,2,Day 8-14,Learning Module 2,SK087,COURSE0087,PROJ0087,Complete Week 2 objectives,10
RM1023,ROLE043,90-Day,3,Day 15-21,Learning Module 3,SK130,COURSE0130,PROJ0130,Complete Week 3 objectives,10
RM1024,ROLE043,90-Day,4,Day 22-28,Learning Module 4,SK173,COURSE0173,PROJ0173,Complete Week 4 objectives,10
RM1025,ROLE043,90-Day,5,Day 29-35,Learning Module 5,SK216,COURSE0216,PROJ0216,Complete Week 5 objectives,10
RM1026,ROLE043,90-Day,6,Day 36-42,Learning Module 6,SK259,COURSE0259,PROJ0259,Complete Week 6 objectives,10
RM1027,ROLE043,90-Day,7,Day 43-49,Learning Module 7,SK023,COURSE0302,PROJ0302,Complete Week 7 objectives,10
RM1028,ROLE043,90-Day,8,Day 50-56,Learning Module 8,SK066,COURSE0345,PROJ0345,Complete Week 8 objectives,10
RM1029,ROLE043,90-Day,9,Day 57-63,Learning Module 9,SK109,COURSE0388,PROJ0388,Complete Week 9 objectives,10
RM1030,ROLE043,90-Day,10,Day 64-70,Learning Module 10,SK152,COURSE0431,PROJ0031,Complete Week 10 objectives,10
RM1031,ROLE043,90-Day,11,Day 71-77,Learning Module 11,SK195,COURSE0474,PROJ0074,Complete Week 11 objectives,10
RM1032,ROLE043,90-Day,12,Day 78-84,Learning Module 12,SK238,COURSE0517,PROJ0117,Complete Week 12 objectives,10
RM1033,ROLE044,30-Day,1,Day 1-7,Learning Module 1,SK045,COURSE0045,PROJ0045,Complete Week 1 objectives,20
RM1034,ROLE044,30-Day,2,Day 8-14,Learning Module 2,SK089,COURSE0089,PROJ0089,Complete Week 2 objectives,20
RM1035,ROLE044,30-Day,3,Day 15-21,Learning Module 3,SK133,COURSE0133,PROJ0133,Complete Week 3 objectives,20
RM1036,ROLE044,30-Day,4,Day 22-28,Learning Module 4,SK177,COURSE0177,PROJ0177,Complete Week 4 objectives,20
RM1037,ROLE044,60-Day,1,Day 1-7,Learning Module 1,SK045,COURSE0045,PROJ0045,Complete Week 1 objectives,15
RM1038,ROLE044,60-Day,2,Day 8-14,Learning Module 2,SK089,COURSE0089,PROJ0089,Complete Week 2 objectives,15
RM1039,ROLE044,60-Day,3,Day 15-21,Learning Module 3,SK133,COURSE0133,PROJ0133,Complete Week 3 objectives,15
RM1040,ROLE044,60-Day,4,Day 22-28,Learning Module 4,SK177,COURSE0177,PROJ0177,Complete Week 4 objectives,15
RM1041,ROLE044,60-Day,5,Day 29-35,Learning Module 5,SK221,COURSE0221,PROJ0221,Complete Week 5 objectives,15
RM1042,ROLE044,60-Day,6,Day 36-42,Learning Module 6,SK265,COURSE0265,PROJ0265,Complete Week 6 objectives,15
RM1043,ROLE044,60-Day,7,Day 43-49,Learning Module 7,SK030,COURSE0309,PROJ0309,Complete Week 7 objectives,15
RM1044,ROLE044,60-Day,8,Day 50-56,Learning Module 8,SK074,COURSE0353,PROJ0353,Complete Week 8 objectives,15
RM1045,ROLE044,90-Day,1,Day 1-7,Learning Module 1,SK045,COURSE0045,PROJ0045,Complete Week 1 objectives,10
RM1046,ROLE044,90-Day,2,Day 8-14,Learning Module 2,SK089,COURSE0089,PROJ0089,Complete Week 2 objectives,10
RM1047,ROLE044,90-Day,3,Day 15-21,Learning Module 3,SK133,COURSE0133,PROJ0133,Complete Week 3 objectives,10
RM1048,ROLE044,90-Day,4,Day 22-28,Learning Module 4,SK177,COURSE0177,PROJ0177,Complete Week 4 objectives,10
RM1049,ROLE044,90-Day,5,Day 29-35,Learning Module 5,SK221,COURSE0221,PROJ0221,Complete Week 5 objectives,10
RM1050,ROLE044,90-Day,6,Day 36-42,Learning Module 6,SK265,COURSE0265,PROJ0265,Complete Week 6 objectives,10
RM1051,ROLE044,90-Day,7,Day 43-49,Learning Module 7,SK030,COURSE0309,PROJ0309,Complete Week 7 objectives,10
RM1052,ROLE044,90-Day,8,Day 50-56,Learning Module 8,SK074,COURSE0353,PROJ0353,Complete Week 8 objectives,10
RM1053,ROLE044,90-Day,9,Day 57-63,Learning Module 9,SK118,COURSE0397,PROJ0397,Complete Week 9 objectives,10
RM1054,ROLE044,90-Day,10,Day 64-70,Learning Module 10,SK162,COURSE0441,PROJ0041,Complete Week 10 objectives,10
RM1055,ROLE044,90-Day,11,Day 71-77,Learning Module 11,SK206,COURSE0485,PROJ0085,Complete Week 11 objectives,10
RM1056,ROLE044,90-Day,12,Day 78-84,Learning Module 12,SK250,COURSE0529,PROJ0129,Complete Week 12 objectives,10
RM1057,ROLE045,30-Day,1,Day 1-7,Learning Module 1,SK046,COURSE0046,PROJ0046,Complete Week 1 objectives,20
RM1058,ROLE045,30-Day,2,Day 8-14,Learning Module 2,SK091,COURSE0091,PROJ0091,Complete Week 2 objectives,20
RM1059,ROLE045,30-Day,3,Day 15-21,Learning Module 3,SK136,COURSE0136,PROJ0136,Complete Week 3 objectives,20
RM1060,ROLE045,30-Day,4,Day 22-28,Learning Module 4,SK181,COURSE0181,PROJ0181,Complete Week 4 objectives,20
RM1061,ROLE045,60-Day,1,Day 1-7,Learning Module 1,SK046,COURSE0046,PROJ0046,Complete Week 1 objectives,15
RM1062,ROLE045,60-Day,2,Day 8-14,Learning Module 2,SK091,COURSE0091,PROJ0091,Complete Week 2 objectives,15
RM1063,ROLE045,60-Day,3,Day 15-21,Learning Module 3,SK136,COURSE0136,PROJ0136,Complete Week 3 objectives,15
RM1064,ROLE045,60-Day,4,Day 22-28,Learning Module 4,SK181,COURSE0181,PROJ0181,Complete Week 4 objectives,15
RM1065,ROLE045,60-Day,5,Day 29-35,Learning Module 5,SK226,COURSE0226,PROJ0226,Complete Week 5 objectives,15
RM1066,ROLE045,60-Day,6,Day 36-42,Learning Module 6,SK271,COURSE0271,PROJ0271,Complete Week 6 objectives,15
RM1067,ROLE045,60-Day,7,Day 43-49,Learning Module 7,SK037,COURSE0316,PROJ0316,Complete Week 7 objectives,15
RM1068,ROLE045,60-Day,8,Day 50-56,Learning Module 8,SK082,COURSE0361,PROJ0361,Complete Week 8 objectives,15
RM1069,ROLE045,90-Day,1,Day 1-7,Learning Module 1,SK046,COURSE0046,PROJ0046,Complete Week 1 objectives,10
RM1070,ROLE045,90-Day,2,Day 8-14,Learning Module 2,SK091,COURSE0091,PROJ0091,Complete Week 2 objectives,10
RM1071,ROLE045,90-Day,3,Day 15-21,Learning Module 3,SK136,COURSE0136,PROJ0136,Complete Week 3 objectives,10
RM1072,ROLE045,90-Day,4,Day 22-28,Learning Module 4,SK181,COURSE0181,PROJ0181,Complete Week 4 objectives,10
RM1073,ROLE045,90-Day,5,Day 29-35,Learning Module 5,SK226,COURSE0226,PROJ0226,Complete Week 5 objectives,10
RM1074,ROLE045,90-Day,6,Day 36-42,Learning Module 6,SK271,COURSE0271,PROJ0271,Complete Week 6 objectives,10
RM1075,ROLE045,90-Day,7,Day 43-49,Learning Module 7,SK037,COURSE0316,PROJ0316,Complete Week 7 objectives,10
RM1076,ROLE045,90-Day,8,Day 50-56,Learning Module 8,SK082,COURSE0361,PROJ0361,Complete Week 8 objectives,10
RM1077,ROLE045,90-Day,9,Day 57-63,Learning Module 9,SK127,COURSE0406,PROJ0006,Complete Week 9 objectives,10
RM1078,ROLE045,90-Day,10,Day 64-70,Learning Module 10,SK172,COURSE0451,PROJ0051,Complete Week 10 objectives,10
RM1079,ROLE045,90-Day,11,Day 71-77,Learning Module 11,SK217,COURSE0496,PROJ0096,Complete Week 11 objectives,10
RM1080,ROLE045,90-Day,12,Day 78-84,Learning Module 12,SK262,COURSE0541,PROJ0141,Complete Week 12 objectives,10
RM1081,ROLE046,30-Day,1,Day 1-7,Learning Module 1,SK047,COURSE0047,PROJ0047,Complete Week 1 objectives,20
RM1082,ROLE046,30-Day,2,Day 8-14,Learning Module 2,SK093,COURSE0093,PROJ0093,Complete Week 2 objectives,20
RM1083,ROLE046,30-Day,3,Day 15-21,Learning Module 3,SK139,COURSE0139,PROJ0139,Complete Week 3 objectives,20
RM1084,ROLE046,30-Day,4,Day 22-28,Learning Module 4,SK185,COURSE0185,PROJ0185,Complete Week 4 objectives,20
RM1085,ROLE046,60-Day,1,Day 1-7,Learning Module 1,SK047,COURSE0047,PROJ0047,Complete Week 1 objectives,15
RM1086,ROLE046,60-Day,2,Day 8-14,Learning Module 2,SK093,COURSE0093,PROJ0093,Complete Week 2 objectives,15
RM1087,ROLE046,60-Day,3,Day 15-21,Learning Module 3,SK139,COURSE0139,PROJ0139,Complete Week 3 objectives,15
RM1088,ROLE046,60-Day,4,Day 22-28,Learning Module 4,SK185,COURSE0185,PROJ0185,Complete Week 4 objectives,15
RM1089,ROLE046,60-Day,5,Day 29-35,Learning Module 5,SK231,COURSE0231,PROJ0231,Complete Week 5 objectives,15
RM1090,ROLE046,60-Day,6,Day 36-42,Learning Module 6,SK277,COURSE0277,PROJ0277,Complete Week 6 objectives,15
RM1091,ROLE046,60-Day,7,Day 43-49,Learning Module 7,SK044,COURSE0323,PROJ0323,Complete Week 7 objectives,15
RM1092,ROLE046,60-Day,8,Day 50-56,Learning Module 8,SK090,COURSE0369,PROJ0369,Complete Week 8 objectives,15
RM1093,ROLE046,90-Day,1,Day 1-7,Learning Module 1,SK047,COURSE0047,PROJ0047,Complete Week 1 objectives,10
RM1094,ROLE046,90-Day,2,Day 8-14,Learning Module 2,SK093,COURSE0093,PROJ0093,Complete Week 2 objectives,10
RM1095,ROLE046,90-Day,3,Day 15-21,Learning Module 3,SK139,COURSE0139,PROJ0139,Complete Week 3 objectives,10
RM1096,ROLE046,90-Day,4,Day 22-28,Learning Module 4,SK185,COURSE0185,PROJ0185,Complete Week 4 objectives,10
RM1097,ROLE046,90-Day,5,Day 29-35,Learning Module 5,SK231,COURSE0231,PROJ0231,Complete Week 5 objectives,10
RM1098,ROLE046,90-Day,6,Day 36-42,Learning Module 6,SK277,COURSE0277,PROJ0277,Complete Week 6 objectives,10
RM1099,ROLE046,90-Day,7,Day 43-49,Learning Module 7,SK044,COURSE0323,PROJ0323,Complete Week 7 objectives,10
RM1100,ROLE046,90-Day,8,Day 50-56,Learning Module 8,SK090,COURSE0369,PROJ0369,Complete Week 8 objectives,10
RM1101,ROLE046,90-Day,9,Day 57-63,Learning Module 9,SK136,COURSE0415,PROJ0015,Complete Week 9 objectives,10
RM1102,ROLE046,90-Day,10,Day 64-70,Learning Module 10,SK182,COURSE0461,PROJ0061,Complete Week 10 objectives,10
RM1103,ROLE046,90-Day,11,Day 71-77,Learning Module 11,SK228,COURSE0507,PROJ0107,Complete Week 11 objectives,10
RM1104,ROLE046,90-Day,12,Day 78-84,Learning Module 12,SK274,COURSE0553,PROJ0153,Complete Week 12 objectives,10
RM1105,ROLE047,30-Day,1,Day 1-7,Learning Module 1,SK048,COURSE0048,PROJ0048,Complete Week 1 objectives,20
RM1106,ROLE047,30-Day,2,Day 8-14,Learning Module 2,SK095,COURSE0095,PROJ0095,Complete Week 2 objectives,20
RM1107,ROLE047,30-Day,3,Day 15-21,Learning Module 3,SK142,COURSE0142,PROJ0142,Complete Week 3 objectives,20
RM1108,ROLE047,30-Day,4,Day 22-28,Learning Module 4,SK189,COURSE0189,PROJ0189,Complete Week 4 objectives,20
RM1109,ROLE047,60-Day,1,Day 1-7,Learning Module 1,SK048,COURSE0048,PROJ0048,Complete Week 1 objectives,15
RM1110,ROLE047,60-Day,2,Day 8-14,Learning Module 2,SK095,COURSE0095,PROJ0095,Complete Week 2 objectives,15
RM1111,ROLE047,60-Day,3,Day 15-21,Learning Module 3,SK142,COURSE0142,PROJ0142,Complete Week 3 objectives,15
RM1112,ROLE047,60-Day,4,Day 22-28,Learning Module 4,SK189,COURSE0189,PROJ0189,Complete Week 4 objectives,15
RM1113,ROLE047,60-Day,5,Day 29-35,Learning Module 5,SK236,COURSE0236,PROJ0236,Complete Week 5 objectives,15
RM1114,ROLE047,60-Day,6,Day 36-42,Learning Module 6,SK004,COURSE0283,PROJ0283,Complete Week 6 objectives,15
RM1115,ROLE047,60-Day,7,Day 43-49,Learning Module 7,SK051,COURSE0330,PROJ0330,Complete Week 7 objectives,15
RM1116,ROLE047,60-Day,8,Day 50-56,Learning Module 8,SK098,COURSE0377,PROJ0377,Complete Week 8 objectives,15
RM1117,ROLE047,90-Day,1,Day 1-7,Learning Module 1,SK048,COURSE0048,PROJ0048,Complete Week 1 objectives,10
RM1118,ROLE047,90-Day,2,Day 8-14,Learning Module 2,SK095,COURSE0095,PROJ0095,Complete Week 2 objectives,10
RM1119,ROLE047,90-Day,3,Day 15-21,Learning Module 3,SK142,COURSE0142,PROJ0142,Complete Week 3 objectives,10
RM1120,ROLE047,90-Day,4,Day 22-28,Learning Module 4,SK189,COURSE0189,PROJ0189,Complete Week 4 objectives,10
RM1121,ROLE047,90-Day,5,Day 29-35,Learning Module 5,SK236,COURSE0236,PROJ0236,Complete Week 5 objectives,10
RM1122,ROLE047,90-Day,6,Day 36-42,Learning Module 6,SK004,COURSE0283,PROJ0283,Complete Week 6 objectives,10
RM1123,ROLE047,90-Day,7,Day 43-49,Learning Module 7,SK051,COURSE0330,PROJ0330,Complete Week 7 objectives,10
RM1124,ROLE047,90-Day,8,Day 50-56,Learning Module 8,SK098,COURSE0377,PROJ0377,Complete Week 8 objectives,10
RM1125,ROLE047,90-Day,9,Day 57-63,Learning Module 9,SK145,COURSE0424,PROJ0024,Complete Week 9 objectives,10
RM1126,ROLE047,90-Day,10,Day 64-70,Learning Module 10,SK192,COURSE0471,PROJ0071,Complete Week 10 objectives,10
RM1127,ROLE047,90-Day,11,Day 71-77,Learning Module 11,SK239,COURSE0518,PROJ0118,Complete Week 11 objectives,10
RM1128,ROLE047,90-Day,12,Day 78-84,Learning Module 12,SK007,COURSE0007,PROJ0165,Complete Week 12 objectives,10
RM1129,ROLE048,30-Day,1,Day 1-7,Learning Module 1,SK049,COURSE0049,PROJ0049,Complete Week 1 objectives,20
RM1130,ROLE048,30-Day,2,Day 8-14,Learning Module 2,SK097,COURSE0097,PROJ0097,Complete Week 2 objectives,20
RM1131,ROLE048,30-Day,3,Day 15-21,Learning Module 3,SK145,COURSE0145,PROJ0145,Complete Week 3 objectives,20
RM1132,ROLE048,30-Day,4,Day 22-28,Learning Module 4,SK193,COURSE0193,PROJ0193,Complete Week 4 objectives,20
RM1133,ROLE048,60-Day,1,Day 1-7,Learning Module 1,SK049,COURSE0049,PROJ0049,Complete Week 1 objectives,15
RM1134,ROLE048,60-Day,2,Day 8-14,Learning Module 2,SK097,COURSE0097,PROJ0097,Complete Week 2 objectives,15
RM1135,ROLE048,60-Day,3,Day 15-21,Learning Module 3,SK145,COURSE0145,PROJ0145,Complete Week 3 objectives,15
RM1136,ROLE048,60-Day,4,Day 22-28,Learning Module 4,SK193,COURSE0193,PROJ0193,Complete Week 4 objectives,15
RM1137,ROLE048,60-Day,5,Day 29-35,Learning Module 5,SK241,COURSE0241,PROJ0241,Complete Week 5 objectives,15
RM1138,ROLE048,60-Day,6,Day 36-42,Learning Module 6,SK010,COURSE0289,PROJ0289,Complete Week 6 objectives,15
RM1139,ROLE048,60-Day,7,Day 43-49,Learning Module 7,SK058,COURSE0337,PROJ0337,Complete Week 7 objectives,15
RM1140,ROLE048,60-Day,8,Day 50-56,Learning Module 8,SK106,COURSE0385,PROJ0385,Complete Week 8 objectives,15
RM1141,ROLE048,90-Day,1,Day 1-7,Learning Module 1,SK049,COURSE0049,PROJ0049,Complete Week 1 objectives,10
RM1142,ROLE048,90-Day,2,Day 8-14,Learning Module 2,SK097,COURSE0097,PROJ0097,Complete Week 2 objectives,10
RM1143,ROLE048,90-Day,3,Day 15-21,Learning Module 3,SK145,COURSE0145,PROJ0145,Complete Week 3 objectives,10
RM1144,ROLE048,90-Day,4,Day 22-28,Learning Module 4,SK193,COURSE0193,PROJ0193,Complete Week 4 objectives,10
RM1145,ROLE048,90-Day,5,Day 29-35,Learning Module 5,SK241,COURSE0241,PROJ0241,Complete Week 5 objectives,10
RM1146,ROLE048,90-Day,6,Day 36-42,Learning Module 6,SK010,COURSE0289,PROJ0289,Complete Week 6 objectives,10
RM1147,ROLE048,90-Day,7,Day 43-49,Learning Module 7,SK058,COURSE0337,PROJ0337,Complete Week 7 objectives,10
RM1148,ROLE048,90-Day,8,Day 50-56,Learning Module 8,SK106,COURSE0385,PROJ0385,Complete Week 8 objectives,10
RM1149,ROLE048,90-Day,9,Day 57-63,Learning Module 9,SK154,COURSE0433,PROJ0033,Complete Week 9 objectives,10
RM1150,ROLE048,90-Day,10,Day 64-70,Learning Module 10,SK202,COURSE0481,PROJ0081,Complete Week 10 objectives,10
RM1151,ROLE048,90-Day,11,Day 71-77,Learning Module 11,SK250,COURSE0529,PROJ0129,Complete Week 11 objectives,10
RM1152,ROLE048,90-Day,12,Day 78-84,Learning Module 12,SK019,COURSE0019,PROJ0177,Complete Week 12 objectives,10
RM1153,ROLE049,30-Day,1,Day 1-7,Learning Module 1,SK050,COURSE0050,PROJ0050,Complete Week 1 objectives,20
RM1154,ROLE049,30-Day,2,Day 8-14,Learning Module 2,SK099,COURSE0099,PROJ0099,Complete Week 2 objectives,20
RM1155,ROLE049,30-Day,3,Day 15-21,Learning Module 3,SK148,COURSE0148,PROJ0148,Complete Week 3 objectives,20
RM1156,ROLE049,30-Day,4,Day 22-28,Learning Module 4,SK197,COURSE0197,PROJ0197,Complete Week 4 objectives,20
RM1157,ROLE049,60-Day,1,Day 1-7,Learning Module 1,SK050,COURSE0050,PROJ0050,Complete Week 1 objectives,15
RM1158,ROLE049,60-Day,2,Day 8-14,Learning Module 2,SK099,COURSE0099,PROJ0099,Complete Week 2 objectives,15
RM1159,ROLE049,60-Day,3,Day 15-21,Learning Module 3,SK148,COURSE0148,PROJ0148,Complete Week 3 objectives,15
RM1160,ROLE049,60-Day,4,Day 22-28,Learning Module 4,SK197,COURSE0197,PROJ0197,Complete Week 4 objectives,15
RM1161,ROLE049,60-Day,5,Day 29-35,Learning Module 5,SK246,COURSE0246,PROJ0246,Complete Week 5 objectives,15
RM1162,ROLE049,60-Day,6,Day 36-42,Learning Module 6,SK016,COURSE0295,PROJ0295,Complete Week 6 objectives,15
RM1163,ROLE049,60-Day,7,Day 43-49,Learning Module 7,SK065,COURSE0344,PROJ0344,Complete Week 7 objectives,15
RM1164,ROLE049,60-Day,8,Day 50-56,Learning Module 8,SK114,COURSE0393,PROJ0393,Complete Week 8 objectives,15
RM1165,ROLE049,90-Day,1,Day 1-7,Learning Module 1,SK050,COURSE0050,PROJ0050,Complete Week 1 objectives,10
RM1166,ROLE049,90-Day,2,Day 8-14,Learning Module 2,SK099,COURSE0099,PROJ0099,Complete Week 2 objectives,10
RM1167,ROLE049,90-Day,3,Day 15-21,Learning Module 3,SK148,COURSE0148,PROJ0148,Complete Week 3 objectives,10
RM1168,ROLE049,90-Day,4,Day 22-28,Learning Module 4,SK197,COURSE0197,PROJ0197,Complete Week 4 objectives,10
RM1169,ROLE049,90-Day,5,Day 29-35,Learning Module 5,SK246,COURSE0246,PROJ0246,Complete Week 5 objectives,10
RM1170,ROLE049,90-Day,6,Day 36-42,Learning Module 6,SK016,COURSE0295,PROJ0295,Complete Week 6 objectives,10
RM1171,ROLE049,90-Day,7,Day 43-49,Learning Module 7,SK065,COURSE0344,PROJ0344,Complete Week 7 objectives,10
RM1172,ROLE049,90-Day,8,Day 50-56,Learning Module 8,SK114,COURSE0393,PROJ0393,Complete Week 8 objectives,10
RM1173,ROLE049,90-Day,9,Day 57-63,Learning Module 9,SK163,COURSE0442,PROJ0042,Complete Week 9 objectives,10
RM1174,ROLE049,90-Day,10,Day 64-70,Learning Module 10,SK212,COURSE0491,PROJ0091,Complete Week 10 objectives,10
RM1175,ROLE049,90-Day,11,Day 71-77,Learning Module 11,SK261,COURSE0540,PROJ0140,Complete Week 11 objectives,10
RM1176,ROLE049,90-Day,12,Day 78-84,Learning Module 12,SK031,COURSE0031,PROJ0189,Complete Week 12 objectives,10
RM1177,ROLE050,30-Day,1,Day 1-7,Learning Module 1,SK051,COURSE0051,PROJ0051,Complete Week 1 objectives,20
RM1178,ROLE050,30-Day,2,Day 8-14,Learning Module 2,SK101,COURSE0101,PROJ0101,Complete Week 2 objectives,20
RM1179,ROLE050,30-Day,3,Day 15-21,Learning Module 3,SK151,COURSE0151,PROJ0151,Complete Week 3 objectives,20
RM1180,ROLE050,30-Day,4,Day 22-28,Learning Module 4,SK201,COURSE0201,PROJ0201,Complete Week 4 objectives,20
RM1181,ROLE050,60-Day,1,Day 1-7,Learning Module 1,SK051,COURSE0051,PROJ0051,Complete Week 1 objectives,15
RM1182,ROLE050,60-Day,2,Day 8-14,Learning Module 2,SK101,COURSE0101,PROJ0101,Complete Week 2 objectives,15
RM1183,ROLE050,60-Day,3,Day 15-21,Learning Module 3,SK151,COURSE0151,PROJ0151,Complete Week 3 objectives,15
RM1184,ROLE050,60-Day,4,Day 22-28,Learning Module 4,SK201,COURSE0201,PROJ0201,Complete Week 4 objectives,15
RM1185,ROLE050,60-Day,5,Day 29-35,Learning Module 5,SK251,COURSE0251,PROJ0251,Complete Week 5 objectives,15
RM1186,ROLE050,60-Day,6,Day 36-42,Learning Module 6,SK022,COURSE0301,PROJ0301,Complete Week 6 objectives,15
RM1187,ROLE050,60-Day,7,Day 43-49,Learning Module 7,SK072,COURSE0351,PROJ0351,Complete Week 7 objectives,15
RM1188,ROLE050,60-Day,8,Day 50-56,Learning Module 8,SK122,COURSE0401,PROJ0001,Complete Week 8 objectives,15
RM1189,ROLE050,90-Day,1,Day 1-7,Learning Module 1,SK051,COURSE0051,PROJ0051,Complete Week 1 objectives,10
RM1190,ROLE050,90-Day,2,Day 8-14,Learning Module 2,SK101,COURSE0101,PROJ0101,Complete Week 2 objectives,10
RM1191,ROLE050,90-Day,3,Day 15-21,Learning Module 3,SK151,COURSE0151,PROJ0151,Complete Week 3 objectives,10
RM1192,ROLE050,90-Day,4,Day 22-28,Learning Module 4,SK201,COURSE0201,PROJ0201,Complete Week 4 objectives,10
RM1193,ROLE050,90-Day,5,Day 29-35,Learning Module 5,SK251,COURSE0251,PROJ0251,Complete Week 5 objectives,10
RM1194,ROLE050,90-Day,6,Day 36-42,Learning Module 6,SK022,COURSE0301,PROJ0301,Complete Week 6 objectives,10
RM1195,ROLE050,90-Day,7,Day 43-49,Learning Module 7,SK072,COURSE0351,PROJ0351,Complete Week 7 objectives,10
RM1196,ROLE050,90-Day,8,Day 50-56,Learning Module 8,SK122,COURSE0401,PROJ0001,Complete Week 8 objectives,10
RM1197,ROLE050,90-Day,9,Day 57-63,Learning Module 9,SK172,COURSE0451,PROJ0051,Complete Week 9 objectives,10
RM1198,ROLE050,90-Day,10,Day 64-70,Learning Module 10,SK222,COURSE0501,PROJ0101,Complete Week 10 objectives,10
RM1199,ROLE050,90-Day,11,Day 71-77,Learning Module 11,SK272,COURSE0551,PROJ0151,Complete Week 11 objectives,10
RM1200,ROLE050,90-Day,12,Day 78-84,Learning Module 12,SK043,COURSE0043,PROJ0201,Complete Week 12 objectives,10
RM1201,ROLE051,30-Day,1,Day 1-7,Learning Module 1,SK052,COURSE0052,PROJ0052,Complete Week 1 objectives,20
RM1202,ROLE051,30-Day,2,Day 8-14,Learning Module 2,SK103,COURSE0103,PROJ0103,Complete Week 2 objectives,20
RM1203,ROLE051,30-Day,3,Day 15-21,Learning Module 3,SK154,COURSE0154,PROJ0154,Complete Week 3 objectives,20
RM1204,ROLE051,30-Day,4,Day 22-28,Learning Module 4,SK205,COURSE0205,PROJ0205,Complete Week 4 objectives,20
RM1205,ROLE051,60-Day,1,Day 1-7,Learning Module 1,SK052,COURSE0052,PROJ0052,Complete Week 1 objectives,15
RM1206,ROLE051,60-Day,2,Day 8-14,Learning Module 2,SK103,COURSE0103,PROJ0103,Complete Week 2 objectives,15
RM1207,ROLE051,60-Day,3,Day 15-21,Learning Module 3,SK154,COURSE0154,PROJ0154,Complete Week 3 objectives,15
RM1208,ROLE051,60-Day,4,Day 22-28,Learning Module 4,SK205,COURSE0205,PROJ0205,Complete Week 4 objectives,15
RM1209,ROLE051,60-Day,5,Day 29-35,Learning Module 5,SK256,COURSE0256,PROJ0256,Complete Week 5 objectives,15
RM1210,ROLE051,60-Day,6,Day 36-42,Learning Module 6,SK028,COURSE0307,PROJ0307,Complete Week 6 objectives,15
RM1211,ROLE051,60-Day,7,Day 43-49,Learning Module 7,SK079,COURSE0358,PROJ0358,Complete Week 7 objectives,15
RM1212,ROLE051,60-Day,8,Day 50-56,Learning Module 8,SK130,COURSE0409,PROJ0009,Complete Week 8 objectives,15
RM1213,ROLE051,90-Day,1,Day 1-7,Learning Module 1,SK052,COURSE0052,PROJ0052,Complete Week 1 objectives,10
RM1214,ROLE051,90-Day,2,Day 8-14,Learning Module 2,SK103,COURSE0103,PROJ0103,Complete Week 2 objectives,10
RM1215,ROLE051,90-Day,3,Day 15-21,Learning Module 3,SK154,COURSE0154,PROJ0154,Complete Week 3 objectives,10
RM1216,ROLE051,90-Day,4,Day 22-28,Learning Module 4,SK205,COURSE0205,PROJ0205,Complete Week 4 objectives,10
RM1217,ROLE051,90-Day,5,Day 29-35,Learning Module 5,SK256,COURSE0256,PROJ0256,Complete Week 5 objectives,10
RM1218,ROLE051,90-Day,6,Day 36-42,Learning Module 6,SK028,COURSE0307,PROJ0307,Complete Week 6 objectives,10
RM1219,ROLE051,90-Day,7,Day 43-49,Learning Module 7,SK079,COURSE0358,PROJ0358,Complete Week 7 objectives,10
RM1220,ROLE051,90-Day,8,Day 50-56,Learning Module 8,SK130,COURSE0409,PROJ0009,Complete Week 8 objectives,10
RM1221,ROLE051,90-Day,9,Day 57-63,Learning Module 9,SK181,COURSE0460,PROJ0060,Complete Week 9 objectives,10
RM1222,ROLE051,90-Day,10,Day 64-70,Learning Module 10,SK232,COURSE0511,PROJ0111,Complete Week 10 objectives,10
RM1223,ROLE051,90-Day,11,Day 71-77,Learning Module 11,SK004,COURSE0004,PROJ0162,Complete Week 11 objectives,10
RM1224,ROLE051,90-Day,12,Day 78-84,Learning Module 12,SK055,COURSE0055,PROJ0213,Complete Week 12 objectives,10
RM1225,ROLE052,30-Day,1,Day 1-7,Learning Module 1,SK053,COURSE0053,PROJ0053,Complete Week 1 objectives,20
RM1226,ROLE052,30-Day,2,Day 8-14,Learning Module 2,SK105,COURSE0105,PROJ0105,Complete Week 2 objectives,20
RM1227,ROLE052,30-Day,3,Day 15-21,Learning Module 3,SK157,COURSE0157,PROJ0157,Complete Week 3 objectives,20
RM1228,ROLE052,30-Day,4,Day 22-28,Learning Module 4,SK209,COURSE0209,PROJ0209,Complete Week 4 objectives,20
RM1229,ROLE052,60-Day,1,Day 1-7,Learning Module 1,SK053,COURSE0053,PROJ0053,Complete Week 1 objectives,15
RM1230,ROLE052,60-Day,2,Day 8-14,Learning Module 2,SK105,COURSE0105,PROJ0105,Complete Week 2 objectives,15
RM1231,ROLE052,60-Day,3,Day 15-21,Learning Module 3,SK157,COURSE0157,PROJ0157,Complete Week 3 objectives,15
RM1232,ROLE052,60-Day,4,Day 22-28,Learning Module 4,SK209,COURSE0209,PROJ0209,Complete Week 4 objectives,15
RM1233,ROLE052,60-Day,5,Day 29-35,Learning Module 5,SK261,COURSE0261,PROJ0261,Complete Week 5 objectives,15
RM1234,ROLE052,60-Day,6,Day 36-42,Learning Module 6,SK034,COURSE0313,PROJ0313,Complete Week 6 objectives,15
RM1235,ROLE052,60-Day,7,Day 43-49,Learning Module 7,SK086,COURSE0365,PROJ0365,Complete Week 7 objectives,15
RM1236,ROLE052,60-Day,8,Day 50-56,Learning Module 8,SK138,COURSE0417,PROJ0017,Complete Week 8 objectives,15
RM1237,ROLE052,90-Day,1,Day 1-7,Learning Module 1,SK053,COURSE0053,PROJ0053,Complete Week 1 objectives,10
RM1238,ROLE052,90-Day,2,Day 8-14,Learning Module 2,SK105,COURSE0105,PROJ0105,Complete Week 2 objectives,10
RM1239,ROLE052,90-Day,3,Day 15-21,Learning Module 3,SK157,COURSE0157,PROJ0157,Complete Week 3 objectives,10
RM1240,ROLE052,90-Day,4,Day 22-28,Learning Module 4,SK209,COURSE0209,PROJ0209,Complete Week 4 objectives,10
RM1241,ROLE052,90-Day,5,Day 29-35,Learning Module 5,SK261,COURSE0261,PROJ0261,Complete Week 5 objectives,10
RM1242,ROLE052,90-Day,6,Day 36-42,Learning Module 6,SK034,COURSE0313,PROJ0313,Complete Week 6 objectives,10
RM1243,ROLE052,90-Day,7,Day 43-49,Learning Module 7,SK086,COURSE0365,PROJ0365,Complete Week 7 objectives,10
RM1244,ROLE052,90-Day,8,Day 50-56,Learning Module 8,SK138,COURSE0417,PROJ0017,Complete Week 8 objectives,10
RM1245,ROLE052,90-Day,9,Day 57-63,Learning Module 9,SK190,COURSE0469,PROJ0069,Complete Week 9 objectives,10
RM1246,ROLE052,90-Day,10,Day 64-70,Learning Module 10,SK242,COURSE0521,PROJ0121,Complete Week 10 objectives,10
RM1247,ROLE052,90-Day,11,Day 71-77,Learning Module 11,SK015,COURSE0015,PROJ0173,Complete Week 11 objectives,10
RM1248,ROLE052,90-Day,12,Day 78-84,Learning Module 12,SK067,COURSE0067,PROJ0225,Complete Week 12 objectives,10
RM1249,ROLE053,30-Day,1,Day 1-7,Learning Module 1,SK054,COURSE0054,PROJ0054,Complete Week 1 objectives,20
RM1250,ROLE053,30-Day,2,Day 8-14,Learning Module 2,SK107,COURSE0107,PROJ0107,Complete Week 2 objectives,20
RM1251,ROLE053,30-Day,3,Day 15-21,Learning Module 3,SK160,COURSE0160,PROJ0160,Complete Week 3 objectives,20
RM1252,ROLE053,30-Day,4,Day 22-28,Learning Module 4,SK213,COURSE0213,PROJ0213,Complete Week 4 objectives,20
RM1253,ROLE053,60-Day,1,Day 1-7,Learning Module 1,SK054,COURSE0054,PROJ0054,Complete Week 1 objectives,15
RM1254,ROLE053,60-Day,2,Day 8-14,Learning Module 2,SK107,COURSE0107,PROJ0107,Complete Week 2 objectives,15
RM1255,ROLE053,60-Day,3,Day 15-21,Learning Module 3,SK160,COURSE0160,PROJ0160,Complete Week 3 objectives,15
RM1256,ROLE053,60-Day,4,Day 22-28,Learning Module 4,SK213,COURSE0213,PROJ0213,Complete Week 4 objectives,15
RM1257,ROLE053,60-Day,5,Day 29-35,Learning Module 5,SK266,COURSE0266,PROJ0266,Complete Week 5 objectives,15
RM1258,ROLE053,60-Day,6,Day 36-42,Learning Module 6,SK040,COURSE0319,PROJ0319,Complete Week 6 objectives,15
RM1259,ROLE053,60-Day,7,Day 43-49,Learning Module 7,SK093,COURSE0372,PROJ0372,Complete Week 7 objectives,15
RM1260,ROLE053,60-Day,8,Day 50-56,Learning Module 8,SK146,COURSE0425,PROJ0025,Complete Week 8 objectives,15
RM1261,ROLE053,90-Day,1,Day 1-7,Learning Module 1,SK054,COURSE0054,PROJ0054,Complete Week 1 objectives,10
RM1262,ROLE053,90-Day,2,Day 8-14,Learning Module 2,SK107,COURSE0107,PROJ0107,Complete Week 2 objectives,10
RM1263,ROLE053,90-Day,3,Day 15-21,Learning Module 3,SK160,COURSE0160,PROJ0160,Complete Week 3 objectives,10
RM1264,ROLE053,90-Day,4,Day 22-28,Learning Module 4,SK213,COURSE0213,PROJ0213,Complete Week 4 objectives,10
RM1265,ROLE053,90-Day,5,Day 29-35,Learning Module 5,SK266,COURSE0266,PROJ0266,Complete Week 5 objectives,10
RM1266,ROLE053,90-Day,6,Day 36-42,Learning Module 6,SK040,COURSE0319,PROJ0319,Complete Week 6 objectives,10
RM1267,ROLE053,90-Day,7,Day 43-49,Learning Module 7,SK093,COURSE0372,PROJ0372,Complete Week 7 objectives,10
RM1268,ROLE053,90-Day,8,Day 50-56,Learning Module 8,SK146,COURSE0425,PROJ0025,Complete Week 8 objectives,10
RM1269,ROLE053,90-Day,9,Day 57-63,Learning Module 9,SK199,COURSE0478,PROJ0078,Complete Week 9 objectives,10
RM1270,ROLE053,90-Day,10,Day 64-70,Learning Module 10,SK252,COURSE0531,PROJ0131,Complete Week 10 objectives,10
RM1271,ROLE053,90-Day,11,Day 71-77,Learning Module 11,SK026,COURSE0026,PROJ0184,Complete Week 11 objectives,10
RM1272,ROLE053,90-Day,12,Day 78-84,Learning Module 12,SK079,COURSE0079,PROJ0237,Complete Week 12 objectives,10
RM1273,ROLE054,30-Day,1,Day 1-7,Learning Module 1,SK055,COURSE0055,PROJ0055,Complete Week 1 objectives,20
RM1274,ROLE054,30-Day,2,Day 8-14,Learning Module 2,SK109,COURSE0109,PROJ0109,Complete Week 2 objectives,20
RM1275,ROLE054,30-Day,3,Day 15-21,Learning Module 3,SK163,COURSE0163,PROJ0163,Complete Week 3 objectives,20
RM1276,ROLE054,30-Day,4,Day 22-28,Learning Module 4,SK217,COURSE0217,PROJ0217,Complete Week 4 objectives,20
RM1277,ROLE054,60-Day,1,Day 1-7,Learning Module 1,SK055,COURSE0055,PROJ0055,Complete Week 1 objectives,15
RM1278,ROLE054,60-Day,2,Day 8-14,Learning Module 2,SK109,COURSE0109,PROJ0109,Complete Week 2 objectives,15
RM1279,ROLE054,60-Day,3,Day 15-21,Learning Module 3,SK163,COURSE0163,PROJ0163,Complete Week 3 objectives,15
RM1280,ROLE054,60-Day,4,Day 22-28,Learning Module 4,SK217,COURSE0217,PROJ0217,Complete Week 4 objectives,15
RM1281,ROLE054,60-Day,5,Day 29-35,Learning Module 5,SK271,COURSE0271,PROJ0271,Complete Week 5 objectives,15
RM1282,ROLE054,60-Day,6,Day 36-42,Learning Module 6,SK046,COURSE0325,PROJ0325,Complete Week 6 objectives,15
RM1283,ROLE054,60-Day,7,Day 43-49,Learning Module 7,SK100,COURSE0379,PROJ0379,Complete Week 7 objectives,15
RM1284,ROLE054,60-Day,8,Day 50-56,Learning Module 8,SK154,COURSE0433,PROJ0033,Complete Week 8 objectives,15
RM1285,ROLE054,90-Day,1,Day 1-7,Learning Module 1,SK055,COURSE0055,PROJ0055,Complete Week 1 objectives,10
RM1286,ROLE054,90-Day,2,Day 8-14,Learning Module 2,SK109,COURSE0109,PROJ0109,Complete Week 2 objectives,10
RM1287,ROLE054,90-Day,3,Day 15-21,Learning Module 3,SK163,COURSE0163,PROJ0163,Complete Week 3 objectives,10
RM1288,ROLE054,90-Day,4,Day 22-28,Learning Module 4,SK217,COURSE0217,PROJ0217,Complete Week 4 objectives,10
RM1289,ROLE054,90-Day,5,Day 29-35,Learning Module 5,SK271,COURSE0271,PROJ0271,Complete Week 5 objectives,10
RM1290,ROLE054,90-Day,6,Day 36-42,Learning Module 6,SK046,COURSE0325,PROJ0325,Complete Week 6 objectives,10
RM1291,ROLE054,90-Day,7,Day 43-49,Learning Module 7,SK100,COURSE0379,PROJ0379,Complete Week 7 objectives,10
RM1292,ROLE054,90-Day,8,Day 50-56,Learning Module 8,SK154,COURSE0433,PROJ0033,Complete Week 8 objectives,10
RM1293,ROLE054,90-Day,9,Day 57-63,Learning Module 9,SK208,COURSE0487,PROJ0087,Complete Week 9 objectives,10
RM1294,ROLE054,90-Day,10,Day 64-70,Learning Module 10,SK262,COURSE0541,PROJ0141,Complete Week 10 objectives,10
RM1295,ROLE054,90-Day,11,Day 71-77,Learning Module 11,SK037,COURSE0037,PROJ0195,Complete Week 11 objectives,10
RM1296,ROLE054,90-Day,12,Day 78-84,Learning Module 12,SK091,COURSE0091,PROJ0249,Complete Week 12 objectives,10
RM1297,ROLE055,30-Day,1,Day 1-7,Learning Module 1,SK056,COURSE0056,PROJ0056,Complete Week 1 objectives,20
RM1298,ROLE055,30-Day,2,Day 8-14,Learning Module 2,SK111,COURSE0111,PROJ0111,Complete Week 2 objectives,20
RM1299,ROLE055,30-Day,3,Day 15-21,Learning Module 3,SK166,COURSE0166,PROJ0166,Complete Week 3 objectives,20
RM1300,ROLE055,30-Day,4,Day 22-28,Learning Module 4,SK221,COURSE0221,PROJ0221,Complete Week 4 objectives,20
RM1301,ROLE055,60-Day,1,Day 1-7,Learning Module 1,SK056,COURSE0056,PROJ0056,Complete Week 1 objectives,15
RM1302,ROLE055,60-Day,2,Day 8-14,Learning Module 2,SK111,COURSE0111,PROJ0111,Complete Week 2 objectives,15
RM1303,ROLE055,60-Day,3,Day 15-21,Learning Module 3,SK166,COURSE0166,PROJ0166,Complete Week 3 objectives,15
RM1304,ROLE055,60-Day,4,Day 22-28,Learning Module 4,SK221,COURSE0221,PROJ0221,Complete Week 4 objectives,15
RM1305,ROLE055,60-Day,5,Day 29-35,Learning Module 5,SK276,COURSE0276,PROJ0276,Complete Week 5 objectives,15
RM1306,ROLE055,60-Day,6,Day 36-42,Learning Module 6,SK052,COURSE0331,PROJ0331,Complete Week 6 objectives,15
RM1307,ROLE055,60-Day,7,Day 43-49,Learning Module 7,SK107,COURSE0386,PROJ0386,Complete Week 7 objectives,15
RM1308,ROLE055,60-Day,8,Day 50-56,Learning Module 8,SK162,COURSE0441,PROJ0041,Complete Week 8 objectives,15
RM1309,ROLE055,90-Day,1,Day 1-7,Learning Module 1,SK056,COURSE0056,PROJ0056,Complete Week 1 objectives,10
RM1310,ROLE055,90-Day,2,Day 8-14,Learning Module 2,SK111,COURSE0111,PROJ0111,Complete Week 2 objectives,10
RM1311,ROLE055,90-Day,3,Day 15-21,Learning Module 3,SK166,COURSE0166,PROJ0166,Complete Week 3 objectives,10
RM1312,ROLE055,90-Day,4,Day 22-28,Learning Module 4,SK221,COURSE0221,PROJ0221,Complete Week 4 objectives,10
RM1313,ROLE055,90-Day,5,Day 29-35,Learning Module 5,SK276,COURSE0276,PROJ0276,Complete Week 5 objectives,10
RM1314,ROLE055,90-Day,6,Day 36-42,Learning Module 6,SK052,COURSE0331,PROJ0331,Complete Week 6 objectives,10
RM1315,ROLE055,90-Day,7,Day 43-49,Learning Module 7,SK107,COURSE0386,PROJ0386,Complete Week 7 objectives,10
RM1316,ROLE055,90-Day,8,Day 50-56,Learning Module 8,SK162,COURSE0441,PROJ0041,Complete Week 8 objectives,10
RM1317,ROLE055,90-Day,9,Day 57-63,Learning Module 9,SK217,COURSE0496,PROJ0096,Complete Week 9 objectives,10
RM1318,ROLE055,90-Day,10,Day 64-70,Learning Module 10,SK272,COURSE0551,PROJ0151,Complete Week 10 objectives,10
RM1319,ROLE055,90-Day,11,Day 71-77,Learning Module 11,SK048,COURSE0048,PROJ0206,Complete Week 11 objectives,10
RM1320,ROLE055,90-Day,12,Day 78-84,Learning Module 12,SK103,COURSE0103,PROJ0261,Complete Week 12 objectives,10
RM1321,ROLE056,30-Day,1,Day 1-7,Learning Module 1,SK057,COURSE0057,PROJ0057,Complete Week 1 objectives,20
RM1322,ROLE056,30-Day,2,Day 8-14,Learning Module 2,SK113,COURSE0113,PROJ0113,Complete Week 2 objectives,20
RM1323,ROLE056,30-Day,3,Day 15-21,Learning Module 3,SK169,COURSE0169,PROJ0169,Complete Week 3 objectives,20
RM1324,ROLE056,30-Day,4,Day 22-28,Learning Module 4,SK225,COURSE0225,PROJ0225,Complete Week 4 objectives,20
RM1325,ROLE056,60-Day,1,Day 1-7,Learning Module 1,SK057,COURSE0057,PROJ0057,Complete Week 1 objectives,15
RM1326,ROLE056,60-Day,2,Day 8-14,Learning Module 2,SK113,COURSE0113,PROJ0113,Complete Week 2 objectives,15
RM1327,ROLE056,60-Day,3,Day 15-21,Learning Module 3,SK169,COURSE0169,PROJ0169,Complete Week 3 objectives,15
RM1328,ROLE056,60-Day,4,Day 22-28,Learning Module 4,SK225,COURSE0225,PROJ0225,Complete Week 4 objectives,15
RM1329,ROLE056,60-Day,5,Day 29-35,Learning Module 5,SK002,COURSE0281,PROJ0281,Complete Week 5 objectives,15
RM1330,ROLE056,60-Day,6,Day 36-42,Learning Module 6,SK058,COURSE0337,PROJ0337,Complete Week 6 objectives,15
RM1331,ROLE056,60-Day,7,Day 43-49,Learning Module 7,SK114,COURSE0393,PROJ0393,Complete Week 7 objectives,15
RM1332,ROLE056,60-Day,8,Day 50-56,Learning Module 8,SK170,COURSE0449,PROJ0049,Complete Week 8 objectives,15
RM1333,ROLE056,90-Day,1,Day 1-7,Learning Module 1,SK057,COURSE0057,PROJ0057,Complete Week 1 objectives,10
RM1334,ROLE056,90-Day,2,Day 8-14,Learning Module 2,SK113,COURSE0113,PROJ0113,Complete Week 2 objectives,10
RM1335,ROLE056,90-Day,3,Day 15-21,Learning Module 3,SK169,COURSE0169,PROJ0169,Complete Week 3 objectives,10
RM1336,ROLE056,90-Day,4,Day 22-28,Learning Module 4,SK225,COURSE0225,PROJ0225,Complete Week 4 objectives,10
RM1337,ROLE056,90-Day,5,Day 29-35,Learning Module 5,SK002,COURSE0281,PROJ0281,Complete Week 5 objectives,10
RM1338,ROLE056,90-Day,6,Day 36-42,Learning Module 6,SK058,COURSE0337,PROJ0337,Complete Week 6 objectives,10
RM1339,ROLE056,90-Day,7,Day 43-49,Learning Module 7,SK114,COURSE0393,PROJ0393,Complete Week 7 objectives,10
RM1340,ROLE056,90-Day,8,Day 50-56,Learning Module 8,SK170,COURSE0449,PROJ0049,Complete Week 8 objectives,10
RM1341,ROLE056,90-Day,9,Day 57-63,Learning Module 9,SK226,COURSE0505,PROJ0105,Complete Week 9 objectives,10
RM1342,ROLE056,90-Day,10,Day 64-70,Learning Module 10,SK003,COURSE0003,PROJ0161,Complete Week 10 objectives,10
RM1343,ROLE056,90-Day,11,Day 71-77,Learning Module 11,SK059,COURSE0059,PROJ0217,Complete Week 11 objectives,10
RM1344,ROLE056,90-Day,12,Day 78-84,Learning Module 12,SK115,COURSE0115,PROJ0273,Complete Week 12 objectives,10
RM1345,ROLE057,30-Day,1,Day 1-7,Learning Module 1,SK058,COURSE0058,PROJ0058,Complete Week 1 objectives,20
RM1346,ROLE057,30-Day,2,Day 8-14,Learning Module 2,SK115,COURSE0115,PROJ0115,Complete Week 2 objectives,20
RM1347,ROLE057,30-Day,3,Day 15-21,Learning Module 3,SK172,COURSE0172,PROJ0172,Complete Week 3 objectives,20
RM1348,ROLE057,30-Day,4,Day 22-28,Learning Module 4,SK229,COURSE0229,PROJ0229,Complete Week 4 objectives,20
RM1349,ROLE057,60-Day,1,Day 1-7,Learning Module 1,SK058,COURSE0058,PROJ0058,Complete Week 1 objectives,15
RM1350,ROLE057,60-Day,2,Day 8-14,Learning Module 2,SK115,COURSE0115,PROJ0115,Complete Week 2 objectives,15
RM1351,ROLE057,60-Day,3,Day 15-21,Learning Module 3,SK172,COURSE0172,PROJ0172,Complete Week 3 objectives,15
RM1352,ROLE057,60-Day,4,Day 22-28,Learning Module 4,SK229,COURSE0229,PROJ0229,Complete Week 4 objectives,15
RM1353,ROLE057,60-Day,5,Day 29-35,Learning Module 5,SK007,COURSE0286,PROJ0286,Complete Week 5 objectives,15
RM1354,ROLE057,60-Day,6,Day 36-42,Learning Module 6,SK064,COURSE0343,PROJ0343,Complete Week 6 objectives,15
RM1355,ROLE057,60-Day,7,Day 43-49,Learning Module 7,SK121,COURSE0400,PROJ0400,Complete Week 7 objectives,15
RM1356,ROLE057,60-Day,8,Day 50-56,Learning Module 8,SK178,COURSE0457,PROJ0057,Complete Week 8 objectives,15
RM1357,ROLE057,90-Day,1,Day 1-7,Learning Module 1,SK058,COURSE0058,PROJ0058,Complete Week 1 objectives,10
RM1358,ROLE057,90-Day,2,Day 8-14,Learning Module 2,SK115,COURSE0115,PROJ0115,Complete Week 2 objectives,10
RM1359,ROLE057,90-Day,3,Day 15-21,Learning Module 3,SK172,COURSE0172,PROJ0172,Complete Week 3 objectives,10
RM1360,ROLE057,90-Day,4,Day 22-28,Learning Module 4,SK229,COURSE0229,PROJ0229,Complete Week 4 objectives,10
RM1361,ROLE057,90-Day,5,Day 29-35,Learning Module 5,SK007,COURSE0286,PROJ0286,Complete Week 5 objectives,10
RM1362,ROLE057,90-Day,6,Day 36-42,Learning Module 6,SK064,COURSE0343,PROJ0343,Complete Week 6 objectives,10
RM1363,ROLE057,90-Day,7,Day 43-49,Learning Module 7,SK121,COURSE0400,PROJ0400,Complete Week 7 objectives,10
RM1364,ROLE057,90-Day,8,Day 50-56,Learning Module 8,SK178,COURSE0457,PROJ0057,Complete Week 8 objectives,10
RM1365,ROLE057,90-Day,9,Day 57-63,Learning Module 9,SK235,COURSE0514,PROJ0114,Complete Week 9 objectives,10
RM1366,ROLE057,90-Day,10,Day 64-70,Learning Module 10,SK013,COURSE0013,PROJ0171,Complete Week 10 objectives,10
RM1367,ROLE057,90-Day,11,Day 71-77,Learning Module 11,SK070,COURSE0070,PROJ0228,Complete Week 11 objectives,10
RM1368,ROLE057,90-Day,12,Day 78-84,Learning Module 12,SK127,COURSE0127,PROJ0285,Complete Week 12 objectives,10
RM1369,ROLE058,30-Day,1,Day 1-7,Learning Module 1,SK059,COURSE0059,PROJ0059,Complete Week 1 objectives,20
RM1370,ROLE058,30-Day,2,Day 8-14,Learning Module 2,SK117,COURSE0117,PROJ0117,Complete Week 2 objectives,20
RM1371,ROLE058,30-Day,3,Day 15-21,Learning Module 3,SK175,COURSE0175,PROJ0175,Complete Week 3 objectives,20
RM1372,ROLE058,30-Day,4,Day 22-28,Learning Module 4,SK233,COURSE0233,PROJ0233,Complete Week 4 objectives,20
RM1373,ROLE058,60-Day,1,Day 1-7,Learning Module 1,SK059,COURSE0059,PROJ0059,Complete Week 1 objectives,15
RM1374,ROLE058,60-Day,2,Day 8-14,Learning Module 2,SK117,COURSE0117,PROJ0117,Complete Week 2 objectives,15
RM1375,ROLE058,60-Day,3,Day 15-21,Learning Module 3,SK175,COURSE0175,PROJ0175,Complete Week 3 objectives,15
RM1376,ROLE058,60-Day,4,Day 22-28,Learning Module 4,SK233,COURSE0233,PROJ0233,Complete Week 4 objectives,15
RM1377,ROLE058,60-Day,5,Day 29-35,Learning Module 5,SK012,COURSE0291,PROJ0291,Complete Week 5 objectives,15
RM1378,ROLE058,60-Day,6,Day 36-42,Learning Module 6,SK070,COURSE0349,PROJ0349,Complete Week 6 objectives,15
RM1379,ROLE058,60-Day,7,Day 43-49,Learning Module 7,SK128,COURSE0407,PROJ0007,Complete Week 7 objectives,15
RM1380,ROLE058,60-Day,8,Day 50-56,Learning Module 8,SK186,COURSE0465,PROJ0065,Complete Week 8 objectives,15
RM1381,ROLE058,90-Day,1,Day 1-7,Learning Module 1,SK059,COURSE0059,PROJ0059,Complete Week 1 objectives,10
RM1382,ROLE058,90-Day,2,Day 8-14,Learning Module 2,SK117,COURSE0117,PROJ0117,Complete Week 2 objectives,10
RM1383,ROLE058,90-Day,3,Day 15-21,Learning Module 3,SK175,COURSE0175,PROJ0175,Complete Week 3 objectives,10
RM1384,ROLE058,90-Day,4,Day 22-28,Learning Module 4,SK233,COURSE0233,PROJ0233,Complete Week 4 objectives,10
RM1385,ROLE058,90-Day,5,Day 29-35,Learning Module 5,SK012,COURSE0291,PROJ0291,Complete Week 5 objectives,10
RM1386,ROLE058,90-Day,6,Day 36-42,Learning Module 6,SK070,COURSE0349,PROJ0349,Complete Week 6 objectives,10
RM1387,ROLE058,90-Day,7,Day 43-49,Learning Module 7,SK128,COURSE0407,PROJ0007,Complete Week 7 objectives,10
RM1388,ROLE058,90-Day,8,Day 50-56,Learning Module 8,SK186,COURSE0465,PROJ0065,Complete Week 8 objectives,10
RM1389,ROLE058,90-Day,9,Day 57-63,Learning Module 9,SK244,COURSE0523,PROJ0123,Complete Week 9 objectives,10
RM1390,ROLE058,90-Day,10,Day 64-70,Learning Module 10,SK023,COURSE0023,PROJ0181,Complete Week 10 objectives,10
RM1391,ROLE058,90-Day,11,Day 71-77,Learning Module 11,SK081,COURSE0081,PROJ0239,Complete Week 11 objectives,10
RM1392,ROLE058,90-Day,12,Day 78-84,Learning Module 12,SK139,COURSE0139,PROJ0297,Complete Week 12 objectives,10
RM1393,ROLE059,30-Day,1,Day 1-7,Learning Module 1,SK060,COURSE0060,PROJ0060,Complete Week 1 objectives,20
RM1394,ROLE059,30-Day,2,Day 8-14,Learning Module 2,SK119,COURSE0119,PROJ0119,Complete Week 2 objectives,20
RM1395,ROLE059,30-Day,3,Day 15-21,Learning Module 3,SK178,COURSE0178,PROJ0178,Complete Week 3 objectives,20
RM1396,ROLE059,30-Day,4,Day 22-28,Learning Module 4,SK237,COURSE0237,PROJ0237,Complete Week 4 objectives,20
RM1397,ROLE059,60-Day,1,Day 1-7,Learning Module 1,SK060,COURSE0060,PROJ0060,Complete Week 1 objectives,15
RM1398,ROLE059,60-Day,2,Day 8-14,Learning Module 2,SK119,COURSE0119,PROJ0119,Complete Week 2 objectives,15
RM1399,ROLE059,60-Day,3,Day 15-21,Learning Module 3,SK178,COURSE0178,PROJ0178,Complete Week 3 objectives,15
RM1400,ROLE059,60-Day,4,Day 22-28,Learning Module 4,SK237,COURSE0237,PROJ0237,Complete Week 4 objectives,15
RM1401,ROLE059,60-Day,5,Day 29-35,Learning Module 5,SK017,COURSE0296,PROJ0296,Complete Week 5 objectives,15
RM1402,ROLE059,60-Day,6,Day 36-42,Learning Module 6,SK076,COURSE0355,PROJ0355,Complete Week 6 objectives,15
RM1403,ROLE059,60-Day,7,Day 43-49,Learning Module 7,SK135,COURSE0414,PROJ0014,Complete Week 7 objectives,15
RM1404,ROLE059,60-Day,8,Day 50-56,Learning Module 8,SK194,COURSE0473,PROJ0073,Complete Week 8 objectives,15
RM1405,ROLE059,90-Day,1,Day 1-7,Learning Module 1,SK060,COURSE0060,PROJ0060,Complete Week 1 objectives,10
RM1406,ROLE059,90-Day,2,Day 8-14,Learning Module 2,SK119,COURSE0119,PROJ0119,Complete Week 2 objectives,10
RM1407,ROLE059,90-Day,3,Day 15-21,Learning Module 3,SK178,COURSE0178,PROJ0178,Complete Week 3 objectives,10
RM1408,ROLE059,90-Day,4,Day 22-28,Learning Module 4,SK237,COURSE0237,PROJ0237,Complete Week 4 objectives,10
RM1409,ROLE059,90-Day,5,Day 29-35,Learning Module 5,SK017,COURSE0296,PROJ0296,Complete Week 5 objectives,10
RM1410,ROLE059,90-Day,6,Day 36-42,Learning Module 6,SK076,COURSE0355,PROJ0355,Complete Week 6 objectives,10
RM1411,ROLE059,90-Day,7,Day 43-49,Learning Module 7,SK135,COURSE0414,PROJ0014,Complete Week 7 objectives,10
RM1412,ROLE059,90-Day,8,Day 50-56,Learning Module 8,SK194,COURSE0473,PROJ0073,Complete Week 8 objectives,10
RM1413,ROLE059,90-Day,9,Day 57-63,Learning Module 9,SK253,COURSE0532,PROJ0132,Complete Week 9 objectives,10
RM1414,ROLE059,90-Day,10,Day 64-70,Learning Module 10,SK033,COURSE0033,PROJ0191,Complete Week 10 objectives,10
RM1415,ROLE059,90-Day,11,Day 71-77,Learning Module 11,SK092,COURSE0092,PROJ0250,Complete Week 11 objectives,10
RM1416,ROLE059,90-Day,12,Day 78-84,Learning Module 12,SK151,COURSE0151,PROJ0309,Complete Week 12 objectives,10
RM1417,ROLE060,30-Day,1,Day 1-7,Learning Module 1,SK061,COURSE0061,PROJ0061,Complete Week 1 objectives,20
RM1418,ROLE060,30-Day,2,Day 8-14,Learning Module 2,SK121,COURSE0121,PROJ0121,Complete Week 2 objectives,20
RM1419,ROLE060,30-Day,3,Day 15-21,Learning Module 3,SK181,COURSE0181,PROJ0181,Complete Week 3 objectives,20
RM1420,ROLE060,30-Day,4,Day 22-28,Learning Module 4,SK241,COURSE0241,PROJ0241,Complete Week 4 objectives,20
RM1421,ROLE060,60-Day,1,Day 1-7,Learning Module 1,SK061,COURSE0061,PROJ0061,Complete Week 1 objectives,15
RM1422,ROLE060,60-Day,2,Day 8-14,Learning Module 2,SK121,COURSE0121,PROJ0121,Complete Week 2 objectives,15
RM1423,ROLE060,60-Day,3,Day 15-21,Learning Module 3,SK181,COURSE0181,PROJ0181,Complete Week 3 objectives,15
RM1424,ROLE060,60-Day,4,Day 22-28,Learning Module 4,SK241,COURSE0241,PROJ0241,Complete Week 4 objectives,15
RM1425,ROLE060,60-Day,5,Day 29-35,Learning Module 5,SK022,COURSE0301,PROJ0301,Complete Week 5 objectives,15
RM1426,ROLE060,60-Day,6,Day 36-42,Learning Module 6,SK082,COURSE0361,PROJ0361,Complete Week 6 objectives,15
RM1427,ROLE060,60-Day,7,Day 43-49,Learning Module 7,SK142,COURSE0421,PROJ0021,Complete Week 7 objectives,15
RM1428,ROLE060,60-Day,8,Day 50-56,Learning Module 8,SK202,COURSE0481,PROJ0081,Complete Week 8 objectives,15
RM1429,ROLE060,90-Day,1,Day 1-7,Learning Module 1,SK061,COURSE0061,PROJ0061,Complete Week 1 objectives,10
RM1430,ROLE060,90-Day,2,Day 8-14,Learning Module 2,SK121,COURSE0121,PROJ0121,Complete Week 2 objectives,10
RM1431,ROLE060,90-Day,3,Day 15-21,Learning Module 3,SK181,COURSE0181,PROJ0181,Complete Week 3 objectives,10
RM1432,ROLE060,90-Day,4,Day 22-28,Learning Module 4,SK241,COURSE0241,PROJ0241,Complete Week 4 objectives,10
RM1433,ROLE060,90-Day,5,Day 29-35,Learning Module 5,SK022,COURSE0301,PROJ0301,Complete Week 5 objectives,10
RM1434,ROLE060,90-Day,6,Day 36-42,Learning Module 6,SK082,COURSE0361,PROJ0361,Complete Week 6 objectives,10
RM1435,ROLE060,90-Day,7,Day 43-49,Learning Module 7,SK142,COURSE0421,PROJ0021,Complete Week 7 objectives,10
RM1436,ROLE060,90-Day,8,Day 50-56,Learning Module 8,SK202,COURSE0481,PROJ0081,Complete Week 8 objectives,10
RM1437,ROLE060,90-Day,9,Day 57-63,Learning Module 9,SK262,COURSE0541,PROJ0141,Complete Week 9 objectives,10
RM1438,ROLE060,90-Day,10,Day 64-70,Learning Module 10,SK043,COURSE0043,PROJ0201,Complete Week 10 objectives,10
RM1439,ROLE060,90-Day,11,Day 71-77,Learning Module 11,SK103,COURSE0103,PROJ0261,Complete Week 11 objectives,10
RM1440,ROLE060,90-Day,12,Day 78-84,Learning Module 12,SK163,COURSE0163,PROJ0321,Complete Week 12 objectives,10
